diff,group,variable,ACCESS-OM2_01deg_jra55v13_ryf9091/ocean/input.nml,ACCESS-OM2_release-01deg_jra55_ryf/ocean/input.nml
,"=HYPERLINK(""https://github.com/mom-ocean/MOM5/search?q=auscom_ice_nml"", ""&auscom_ice_nml"")","=HYPERLINK(""https://github.com/mom-ocean/MOM5/search?q=aice_cutoff"", ""aice_cutoff"")",0.15,0.15
,"=HYPERLINK(""https://github.com/mom-ocean/MOM5/search?q=auscom_ice_nml"", ""&auscom_ice_nml"")","=HYPERLINK(""https://github.com/mom-ocean/MOM5/search?q=chk_i2o_fields"", ""chk_i2o_fields"")",False,False
,"=HYPERLINK(""https://github.com/mom-ocean/MOM5/search?q=auscom_ice_nml"", ""&auscom_ice_nml"")","=HYPERLINK(""https://github.com/mom-ocean/MOM5/search?q=chk_o2i_fields"", ""chk_o2i_fields"")",False,False
,"=HYPERLINK(""https://github.com/mom-ocean/MOM5/search?q=auscom_ice_nml"", ""&auscom_ice_nml"")","=HYPERLINK(""https://github.com/mom-ocean/MOM5/search?q=do_ice_once"", ""do_ice_once"")",False,False
,"=HYPERLINK(""https://github.com/mom-ocean/MOM5/search?q=auscom_ice_nml"", ""&auscom_ice_nml"")","=HYPERLINK(""https://github.com/mom-ocean/MOM5/search?q=fixmeltt"", ""fixmeltt"")",False,False
,"=HYPERLINK(""https://github.com/mom-ocean/MOM5/search?q=auscom_ice_nml"", ""&auscom_ice_nml"")","=HYPERLINK(""https://github.com/mom-ocean/MOM5/search?q=frazil_factor"", ""frazil_factor"")",1.0,1.0
,"=HYPERLINK(""https://github.com/mom-ocean/MOM5/search?q=auscom_ice_nml"", ""&auscom_ice_nml"")","=HYPERLINK(""https://github.com/mom-ocean/MOM5/search?q=iceform_adj_salt"", ""iceform_adj_salt"")",False,False
,"=HYPERLINK(""https://github.com/mom-ocean/MOM5/search?q=auscom_ice_nml"", ""&auscom_ice_nml"")","=HYPERLINK(""https://github.com/mom-ocean/MOM5/search?q=icemlt_factor"", ""icemlt_factor"")",1.0,1.0
,"=HYPERLINK(""https://github.com/mom-ocean/MOM5/search?q=auscom_ice_nml"", ""&auscom_ice_nml"")","=HYPERLINK(""https://github.com/mom-ocean/MOM5/search?q=kmxice"", ""kmxice"")",5,5
,"=HYPERLINK(""https://github.com/mom-ocean/MOM5/search?q=auscom_ice_nml"", ""&auscom_ice_nml"")","=HYPERLINK(""https://github.com/mom-ocean/MOM5/search?q=pop_icediag"", ""pop_icediag"")",True,True
,"=HYPERLINK(""https://github.com/mom-ocean/MOM5/search?q=auscom_ice_nml"", ""&auscom_ice_nml"")","=HYPERLINK(""https://github.com/mom-ocean/MOM5/search?q=sign_stflx"", ""sign_stflx"")",1.0,1.0
,"=HYPERLINK(""https://github.com/mom-ocean/MOM5/search?q=auscom_ice_nml"", ""&auscom_ice_nml"")","=HYPERLINK(""https://github.com/mom-ocean/MOM5/search?q=tmelt"", ""tmelt"")",-0.216,-0.216
,"=HYPERLINK(""https://github.com/mom-ocean/MOM5/search?q=auscom_ice_nml"", ""&auscom_ice_nml"")","=HYPERLINK(""https://github.com/mom-ocean/MOM5/search?q=use_ioaice"", ""use_ioaice"")",True,True
,"=HYPERLINK(""https://github.com/mom-ocean/MOM5/search?q=diag_manager_nml"", ""&diag_manager_nml"")","=HYPERLINK(""https://github.com/mom-ocean/MOM5/search?q=debug_diag_manager"", ""debug_diag_manager"")",False,False
,"=HYPERLINK(""https://github.com/mom-ocean/MOM5/search?q=diag_manager_nml"", ""&diag_manager_nml"")","=HYPERLINK(""https://github.com/mom-ocean/MOM5/search?q=issue_oor_warnings"", ""issue_oor_warnings"")",True,True
*,"=HYPERLINK(""https://github.com/mom-ocean/MOM5/search?q=diag_manager_nml"", ""&diag_manager_nml"")","=HYPERLINK(""https://github.com/mom-ocean/MOM5/search?q=max_axes"", ""max_axes"")",,400
*,"=HYPERLINK(""https://github.com/mom-ocean/MOM5/search?q=diag_manager_nml"", ""&diag_manager_nml"")","=HYPERLINK(""https://github.com/mom-ocean/MOM5/search?q=max_files"", ""max_files"")",,200
*,"=HYPERLINK(""https://github.com/mom-ocean/MOM5/search?q=diag_manager_nml"", ""&diag_manager_nml"")","=HYPERLINK(""https://github.com/mom-ocean/MOM5/search?q=max_num_axis_sets"", ""max_num_axis_sets"")",,200
,"=HYPERLINK(""https://github.com/mom-ocean/MOM5/search?q=fms_io_nml"", ""&fms_io_nml"")","=HYPERLINK(""https://github.com/mom-ocean/MOM5/search?q=checksum_required"", ""checksum_required"")",False,False
,"=HYPERLINK(""https://github.com/mom-ocean/MOM5/search?q=fms_io_nml"", ""&fms_io_nml"")","=HYPERLINK(""https://github.com/mom-ocean/MOM5/search?q=fileset_write"", ""fileset_write"")",multi,multi
,"=HYPERLINK(""https://github.com/mom-ocean/MOM5/search?q=fms_io_nml"", ""&fms_io_nml"")","=HYPERLINK(""https://github.com/mom-ocean/MOM5/search?q=threading_read"", ""threading_read"")",multi,multi
,"=HYPERLINK(""https://github.com/mom-ocean/MOM5/search?q=fms_io_nml"", ""&fms_io_nml"")","=HYPERLINK(""https://github.com/mom-ocean/MOM5/search?q=threading_write"", ""threading_write"")",multi,multi
,"=HYPERLINK(""https://github.com/mom-ocean/MOM5/search?q=fms_nml"", ""&fms_nml"")","=HYPERLINK(""https://github.com/mom-ocean/MOM5/search?q=clock_grain"", ""clock_grain"")",ROUTINE,ROUTINE
,"=HYPERLINK(""https://github.com/mom-ocean/MOM5/search?q=fms_nml"", ""&fms_nml"")","=HYPERLINK(""https://github.com/mom-ocean/MOM5/search?q=domains_stack_size"", ""domains_stack_size"")",115200,115200
*,"=HYPERLINK(""https://github.com/mom-ocean/MOM5/search?q=mom_oasis3_interface_nml"", ""&mom_oasis3_interface_nml"")","=HYPERLINK(""https://github.com/mom-ocean/MOM5/search?q=fields_in"", ""fields_in"")","['u_flux', 'v_flux', 'lprec', 'fprec', 'salt_flx', 'mh_flux', 'sw_flux', 'q_flux', 't_flux', 'lw_flux', 'runof', 'p', 'aice', 'wfimelt', 'wfiform']","['u_flux', 'v_flux', 'lprec', 'fprec', 'salt_flx', 'mh_flux', 'sw_flux', 'q_flux', 't_flux', 'lw_flux', 'runof', 'p', 'aice', 'wfimelt', 'wfiform', 'licefw', 'liceht']"
,"=HYPERLINK(""https://github.com/mom-ocean/MOM5/search?q=mom_oasis3_interface_nml"", ""&mom_oasis3_interface_nml"")","=HYPERLINK(""https://github.com/mom-ocean/MOM5/search?q=fields_out"", ""fields_out"")","['t_surf', 's_surf', 'u_surf', 'v_surf', 'dssldx', 'dssldy', 'frazil']","['t_surf', 's_surf', 'u_surf', 'v_surf', 'dssldx', 'dssldy', 'frazil']"
*,"=HYPERLINK(""https://github.com/mom-ocean/MOM5/search?q=mom_oasis3_interface_nml"", ""&mom_oasis3_interface_nml"")","=HYPERLINK(""https://github.com/mom-ocean/MOM5/search?q=num_fields_in"", ""num_fields_in"")",15,17
,"=HYPERLINK(""https://github.com/mom-ocean/MOM5/search?q=mom_oasis3_interface_nml"", ""&mom_oasis3_interface_nml"")","=HYPERLINK(""https://github.com/mom-ocean/MOM5/search?q=num_fields_out"", ""num_fields_out"")",7,7
,"=HYPERLINK(""https://github.com/mom-ocean/MOM5/search?q=mom_oasis3_interface_nml"", ""&mom_oasis3_interface_nml"")","=HYPERLINK(""https://github.com/mom-ocean/MOM5/search?q=send_after_ocean_update"", ""send_after_ocean_update"")",True,True
,"=HYPERLINK(""https://github.com/mom-ocean/MOM5/search?q=mom_oasis3_interface_nml"", ""&mom_oasis3_interface_nml"")","=HYPERLINK(""https://github.com/mom-ocean/MOM5/search?q=send_before_ocean_update"", ""send_before_ocean_update"")",False,False
*,"=HYPERLINK(""https://github.com/mom-ocean/MOM5/search?q=monin_obukhov_nml"", ""&monin_obukhov_nml"")","=HYPERLINK(""https://github.com/mom-ocean/MOM5/search?q=neutral"", ""neutral"")",True,
,"=HYPERLINK(""https://github.com/mom-ocean/MOM5/search?q=mpp_io_nml"", ""&mpp_io_nml"")","=HYPERLINK(""https://github.com/mom-ocean/MOM5/search?q=deflate_level"", ""deflate_level"")",5,5
,"=HYPERLINK(""https://github.com/mom-ocean/MOM5/search?q=mpp_io_nml"", ""&mpp_io_nml"")","=HYPERLINK(""https://github.com/mom-ocean/MOM5/search?q=shuffle"", ""shuffle"")",1,1
,"=HYPERLINK(""https://github.com/mom-ocean/MOM5/search?q=ocean_adv_vel_diag_nml"", ""&ocean_adv_vel_diag_nml"")","=HYPERLINK(""https://github.com/mom-ocean/MOM5/search?q=diag_step"", ""diag_step"")",576,576
,"=HYPERLINK(""https://github.com/mom-ocean/MOM5/search?q=ocean_adv_vel_diag_nml"", ""&ocean_adv_vel_diag_nml"")","=HYPERLINK(""https://github.com/mom-ocean/MOM5/search?q=large_cfl_value"", ""large_cfl_value"")",10.0,10.0
,"=HYPERLINK(""https://github.com/mom-ocean/MOM5/search?q=ocean_adv_vel_diag_nml"", ""&ocean_adv_vel_diag_nml"")","=HYPERLINK(""https://github.com/mom-ocean/MOM5/search?q=max_cfl_value"", ""max_cfl_value"")",100.0,100.0
,"=HYPERLINK(""https://github.com/mom-ocean/MOM5/search?q=ocean_adv_vel_diag_nml"", ""&ocean_adv_vel_diag_nml"")","=HYPERLINK(""https://github.com/mom-ocean/MOM5/search?q=verbose_cfl"", ""verbose_cfl"")",True,True
*,"=HYPERLINK(""https://github.com/mom-ocean/MOM5/search?q=ocean_advection_velocity_nml"", ""&ocean_advection_velocity_nml"")","=HYPERLINK(""https://github.com/mom-ocean/MOM5/search?q=max_advection_velocity"", ""max_advection_velocity"")",0.2,0.3
*,"=HYPERLINK(""https://github.com/mom-ocean/MOM5/search?q=ocean_albedo_nml"", ""&ocean_albedo_nml"")","=HYPERLINK(""https://github.com/mom-ocean/MOM5/search?q=ocean_albedo_option"", ""ocean_albedo_option"")",2,
,"=HYPERLINK(""https://github.com/mom-ocean/MOM5/search?q=ocean_barotropic_nml"", ""&ocean_barotropic_nml"")","=HYPERLINK(""https://github.com/mom-ocean/MOM5/search?q=barotropic_halo"", ""barotropic_halo"")",10,10
,"=HYPERLINK(""https://github.com/mom-ocean/MOM5/search?q=ocean_barotropic_nml"", ""&ocean_barotropic_nml"")","=HYPERLINK(""https://github.com/mom-ocean/MOM5/search?q=barotropic_time_stepping_a"", ""barotropic_time_stepping_a"")",True,True
,"=HYPERLINK(""https://github.com/mom-ocean/MOM5/search?q=ocean_barotropic_nml"", ""&ocean_barotropic_nml"")","=HYPERLINK(""https://github.com/mom-ocean/MOM5/search?q=barotropic_time_stepping_b"", ""barotropic_time_stepping_b"")",False,False
*,"=HYPERLINK(""https://github.com/mom-ocean/MOM5/search?q=ocean_barotropic_nml"", ""&ocean_barotropic_nml"")","=HYPERLINK(""https://github.com/mom-ocean/MOM5/search?q=debug_this_module"", ""debug_this_module"")",False,
,"=HYPERLINK(""https://github.com/mom-ocean/MOM5/search?q=ocean_barotropic_nml"", ""&ocean_barotropic_nml"")","=HYPERLINK(""https://github.com/mom-ocean/MOM5/search?q=diag_step"", ""diag_step"")",576,576
,"=HYPERLINK(""https://github.com/mom-ocean/MOM5/search?q=ocean_barotropic_nml"", ""&ocean_barotropic_nml"")","=HYPERLINK(""https://github.com/mom-ocean/MOM5/search?q=eta_max"", ""eta_max"")",8.0,8.0
,"=HYPERLINK(""https://github.com/mom-ocean/MOM5/search?q=ocean_barotropic_nml"", ""&ocean_barotropic_nml"")","=HYPERLINK(""https://github.com/mom-ocean/MOM5/search?q=frac_crit_cell_height"", ""frac_crit_cell_height"")",0.2,0.2
,"=HYPERLINK(""https://github.com/mom-ocean/MOM5/search?q=ocean_barotropic_nml"", ""&ocean_barotropic_nml"")","=HYPERLINK(""https://github.com/mom-ocean/MOM5/search?q=pred_corr_gamma"", ""pred_corr_gamma"")",0.2,0.2
,"=HYPERLINK(""https://github.com/mom-ocean/MOM5/search?q=ocean_barotropic_nml"", ""&ocean_barotropic_nml"")","=HYPERLINK(""https://github.com/mom-ocean/MOM5/search?q=smooth_eta_diag_laplacian"", ""smooth_eta_diag_laplacian"")",True,True
,"=HYPERLINK(""https://github.com/mom-ocean/MOM5/search?q=ocean_barotropic_nml"", ""&ocean_barotropic_nml"")","=HYPERLINK(""https://github.com/mom-ocean/MOM5/search?q=smooth_eta_t_biharmonic"", ""smooth_eta_t_biharmonic"")",False,False
,"=HYPERLINK(""https://github.com/mom-ocean/MOM5/search?q=ocean_barotropic_nml"", ""&ocean_barotropic_nml"")","=HYPERLINK(""https://github.com/mom-ocean/MOM5/search?q=smooth_eta_t_laplacian"", ""smooth_eta_t_laplacian"")",True,True
,"=HYPERLINK(""https://github.com/mom-ocean/MOM5/search?q=ocean_barotropic_nml"", ""&ocean_barotropic_nml"")","=HYPERLINK(""https://github.com/mom-ocean/MOM5/search?q=smooth_pbot_t_biharmonic"", ""smooth_pbot_t_biharmonic"")",False,False
,"=HYPERLINK(""https://github.com/mom-ocean/MOM5/search?q=ocean_barotropic_nml"", ""&ocean_barotropic_nml"")","=HYPERLINK(""https://github.com/mom-ocean/MOM5/search?q=smooth_pbot_t_laplacian"", ""smooth_pbot_t_laplacian"")",True,True
,"=HYPERLINK(""https://github.com/mom-ocean/MOM5/search?q=ocean_barotropic_nml"", ""&ocean_barotropic_nml"")","=HYPERLINK(""https://github.com/mom-ocean/MOM5/search?q=truncate_eta"", ""truncate_eta"")",False,False
,"=HYPERLINK(""https://github.com/mom-ocean/MOM5/search?q=ocean_barotropic_nml"", ""&ocean_barotropic_nml"")","=HYPERLINK(""https://github.com/mom-ocean/MOM5/search?q=use_legacy_barotropic_halos"", ""use_legacy_barotropic_halos"")",False,False
,"=HYPERLINK(""https://github.com/mom-ocean/MOM5/search?q=ocean_barotropic_nml"", ""&ocean_barotropic_nml"")","=HYPERLINK(""https://github.com/mom-ocean/MOM5/search?q=vel_micom_bih"", ""vel_micom_bih"")",0.01,0.01
,"=HYPERLINK(""https://github.com/mom-ocean/MOM5/search?q=ocean_barotropic_nml"", ""&ocean_barotropic_nml"")","=HYPERLINK(""https://github.com/mom-ocean/MOM5/search?q=vel_micom_lap"", ""vel_micom_lap"")",0.05,0.05
,"=HYPERLINK(""https://github.com/mom-ocean/MOM5/search?q=ocean_barotropic_nml"", ""&ocean_barotropic_nml"")","=HYPERLINK(""https://github.com/mom-ocean/MOM5/search?q=vel_micom_lap_diag"", ""vel_micom_lap_diag"")",0.2,0.2
,"=HYPERLINK(""https://github.com/mom-ocean/MOM5/search?q=ocean_barotropic_nml"", ""&ocean_barotropic_nml"")","=HYPERLINK(""https://github.com/mom-ocean/MOM5/search?q=verbose_truncate"", ""verbose_truncate"")",True,True
,"=HYPERLINK(""https://github.com/mom-ocean/MOM5/search?q=ocean_barotropic_nml"", ""&ocean_barotropic_nml"")","=HYPERLINK(""https://github.com/mom-ocean/MOM5/search?q=zero_tendency"", ""zero_tendency"")",False,False
,"=HYPERLINK(""https://github.com/mom-ocean/MOM5/search?q=ocean_bbc_nml"", ""&ocean_bbc_nml"")","=HYPERLINK(""https://github.com/mom-ocean/MOM5/search?q=bmf_implicit"", ""bmf_implicit"")",True,True
*,"=HYPERLINK(""https://github.com/mom-ocean/MOM5/search?q=ocean_bbc_nml"", ""&ocean_bbc_nml"")","=HYPERLINK(""https://github.com/mom-ocean/MOM5/search?q=cdbot"", ""cdbot"")",0.001,
,"=HYPERLINK(""https://github.com/mom-ocean/MOM5/search?q=ocean_bbc_nml"", ""&ocean_bbc_nml"")","=HYPERLINK(""https://github.com/mom-ocean/MOM5/search?q=cdbot_hi"", ""cdbot_hi"")",0.007,0.007
*,"=HYPERLINK(""https://github.com/mom-ocean/MOM5/search?q=ocean_bbc_nml"", ""&ocean_bbc_nml"")","=HYPERLINK(""https://github.com/mom-ocean/MOM5/search?q=cdbot_roughness_length"", ""cdbot_roughness_length"")",False,
,"=HYPERLINK(""https://github.com/mom-ocean/MOM5/search?q=ocean_bbc_nml"", ""&ocean_bbc_nml"")","=HYPERLINK(""https://github.com/mom-ocean/MOM5/search?q=cdbot_roughness_uamp"", ""cdbot_roughness_uamp"")",True,True
,"=HYPERLINK(""https://github.com/mom-ocean/MOM5/search?q=ocean_bbc_nml"", ""&ocean_bbc_nml"")","=HYPERLINK(""https://github.com/mom-ocean/MOM5/search?q=uresidual"", ""uresidual"")",0.05,0.05
*,"=HYPERLINK(""https://github.com/mom-ocean/MOM5/search?q=ocean_bbc_nml"", ""&ocean_bbc_nml"")","=HYPERLINK(""https://github.com/mom-ocean/MOM5/search?q=use_geothermal_heating"", ""use_geothermal_heating"")",False,
,"=HYPERLINK(""https://github.com/mom-ocean/MOM5/search?q=ocean_bih_friction_nml"", ""&ocean_bih_friction_nml"")","=HYPERLINK(""https://github.com/mom-ocean/MOM5/search?q=bih_friction_scheme"", ""bih_friction_scheme"")",general,general
,"=HYPERLINK(""https://github.com/mom-ocean/MOM5/search?q=ocean_bih_tracer_nml"", ""&ocean_bih_tracer_nml"")","=HYPERLINK(""https://github.com/mom-ocean/MOM5/search?q=use_this_module"", ""use_this_module"")",False,False
,"=HYPERLINK(""https://github.com/mom-ocean/MOM5/search?q=ocean_bihcst_friction_nml"", ""&ocean_bihcst_friction_nml"")","=HYPERLINK(""https://github.com/mom-ocean/MOM5/search?q=use_this_module"", ""use_this_module"")",False,False
,"=HYPERLINK(""https://github.com/mom-ocean/MOM5/search?q=ocean_bihgen_friction_nml"", ""&ocean_bihgen_friction_nml"")","=HYPERLINK(""https://github.com/mom-ocean/MOM5/search?q=bottom_5point"", ""bottom_5point"")",False,False
,"=HYPERLINK(""https://github.com/mom-ocean/MOM5/search?q=ocean_bihgen_friction_nml"", ""&ocean_bihgen_friction_nml"")","=HYPERLINK(""https://github.com/mom-ocean/MOM5/search?q=eq_lat_micom"", ""eq_lat_micom"")",0.0,0.0
,"=HYPERLINK(""https://github.com/mom-ocean/MOM5/search?q=ocean_bihgen_friction_nml"", ""&ocean_bihgen_friction_nml"")","=HYPERLINK(""https://github.com/mom-ocean/MOM5/search?q=eq_vel_micom_aniso"", ""eq_vel_micom_aniso"")",0.0,0.0
,"=HYPERLINK(""https://github.com/mom-ocean/MOM5/search?q=ocean_bihgen_friction_nml"", ""&ocean_bihgen_friction_nml"")","=HYPERLINK(""https://github.com/mom-ocean/MOM5/search?q=eq_vel_micom_iso"", ""eq_vel_micom_iso"")",0.0,0.0
,"=HYPERLINK(""https://github.com/mom-ocean/MOM5/search?q=ocean_bihgen_friction_nml"", ""&ocean_bihgen_friction_nml"")","=HYPERLINK(""https://github.com/mom-ocean/MOM5/search?q=equatorial_zonal"", ""equatorial_zonal"")",False,False
,"=HYPERLINK(""https://github.com/mom-ocean/MOM5/search?q=ocean_bihgen_friction_nml"", ""&ocean_bihgen_friction_nml"")","=HYPERLINK(""https://github.com/mom-ocean/MOM5/search?q=k_smag_aniso"", ""k_smag_aniso"")",0.0,0.0
,"=HYPERLINK(""https://github.com/mom-ocean/MOM5/search?q=ocean_bihgen_friction_nml"", ""&ocean_bihgen_friction_nml"")","=HYPERLINK(""https://github.com/mom-ocean/MOM5/search?q=k_smag_iso"", ""k_smag_iso"")",2.0,2.0
*,"=HYPERLINK(""https://github.com/mom-ocean/MOM5/search?q=ocean_bihgen_friction_nml"", ""&ocean_bihgen_friction_nml"")","=HYPERLINK(""https://github.com/mom-ocean/MOM5/search?q=ncar_boundary_scaling"", ""ncar_boundary_scaling"")",True,False
,"=HYPERLINK(""https://github.com/mom-ocean/MOM5/search?q=ocean_bihgen_friction_nml"", ""&ocean_bihgen_friction_nml"")","=HYPERLINK(""https://github.com/mom-ocean/MOM5/search?q=ncar_boundary_scaling_read"", ""ncar_boundary_scaling_read"")",False,False
,"=HYPERLINK(""https://github.com/mom-ocean/MOM5/search?q=ocean_bihgen_friction_nml"", ""&ocean_bihgen_friction_nml"")","=HYPERLINK(""https://github.com/mom-ocean/MOM5/search?q=ncar_rescale_power"", ""ncar_rescale_power"")",2,2
,"=HYPERLINK(""https://github.com/mom-ocean/MOM5/search?q=ocean_bihgen_friction_nml"", ""&ocean_bihgen_friction_nml"")","=HYPERLINK(""https://github.com/mom-ocean/MOM5/search?q=ncar_vconst_4"", ""ncar_vconst_4"")",2e-08,2e-08
,"=HYPERLINK(""https://github.com/mom-ocean/MOM5/search?q=ocean_bihgen_friction_nml"", ""&ocean_bihgen_friction_nml"")","=HYPERLINK(""https://github.com/mom-ocean/MOM5/search?q=ncar_vconst_5"", ""ncar_vconst_5"")",5,5
,"=HYPERLINK(""https://github.com/mom-ocean/MOM5/search?q=ocean_bihgen_friction_nml"", ""&ocean_bihgen_friction_nml"")","=HYPERLINK(""https://github.com/mom-ocean/MOM5/search?q=use_this_module"", ""use_this_module"")",True,True
,"=HYPERLINK(""https://github.com/mom-ocean/MOM5/search?q=ocean_bihgen_friction_nml"", ""&ocean_bihgen_friction_nml"")","=HYPERLINK(""https://github.com/mom-ocean/MOM5/search?q=vel_micom_aniso"", ""vel_micom_aniso"")",0.0,0.0
,"=HYPERLINK(""https://github.com/mom-ocean/MOM5/search?q=ocean_bihgen_friction_nml"", ""&ocean_bihgen_friction_nml"")","=HYPERLINK(""https://github.com/mom-ocean/MOM5/search?q=vel_micom_bottom"", ""vel_micom_bottom"")",0.0,0.0
,"=HYPERLINK(""https://github.com/mom-ocean/MOM5/search?q=ocean_bihgen_friction_nml"", ""&ocean_bihgen_friction_nml"")","=HYPERLINK(""https://github.com/mom-ocean/MOM5/search?q=vel_micom_iso"", ""vel_micom_iso"")",0.0,0.0
,"=HYPERLINK(""https://github.com/mom-ocean/MOM5/search?q=ocean_bihgen_friction_nml"", ""&ocean_bihgen_friction_nml"")","=HYPERLINK(""https://github.com/mom-ocean/MOM5/search?q=visc_crit_scale"", ""visc_crit_scale"")",1.0,1.0
,"=HYPERLINK(""https://github.com/mom-ocean/MOM5/search?q=ocean_convect_nml"", ""&ocean_convect_nml"")","=HYPERLINK(""https://github.com/mom-ocean/MOM5/search?q=use_this_module"", ""use_this_module"")",False,False
,"=HYPERLINK(""https://github.com/mom-ocean/MOM5/search?q=ocean_coriolis_nml"", ""&ocean_coriolis_nml"")","=HYPERLINK(""https://github.com/mom-ocean/MOM5/search?q=acor"", ""acor"")",0.5,0.5
,"=HYPERLINK(""https://github.com/mom-ocean/MOM5/search?q=ocean_coriolis_nml"", ""&ocean_coriolis_nml"")","=HYPERLINK(""https://github.com/mom-ocean/MOM5/search?q=use_this_module"", ""use_this_module"")",True,True
,"=HYPERLINK(""https://github.com/mom-ocean/MOM5/search?q=ocean_density_nml"", ""&ocean_density_nml"")","=HYPERLINK(""https://github.com/mom-ocean/MOM5/search?q=eos_linear"", ""eos_linear"")",False,False
,"=HYPERLINK(""https://github.com/mom-ocean/MOM5/search?q=ocean_density_nml"", ""&ocean_density_nml"")","=HYPERLINK(""https://github.com/mom-ocean/MOM5/search?q=eos_preteos10"", ""eos_preteos10"")",True,True
,"=HYPERLINK(""https://github.com/mom-ocean/MOM5/search?q=ocean_density_nml"", ""&ocean_density_nml"")","=HYPERLINK(""https://github.com/mom-ocean/MOM5/search?q=layer_nk"", ""layer_nk"")",80,80
,"=HYPERLINK(""https://github.com/mom-ocean/MOM5/search?q=ocean_density_nml"", ""&ocean_density_nml"")","=HYPERLINK(""https://github.com/mom-ocean/MOM5/search?q=neutralrho_max"", ""neutralrho_max"")",1038.0,1038.0
,"=HYPERLINK(""https://github.com/mom-ocean/MOM5/search?q=ocean_density_nml"", ""&ocean_density_nml"")","=HYPERLINK(""https://github.com/mom-ocean/MOM5/search?q=neutralrho_min"", ""neutralrho_min"")",1028.0,1028.0
,"=HYPERLINK(""https://github.com/mom-ocean/MOM5/search?q=ocean_density_nml"", ""&ocean_density_nml"")","=HYPERLINK(""https://github.com/mom-ocean/MOM5/search?q=potrho_max"", ""potrho_max"")",1038.0,1038.0
,"=HYPERLINK(""https://github.com/mom-ocean/MOM5/search?q=ocean_density_nml"", ""&ocean_density_nml"")","=HYPERLINK(""https://github.com/mom-ocean/MOM5/search?q=potrho_min"", ""potrho_min"")",1028.0,1028.0
,"=HYPERLINK(""https://github.com/mom-ocean/MOM5/search?q=ocean_domains_nml"", ""&ocean_domains_nml"")","=HYPERLINK(""https://github.com/mom-ocean/MOM5/search?q=max_tracers"", ""max_tracers"")",5,5
,"=HYPERLINK(""https://github.com/mom-ocean/MOM5/search?q=ocean_form_drag_nml"", ""&ocean_form_drag_nml"")","=HYPERLINK(""https://github.com/mom-ocean/MOM5/search?q=use_this_module"", ""use_this_module"")",False,False
*,"=HYPERLINK(""https://github.com/mom-ocean/MOM5/search?q=ocean_frazil_nml"", ""&ocean_frazil_nml"")","=HYPERLINK(""https://github.com/mom-ocean/MOM5/search?q=debug_this_module"", ""debug_this_module"")",False,
,"=HYPERLINK(""https://github.com/mom-ocean/MOM5/search?q=ocean_frazil_nml"", ""&ocean_frazil_nml"")","=HYPERLINK(""https://github.com/mom-ocean/MOM5/search?q=frazil_only_in_surface"", ""frazil_only_in_surface"")",False,False
,"=HYPERLINK(""https://github.com/mom-ocean/MOM5/search?q=ocean_frazil_nml"", ""&ocean_frazil_nml"")","=HYPERLINK(""https://github.com/mom-ocean/MOM5/search?q=freezing_temp_preteos10"", ""freezing_temp_preteos10"")",True,True
,"=HYPERLINK(""https://github.com/mom-ocean/MOM5/search?q=ocean_frazil_nml"", ""&ocean_frazil_nml"")","=HYPERLINK(""https://github.com/mom-ocean/MOM5/search?q=freezing_temp_simple"", ""freezing_temp_simple"")",False,False
,"=HYPERLINK(""https://github.com/mom-ocean/MOM5/search?q=ocean_frazil_nml"", ""&ocean_frazil_nml"")","=HYPERLINK(""https://github.com/mom-ocean/MOM5/search?q=use_this_module"", ""use_this_module"")",True,True
*,"=HYPERLINK(""https://github.com/mom-ocean/MOM5/search?q=ocean_grids_nml"", ""&ocean_grids_nml"")","=HYPERLINK(""https://github.com/mom-ocean/MOM5/search?q=debug_this_module"", ""debug_this_module"")",False,
,"=HYPERLINK(""https://github.com/mom-ocean/MOM5/search?q=ocean_increment_eta_nml"", ""&ocean_increment_eta_nml"")","=HYPERLINK(""https://github.com/mom-ocean/MOM5/search?q=use_this_module"", ""use_this_module"")",False,False
,"=HYPERLINK(""https://github.com/mom-ocean/MOM5/search?q=ocean_increment_tracer_nml"", ""&ocean_increment_tracer_nml"")","=HYPERLINK(""https://github.com/mom-ocean/MOM5/search?q=use_this_module"", ""use_this_module"")",False,False
,"=HYPERLINK(""https://github.com/mom-ocean/MOM5/search?q=ocean_increment_velocity_nml"", ""&ocean_increment_velocity_nml"")","=HYPERLINK(""https://github.com/mom-ocean/MOM5/search?q=use_this_module"", ""use_this_module"")",False,False
,"=HYPERLINK(""https://github.com/mom-ocean/MOM5/search?q=ocean_lap_friction_nml"", ""&ocean_lap_friction_nml"")","=HYPERLINK(""https://github.com/mom-ocean/MOM5/search?q=lap_friction_scheme"", ""lap_friction_scheme"")",general,general
,"=HYPERLINK(""https://github.com/mom-ocean/MOM5/search?q=ocean_lap_tracer_nml"", ""&ocean_lap_tracer_nml"")","=HYPERLINK(""https://github.com/mom-ocean/MOM5/search?q=use_this_module"", ""use_this_module"")",False,False
,"=HYPERLINK(""https://github.com/mom-ocean/MOM5/search?q=ocean_lapcst_friction_nml"", ""&ocean_lapcst_friction_nml"")","=HYPERLINK(""https://github.com/mom-ocean/MOM5/search?q=use_this_module"", ""use_this_module"")",False,False
,"=HYPERLINK(""https://github.com/mom-ocean/MOM5/search?q=ocean_lapgen_friction_nml"", ""&ocean_lapgen_friction_nml"")","=HYPERLINK(""https://github.com/mom-ocean/MOM5/search?q=use_this_module"", ""use_this_module"")",False,False
,"=HYPERLINK(""https://github.com/mom-ocean/MOM5/search?q=ocean_mixdownslope_nml"", ""&ocean_mixdownslope_nml"")","=HYPERLINK(""https://github.com/mom-ocean/MOM5/search?q=use_this_module"", ""use_this_module"")",False,False
,"=HYPERLINK(""https://github.com/mom-ocean/MOM5/search?q=ocean_model_nml"", ""&ocean_model_nml"")","=HYPERLINK(""https://github.com/mom-ocean/MOM5/search?q=baroclinic_split"", ""baroclinic_split"")",1,1
,"=HYPERLINK(""https://github.com/mom-ocean/MOM5/search?q=ocean_model_nml"", ""&ocean_model_nml"")","=HYPERLINK(""https://github.com/mom-ocean/MOM5/search?q=barotropic_split"", ""barotropic_split"")",80,80
,"=HYPERLINK(""https://github.com/mom-ocean/MOM5/search?q=ocean_model_nml"", ""&ocean_model_nml"")","=HYPERLINK(""https://github.com/mom-ocean/MOM5/search?q=cmip_units"", ""cmip_units"")",True,True
,"=HYPERLINK(""https://github.com/mom-ocean/MOM5/search?q=ocean_model_nml"", ""&ocean_model_nml"")","=HYPERLINK(""https://github.com/mom-ocean/MOM5/search?q=debug"", ""debug"")",False,False
,"=HYPERLINK(""https://github.com/mom-ocean/MOM5/search?q=ocean_model_nml"", ""&ocean_model_nml"")","=HYPERLINK(""https://github.com/mom-ocean/MOM5/search?q=io_layout"", ""io_layout"")","[5, 5]","[5, 5]"
,"=HYPERLINK(""https://github.com/mom-ocean/MOM5/search?q=ocean_model_nml"", ""&ocean_model_nml"")","=HYPERLINK(""https://github.com/mom-ocean/MOM5/search?q=layout"", ""layout"")","[80, 75]","[80, 75]"
,"=HYPERLINK(""https://github.com/mom-ocean/MOM5/search?q=ocean_model_nml"", ""&ocean_model_nml"")","=HYPERLINK(""https://github.com/mom-ocean/MOM5/search?q=surface_height_split"", ""surface_height_split"")",1,1
,"=HYPERLINK(""https://github.com/mom-ocean/MOM5/search?q=ocean_model_nml"", ""&ocean_model_nml"")","=HYPERLINK(""https://github.com/mom-ocean/MOM5/search?q=time_tendency"", ""time_tendency"")",twolevel,twolevel
,"=HYPERLINK(""https://github.com/mom-ocean/MOM5/search?q=ocean_model_nml"", ""&ocean_model_nml"")","=HYPERLINK(""https://github.com/mom-ocean/MOM5/search?q=vertical_coordinate"", ""vertical_coordinate"")",zstar,zstar
,"=HYPERLINK(""https://github.com/mom-ocean/MOM5/search?q=ocean_momentum_source_nml"", ""&ocean_momentum_source_nml"")","=HYPERLINK(""https://github.com/mom-ocean/MOM5/search?q=rayleigh_damp_exp_from_bottom"", ""rayleigh_damp_exp_from_bottom"")",False,False
,"=HYPERLINK(""https://github.com/mom-ocean/MOM5/search?q=ocean_momentum_source_nml"", ""&ocean_momentum_source_nml"")","=HYPERLINK(""https://github.com/mom-ocean/MOM5/search?q=use_rayleigh_damp_table"", ""use_rayleigh_damp_table"")",True,True
,"=HYPERLINK(""https://github.com/mom-ocean/MOM5/search?q=ocean_momentum_source_nml"", ""&ocean_momentum_source_nml"")","=HYPERLINK(""https://github.com/mom-ocean/MOM5/search?q=use_this_module"", ""use_this_module"")",True,True
*,"=HYPERLINK(""https://github.com/mom-ocean/MOM5/search?q=ocean_nphysics_nml"", ""&ocean_nphysics_nml"")","=HYPERLINK(""https://github.com/mom-ocean/MOM5/search?q=debug_this_module"", ""debug_this_module"")",False,
,"=HYPERLINK(""https://github.com/mom-ocean/MOM5/search?q=ocean_nphysics_nml"", ""&ocean_nphysics_nml"")","=HYPERLINK(""https://github.com/mom-ocean/MOM5/search?q=use_nphysicsa"", ""use_nphysicsa"")",False,False
,"=HYPERLINK(""https://github.com/mom-ocean/MOM5/search?q=ocean_nphysics_nml"", ""&ocean_nphysics_nml"")","=HYPERLINK(""https://github.com/mom-ocean/MOM5/search?q=use_nphysicsb"", ""use_nphysicsb"")",False,False
,"=HYPERLINK(""https://github.com/mom-ocean/MOM5/search?q=ocean_nphysics_nml"", ""&ocean_nphysics_nml"")","=HYPERLINK(""https://github.com/mom-ocean/MOM5/search?q=use_nphysicsc"", ""use_nphysicsc"")",False,False
,"=HYPERLINK(""https://github.com/mom-ocean/MOM5/search?q=ocean_nphysics_nml"", ""&ocean_nphysics_nml"")","=HYPERLINK(""https://github.com/mom-ocean/MOM5/search?q=use_this_module"", ""use_this_module"")",False,False
*,"=HYPERLINK(""https://github.com/mom-ocean/MOM5/search?q=ocean_nphysics_util_nml"", ""&ocean_nphysics_util_nml"")","=HYPERLINK(""https://github.com/mom-ocean/MOM5/search?q=agm"", ""agm"")",100.0,
*,"=HYPERLINK(""https://github.com/mom-ocean/MOM5/search?q=ocean_nphysics_util_nml"", ""&ocean_nphysics_util_nml"")","=HYPERLINK(""https://github.com/mom-ocean/MOM5/search?q=agm_closure"", ""agm_closure"")",True,
*,"=HYPERLINK(""https://github.com/mom-ocean/MOM5/search?q=ocean_nphysics_util_nml"", ""&ocean_nphysics_util_nml"")","=HYPERLINK(""https://github.com/mom-ocean/MOM5/search?q=agm_closure_baroclinic"", ""agm_closure_baroclinic"")",True,
*,"=HYPERLINK(""https://github.com/mom-ocean/MOM5/search?q=ocean_nphysics_util_nml"", ""&ocean_nphysics_util_nml"")","=HYPERLINK(""https://github.com/mom-ocean/MOM5/search?q=agm_closure_buoy_freq"", ""agm_closure_buoy_freq"")",0.004,
*,"=HYPERLINK(""https://github.com/mom-ocean/MOM5/search?q=ocean_nphysics_util_nml"", ""&ocean_nphysics_util_nml"")","=HYPERLINK(""https://github.com/mom-ocean/MOM5/search?q=agm_closure_length"", ""agm_closure_length"")",50000.0,
*,"=HYPERLINK(""https://github.com/mom-ocean/MOM5/search?q=ocean_nphysics_util_nml"", ""&ocean_nphysics_util_nml"")","=HYPERLINK(""https://github.com/mom-ocean/MOM5/search?q=agm_closure_length_bczone"", ""agm_closure_length_bczone"")",False,
*,"=HYPERLINK(""https://github.com/mom-ocean/MOM5/search?q=ocean_nphysics_util_nml"", ""&ocean_nphysics_util_nml"")","=HYPERLINK(""https://github.com/mom-ocean/MOM5/search?q=agm_closure_length_fixed"", ""agm_closure_length_fixed"")",False,
*,"=HYPERLINK(""https://github.com/mom-ocean/MOM5/search?q=ocean_nphysics_util_nml"", ""&ocean_nphysics_util_nml"")","=HYPERLINK(""https://github.com/mom-ocean/MOM5/search?q=agm_closure_length_rossby"", ""agm_closure_length_rossby"")",False,
*,"=HYPERLINK(""https://github.com/mom-ocean/MOM5/search?q=ocean_nphysics_util_nml"", ""&ocean_nphysics_util_nml"")","=HYPERLINK(""https://github.com/mom-ocean/MOM5/search?q=agm_closure_lower_depth"", ""agm_closure_lower_depth"")",2000.0,
*,"=HYPERLINK(""https://github.com/mom-ocean/MOM5/search?q=ocean_nphysics_util_nml"", ""&ocean_nphysics_util_nml"")","=HYPERLINK(""https://github.com/mom-ocean/MOM5/search?q=agm_closure_max"", ""agm_closure_max"")",600.0,
*,"=HYPERLINK(""https://github.com/mom-ocean/MOM5/search?q=ocean_nphysics_util_nml"", ""&ocean_nphysics_util_nml"")","=HYPERLINK(""https://github.com/mom-ocean/MOM5/search?q=agm_closure_min"", ""agm_closure_min"")",100.0,
*,"=HYPERLINK(""https://github.com/mom-ocean/MOM5/search?q=ocean_nphysics_util_nml"", ""&ocean_nphysics_util_nml"")","=HYPERLINK(""https://github.com/mom-ocean/MOM5/search?q=agm_closure_scaling"", ""agm_closure_scaling"")",0.07,
*,"=HYPERLINK(""https://github.com/mom-ocean/MOM5/search?q=ocean_nphysics_util_nml"", ""&ocean_nphysics_util_nml"")","=HYPERLINK(""https://github.com/mom-ocean/MOM5/search?q=agm_closure_upper_depth"", ""agm_closure_upper_depth"")",100.0,
*,"=HYPERLINK(""https://github.com/mom-ocean/MOM5/search?q=ocean_nphysics_util_nml"", ""&ocean_nphysics_util_nml"")","=HYPERLINK(""https://github.com/mom-ocean/MOM5/search?q=aredi"", ""aredi"")",600.0,
*,"=HYPERLINK(""https://github.com/mom-ocean/MOM5/search?q=ocean_nphysics_util_nml"", ""&ocean_nphysics_util_nml"")","=HYPERLINK(""https://github.com/mom-ocean/MOM5/search?q=aredi_equal_agm"", ""aredi_equal_agm"")",False,
*,"=HYPERLINK(""https://github.com/mom-ocean/MOM5/search?q=ocean_nphysics_util_nml"", ""&ocean_nphysics_util_nml"")","=HYPERLINK(""https://github.com/mom-ocean/MOM5/search?q=drhodz_mom4p1"", ""drhodz_mom4p1"")",False,
*,"=HYPERLINK(""https://github.com/mom-ocean/MOM5/search?q=ocean_nphysics_util_nml"", ""&ocean_nphysics_util_nml"")","=HYPERLINK(""https://github.com/mom-ocean/MOM5/search?q=drhodz_smooth_horz"", ""drhodz_smooth_horz"")",False,
*,"=HYPERLINK(""https://github.com/mom-ocean/MOM5/search?q=ocean_nphysics_util_nml"", ""&ocean_nphysics_util_nml"")","=HYPERLINK(""https://github.com/mom-ocean/MOM5/search?q=drhodz_smooth_vert"", ""drhodz_smooth_vert"")",False,
*,"=HYPERLINK(""https://github.com/mom-ocean/MOM5/search?q=ocean_nphysics_util_nml"", ""&ocean_nphysics_util_nml"")","=HYPERLINK(""https://github.com/mom-ocean/MOM5/search?q=rossby_radius_max"", ""rossby_radius_max"")",100000.0,
*,"=HYPERLINK(""https://github.com/mom-ocean/MOM5/search?q=ocean_nphysics_util_nml"", ""&ocean_nphysics_util_nml"")","=HYPERLINK(""https://github.com/mom-ocean/MOM5/search?q=rossby_radius_min"", ""rossby_radius_min"")",15000.0,
*,"=HYPERLINK(""https://github.com/mom-ocean/MOM5/search?q=ocean_nphysics_util_nml"", ""&ocean_nphysics_util_nml"")","=HYPERLINK(""https://github.com/mom-ocean/MOM5/search?q=tracer_mix_micom"", ""tracer_mix_micom"")",False,
*,"=HYPERLINK(""https://github.com/mom-ocean/MOM5/search?q=ocean_nphysics_util_nml"", ""&ocean_nphysics_util_nml"")","=HYPERLINK(""https://github.com/mom-ocean/MOM5/search?q=vel_micom"", ""vel_micom"")",0.0,
,"=HYPERLINK(""https://github.com/mom-ocean/MOM5/search?q=ocean_nphysicsa_nml"", ""&ocean_nphysicsa_nml"")","=HYPERLINK(""https://github.com/mom-ocean/MOM5/search?q=use_this_module"", ""use_this_module"")",False,False
,"=HYPERLINK(""https://github.com/mom-ocean/MOM5/search?q=ocean_nphysicsb_nml"", ""&ocean_nphysicsb_nml"")","=HYPERLINK(""https://github.com/mom-ocean/MOM5/search?q=use_this_module"", ""use_this_module"")",False,False
,"=HYPERLINK(""https://github.com/mom-ocean/MOM5/search?q=ocean_nphysicsc_nml"", ""&ocean_nphysicsc_nml"")","=HYPERLINK(""https://github.com/mom-ocean/MOM5/search?q=use_this_module"", ""use_this_module"")",False,False
*,"=HYPERLINK(""https://github.com/mom-ocean/MOM5/search?q=ocean_operators_nml"", ""&ocean_operators_nml"")","=HYPERLINK(""https://github.com/mom-ocean/MOM5/search?q=use_legacy_div_ud"", ""use_legacy_div_ud"")",False,
*,"=HYPERLINK(""https://github.com/mom-ocean/MOM5/search?q=ocean_overexchange_nml"", ""&ocean_overexchange_nml"")","=HYPERLINK(""https://github.com/mom-ocean/MOM5/search?q=debug_this_module"", ""debug_this_module"")",False,
*,"=HYPERLINK(""https://github.com/mom-ocean/MOM5/search?q=ocean_overexchange_nml"", ""&ocean_overexchange_nml"")","=HYPERLINK(""https://github.com/mom-ocean/MOM5/search?q=overexch_npts"", ""overexch_npts"")",4,
*,"=HYPERLINK(""https://github.com/mom-ocean/MOM5/search?q=ocean_overexchange_nml"", ""&ocean_overexchange_nml"")","=HYPERLINK(""https://github.com/mom-ocean/MOM5/search?q=overexch_weight_far"", ""overexch_weight_far"")",False,
*,"=HYPERLINK(""https://github.com/mom-ocean/MOM5/search?q=ocean_overexchange_nml"", ""&ocean_overexchange_nml"")","=HYPERLINK(""https://github.com/mom-ocean/MOM5/search?q=overflow_umax"", ""overflow_umax"")",5.0,
,"=HYPERLINK(""https://github.com/mom-ocean/MOM5/search?q=ocean_overexchange_nml"", ""&ocean_overexchange_nml"")","=HYPERLINK(""https://github.com/mom-ocean/MOM5/search?q=use_this_module"", ""use_this_module"")",False,False
,"=HYPERLINK(""https://github.com/mom-ocean/MOM5/search?q=ocean_overflow_nml"", ""&ocean_overflow_nml"")","=HYPERLINK(""https://github.com/mom-ocean/MOM5/search?q=use_this_module"", ""use_this_module"")",False,False
,"=HYPERLINK(""https://github.com/mom-ocean/MOM5/search?q=ocean_overflow_ofp_nml"", ""&ocean_overflow_ofp_nml"")","=HYPERLINK(""https://github.com/mom-ocean/MOM5/search?q=use_this_module"", ""use_this_module"")",False,False
*,"=HYPERLINK(""https://github.com/mom-ocean/MOM5/search?q=ocean_polar_filter_nml"", ""&ocean_polar_filter_nml"")","=HYPERLINK(""https://github.com/mom-ocean/MOM5/search?q=use_this_module"", ""use_this_module"")",False,
*,"=HYPERLINK(""https://github.com/mom-ocean/MOM5/search?q=ocean_pressure_nml"", ""&ocean_pressure_nml"")","=HYPERLINK(""https://github.com/mom-ocean/MOM5/search?q=zero_pressure_force"", ""zero_pressure_force"")",False,
*,"=HYPERLINK(""https://github.com/mom-ocean/MOM5/search?q=ocean_rivermix_nml"", ""&ocean_rivermix_nml"")","=HYPERLINK(""https://github.com/mom-ocean/MOM5/search?q=debug_this_module"", ""debug_this_module"")",False,
,"=HYPERLINK(""https://github.com/mom-ocean/MOM5/search?q=ocean_rivermix_nml"", ""&ocean_rivermix_nml"")","=HYPERLINK(""https://github.com/mom-ocean/MOM5/search?q=river_diffuse_salt"", ""river_diffuse_salt"")",True,True
,"=HYPERLINK(""https://github.com/mom-ocean/MOM5/search?q=ocean_rivermix_nml"", ""&ocean_rivermix_nml"")","=HYPERLINK(""https://github.com/mom-ocean/MOM5/search?q=river_diffuse_temp"", ""river_diffuse_temp"")",True,True
,"=HYPERLINK(""https://github.com/mom-ocean/MOM5/search?q=ocean_rivermix_nml"", ""&ocean_rivermix_nml"")","=HYPERLINK(""https://github.com/mom-ocean/MOM5/search?q=river_diffusion_thickness"", ""river_diffusion_thickness"")",0.0,0.0
,"=HYPERLINK(""https://github.com/mom-ocean/MOM5/search?q=ocean_rivermix_nml"", ""&ocean_rivermix_nml"")","=HYPERLINK(""https://github.com/mom-ocean/MOM5/search?q=river_diffusivity"", ""river_diffusivity"")",0.0,0.0
,"=HYPERLINK(""https://github.com/mom-ocean/MOM5/search?q=ocean_rivermix_nml"", ""&ocean_rivermix_nml"")","=HYPERLINK(""https://github.com/mom-ocean/MOM5/search?q=river_insertion_thickness"", ""river_insertion_thickness"")",40.0,40.0
,"=HYPERLINK(""https://github.com/mom-ocean/MOM5/search?q=ocean_rivermix_nml"", ""&ocean_rivermix_nml"")","=HYPERLINK(""https://github.com/mom-ocean/MOM5/search?q=use_this_module"", ""use_this_module"")",True,True
*,"=HYPERLINK(""https://github.com/mom-ocean/MOM5/search?q=ocean_riverspread_nml"", ""&ocean_riverspread_nml"")","=HYPERLINK(""https://github.com/mom-ocean/MOM5/search?q=debug_this_module"", ""debug_this_module"")",False,
,"=HYPERLINK(""https://github.com/mom-ocean/MOM5/search?q=ocean_riverspread_nml"", ""&ocean_riverspread_nml"")","=HYPERLINK(""https://github.com/mom-ocean/MOM5/search?q=use_this_module"", ""use_this_module"")",False,False
,"=HYPERLINK(""https://github.com/mom-ocean/MOM5/search?q=ocean_rough_nml"", ""&ocean_rough_nml"")","=HYPERLINK(""https://github.com/mom-ocean/MOM5/search?q=rough_scheme"", ""rough_scheme"")",beljaars,beljaars
,"=HYPERLINK(""https://github.com/mom-ocean/MOM5/search?q=ocean_sbc_nml"", ""&ocean_sbc_nml"")","=HYPERLINK(""https://github.com/mom-ocean/MOM5/search?q=avg_sfc_temp_salt_eta"", ""avg_sfc_temp_salt_eta"")",True,True
,"=HYPERLINK(""https://github.com/mom-ocean/MOM5/search?q=ocean_sbc_nml"", ""&ocean_sbc_nml"")","=HYPERLINK(""https://github.com/mom-ocean/MOM5/search?q=avg_sfc_velocity"", ""avg_sfc_velocity"")",True,True
,"=HYPERLINK(""https://github.com/mom-ocean/MOM5/search?q=ocean_sbc_nml"", ""&ocean_sbc_nml"")","=HYPERLINK(""https://github.com/mom-ocean/MOM5/search?q=calvingspread"", ""calvingspread"")",False,False
,"=HYPERLINK(""https://github.com/mom-ocean/MOM5/search?q=ocean_sbc_nml"", ""&ocean_sbc_nml"")","=HYPERLINK(""https://github.com/mom-ocean/MOM5/search?q=do_bitwise_exact_sum"", ""do_bitwise_exact_sum"")",False,False
,"=HYPERLINK(""https://github.com/mom-ocean/MOM5/search?q=ocean_sbc_nml"", ""&ocean_sbc_nml"")","=HYPERLINK(""https://github.com/mom-ocean/MOM5/search?q=do_flux_correction"", ""do_flux_correction"")",False,False
,"=HYPERLINK(""https://github.com/mom-ocean/MOM5/search?q=ocean_sbc_nml"", ""&ocean_sbc_nml"")","=HYPERLINK(""https://github.com/mom-ocean/MOM5/search?q=land_model_heat_fluxes"", ""land_model_heat_fluxes"")",False,False
,"=HYPERLINK(""https://github.com/mom-ocean/MOM5/search?q=ocean_sbc_nml"", ""&ocean_sbc_nml"")","=HYPERLINK(""https://github.com/mom-ocean/MOM5/search?q=max_delta_salinity_restore"", ""max_delta_salinity_restore"")",0.5,0.5
,"=HYPERLINK(""https://github.com/mom-ocean/MOM5/search?q=ocean_sbc_nml"", ""&ocean_sbc_nml"")","=HYPERLINK(""https://github.com/mom-ocean/MOM5/search?q=max_ice_thickness"", ""max_ice_thickness"")",0.0,0.0
,"=HYPERLINK(""https://github.com/mom-ocean/MOM5/search?q=ocean_sbc_nml"", ""&ocean_sbc_nml"")","=HYPERLINK(""https://github.com/mom-ocean/MOM5/search?q=ocean_ice_salt_limit"", ""ocean_ice_salt_limit"")",0.006,0.006
,"=HYPERLINK(""https://github.com/mom-ocean/MOM5/search?q=ocean_sbc_nml"", ""&ocean_sbc_nml"")","=HYPERLINK(""https://github.com/mom-ocean/MOM5/search?q=read_restore_mask"", ""read_restore_mask"")",False,False
,"=HYPERLINK(""https://github.com/mom-ocean/MOM5/search?q=ocean_sbc_nml"", ""&ocean_sbc_nml"")","=HYPERLINK(""https://github.com/mom-ocean/MOM5/search?q=restore_mask_gfdl"", ""restore_mask_gfdl"")",False,False
,"=HYPERLINK(""https://github.com/mom-ocean/MOM5/search?q=ocean_sbc_nml"", ""&ocean_sbc_nml"")","=HYPERLINK(""https://github.com/mom-ocean/MOM5/search?q=runoff_salinity"", ""runoff_salinity"")",0.0,0.0
,"=HYPERLINK(""https://github.com/mom-ocean/MOM5/search?q=ocean_sbc_nml"", ""&ocean_sbc_nml"")","=HYPERLINK(""https://github.com/mom-ocean/MOM5/search?q=runoffspread"", ""runoffspread"")",False,False
,"=HYPERLINK(""https://github.com/mom-ocean/MOM5/search?q=ocean_sbc_nml"", ""&ocean_sbc_nml"")","=HYPERLINK(""https://github.com/mom-ocean/MOM5/search?q=salt_correction_scale"", ""salt_correction_scale"")",0.0,0.0
,"=HYPERLINK(""https://github.com/mom-ocean/MOM5/search?q=ocean_sbc_nml"", ""&ocean_sbc_nml"")","=HYPERLINK(""https://github.com/mom-ocean/MOM5/search?q=salt_restore_as_salt_flux"", ""salt_restore_as_salt_flux"")",True,True
,"=HYPERLINK(""https://github.com/mom-ocean/MOM5/search?q=ocean_sbc_nml"", ""&ocean_sbc_nml"")","=HYPERLINK(""https://github.com/mom-ocean/MOM5/search?q=salt_restore_tscale"", ""salt_restore_tscale"")",10.0,10.0
,"=HYPERLINK(""https://github.com/mom-ocean/MOM5/search?q=ocean_sbc_nml"", ""&ocean_sbc_nml"")","=HYPERLINK(""https://github.com/mom-ocean/MOM5/search?q=salt_restore_under_ice"", ""salt_restore_under_ice"")",True,True
,"=HYPERLINK(""https://github.com/mom-ocean/MOM5/search?q=ocean_sbc_nml"", ""&ocean_sbc_nml"")","=HYPERLINK(""https://github.com/mom-ocean/MOM5/search?q=temp_restore_tscale"", ""temp_restore_tscale"")",-10.0,-10.0
,"=HYPERLINK(""https://github.com/mom-ocean/MOM5/search?q=ocean_sbc_nml"", ""&ocean_sbc_nml"")","=HYPERLINK(""https://github.com/mom-ocean/MOM5/search?q=use_full_patm_for_sea_level"", ""use_full_patm_for_sea_level"")",False,False
,"=HYPERLINK(""https://github.com/mom-ocean/MOM5/search?q=ocean_sbc_nml"", ""&ocean_sbc_nml"")","=HYPERLINK(""https://github.com/mom-ocean/MOM5/search?q=use_waterflux"", ""use_waterflux"")",True,True
,"=HYPERLINK(""https://github.com/mom-ocean/MOM5/search?q=ocean_sbc_nml"", ""&ocean_sbc_nml"")","=HYPERLINK(""https://github.com/mom-ocean/MOM5/search?q=zero_heat_fluxes"", ""zero_heat_fluxes"")",False,False
,"=HYPERLINK(""https://github.com/mom-ocean/MOM5/search?q=ocean_sbc_nml"", ""&ocean_sbc_nml"")","=HYPERLINK(""https://github.com/mom-ocean/MOM5/search?q=zero_net_salt_correction"", ""zero_net_salt_correction"")",False,False
,"=HYPERLINK(""https://github.com/mom-ocean/MOM5/search?q=ocean_sbc_nml"", ""&ocean_sbc_nml"")","=HYPERLINK(""https://github.com/mom-ocean/MOM5/search?q=zero_net_salt_restore"", ""zero_net_salt_restore"")",True,True
,"=HYPERLINK(""https://github.com/mom-ocean/MOM5/search?q=ocean_sbc_nml"", ""&ocean_sbc_nml"")","=HYPERLINK(""https://github.com/mom-ocean/MOM5/search?q=zero_net_water_correction"", ""zero_net_water_correction"")",False,False
,"=HYPERLINK(""https://github.com/mom-ocean/MOM5/search?q=ocean_sbc_nml"", ""&ocean_sbc_nml"")","=HYPERLINK(""https://github.com/mom-ocean/MOM5/search?q=zero_net_water_couple_restore"", ""zero_net_water_couple_restore"")",True,True
,"=HYPERLINK(""https://github.com/mom-ocean/MOM5/search?q=ocean_sbc_nml"", ""&ocean_sbc_nml"")","=HYPERLINK(""https://github.com/mom-ocean/MOM5/search?q=zero_net_water_coupler"", ""zero_net_water_coupler"")",True,True
,"=HYPERLINK(""https://github.com/mom-ocean/MOM5/search?q=ocean_sbc_nml"", ""&ocean_sbc_nml"")","=HYPERLINK(""https://github.com/mom-ocean/MOM5/search?q=zero_net_water_restore"", ""zero_net_water_restore"")",True,True
,"=HYPERLINK(""https://github.com/mom-ocean/MOM5/search?q=ocean_sbc_nml"", ""&ocean_sbc_nml"")","=HYPERLINK(""https://github.com/mom-ocean/MOM5/search?q=zero_surface_stress"", ""zero_surface_stress"")",False,False
,"=HYPERLINK(""https://github.com/mom-ocean/MOM5/search?q=ocean_sbc_nml"", ""&ocean_sbc_nml"")","=HYPERLINK(""https://github.com/mom-ocean/MOM5/search?q=zero_water_fluxes"", ""zero_water_fluxes"")",False,False
,"=HYPERLINK(""https://github.com/mom-ocean/MOM5/search?q=ocean_shortwave_csiro_nml"", ""&ocean_shortwave_csiro_nml"")","=HYPERLINK(""https://github.com/mom-ocean/MOM5/search?q=use_this_module"", ""use_this_module"")",False,False
*,"=HYPERLINK(""https://github.com/mom-ocean/MOM5/search?q=ocean_shortwave_gfdl_nml"", ""&ocean_shortwave_gfdl_nml"")","=HYPERLINK(""https://github.com/mom-ocean/MOM5/search?q=debug_this_module"", ""debug_this_module"")",False,
,"=HYPERLINK(""https://github.com/mom-ocean/MOM5/search?q=ocean_shortwave_gfdl_nml"", ""&ocean_shortwave_gfdl_nml"")","=HYPERLINK(""https://github.com/mom-ocean/MOM5/search?q=enforce_sw_frac"", ""enforce_sw_frac"")",True,True
,"=HYPERLINK(""https://github.com/mom-ocean/MOM5/search?q=ocean_shortwave_gfdl_nml"", ""&ocean_shortwave_gfdl_nml"")","=HYPERLINK(""https://github.com/mom-ocean/MOM5/search?q=optics_manizza"", ""optics_manizza"")",True,True
,"=HYPERLINK(""https://github.com/mom-ocean/MOM5/search?q=ocean_shortwave_gfdl_nml"", ""&ocean_shortwave_gfdl_nml"")","=HYPERLINK(""https://github.com/mom-ocean/MOM5/search?q=optics_morel_antoine"", ""optics_morel_antoine"")",False,False
,"=HYPERLINK(""https://github.com/mom-ocean/MOM5/search?q=ocean_shortwave_gfdl_nml"", ""&ocean_shortwave_gfdl_nml"")","=HYPERLINK(""https://github.com/mom-ocean/MOM5/search?q=read_chl"", ""read_chl"")",True,True
,"=HYPERLINK(""https://github.com/mom-ocean/MOM5/search?q=ocean_shortwave_gfdl_nml"", ""&ocean_shortwave_gfdl_nml"")","=HYPERLINK(""https://github.com/mom-ocean/MOM5/search?q=use_this_module"", ""use_this_module"")",True,True
*,"=HYPERLINK(""https://github.com/mom-ocean/MOM5/search?q=ocean_shortwave_gfdl_nml"", ""&ocean_shortwave_gfdl_nml"")","=HYPERLINK(""https://github.com/mom-ocean/MOM5/search?q=zmax_pen"", ""zmax_pen"")",300.0,1000000.0
,"=HYPERLINK(""https://github.com/mom-ocean/MOM5/search?q=ocean_shortwave_jerlov_nml"", ""&ocean_shortwave_jerlov_nml"")","=HYPERLINK(""https://github.com/mom-ocean/MOM5/search?q=use_this_module"", ""use_this_module"")",False,False
,"=HYPERLINK(""https://github.com/mom-ocean/MOM5/search?q=ocean_shortwave_nml"", ""&ocean_shortwave_nml"")","=HYPERLINK(""https://github.com/mom-ocean/MOM5/search?q=use_shortwave_csiro"", ""use_shortwave_csiro"")",False,False
,"=HYPERLINK(""https://github.com/mom-ocean/MOM5/search?q=ocean_shortwave_nml"", ""&ocean_shortwave_nml"")","=HYPERLINK(""https://github.com/mom-ocean/MOM5/search?q=use_shortwave_gfdl"", ""use_shortwave_gfdl"")",True,True
,"=HYPERLINK(""https://github.com/mom-ocean/MOM5/search?q=ocean_shortwave_nml"", ""&ocean_shortwave_nml"")","=HYPERLINK(""https://github.com/mom-ocean/MOM5/search?q=use_shortwave_jerlov"", ""use_shortwave_jerlov"")",False,False
,"=HYPERLINK(""https://github.com/mom-ocean/MOM5/search?q=ocean_shortwave_nml"", ""&ocean_shortwave_nml"")","=HYPERLINK(""https://github.com/mom-ocean/MOM5/search?q=use_this_module"", ""use_this_module"")",True,True
,"=HYPERLINK(""https://github.com/mom-ocean/MOM5/search?q=ocean_sigma_transport_nml"", ""&ocean_sigma_transport_nml"")","=HYPERLINK(""https://github.com/mom-ocean/MOM5/search?q=use_this_module"", ""use_this_module"")",False,False
,"=HYPERLINK(""https://github.com/mom-ocean/MOM5/search?q=ocean_sponges_eta_nml"", ""&ocean_sponges_eta_nml"")","=HYPERLINK(""https://github.com/mom-ocean/MOM5/search?q=use_this_module"", ""use_this_module"")",False,False
,"=HYPERLINK(""https://github.com/mom-ocean/MOM5/search?q=ocean_sponges_tracer_nml"", ""&ocean_sponges_tracer_nml"")","=HYPERLINK(""https://github.com/mom-ocean/MOM5/search?q=use_this_module"", ""use_this_module"")",False,False
,"=HYPERLINK(""https://github.com/mom-ocean/MOM5/search?q=ocean_sponges_velocity_nml"", ""&ocean_sponges_velocity_nml"")","=HYPERLINK(""https://github.com/mom-ocean/MOM5/search?q=use_this_module"", ""use_this_module"")",False,False
,"=HYPERLINK(""https://github.com/mom-ocean/MOM5/search?q=ocean_submesoscale_nml"", ""&ocean_submesoscale_nml"")","=HYPERLINK(""https://github.com/mom-ocean/MOM5/search?q=coefficient_ce"", ""coefficient_ce"")",0.05,0.05
*,"=HYPERLINK(""https://github.com/mom-ocean/MOM5/search?q=ocean_submesoscale_nml"", ""&ocean_submesoscale_nml"")","=HYPERLINK(""https://github.com/mom-ocean/MOM5/search?q=debug_this_module"", ""debug_this_module"")",False,
,"=HYPERLINK(""https://github.com/mom-ocean/MOM5/search?q=ocean_submesoscale_nml"", ""&ocean_submesoscale_nml"")","=HYPERLINK(""https://github.com/mom-ocean/MOM5/search?q=front_length_const"", ""front_length_const"")",5000.0,5000.0
,"=HYPERLINK(""https://github.com/mom-ocean/MOM5/search?q=ocean_submesoscale_nml"", ""&ocean_submesoscale_nml"")","=HYPERLINK(""https://github.com/mom-ocean/MOM5/search?q=front_length_deform_radius"", ""front_length_deform_radius"")",True,True
,"=HYPERLINK(""https://github.com/mom-ocean/MOM5/search?q=ocean_submesoscale_nml"", ""&ocean_submesoscale_nml"")","=HYPERLINK(""https://github.com/mom-ocean/MOM5/search?q=limit_psi"", ""limit_psi"")",True,True
,"=HYPERLINK(""https://github.com/mom-ocean/MOM5/search?q=ocean_submesoscale_nml"", ""&ocean_submesoscale_nml"")","=HYPERLINK(""https://github.com/mom-ocean/MOM5/search?q=limit_psi_velocity_scale"", ""limit_psi_velocity_scale"")",0.5,0.5
,"=HYPERLINK(""https://github.com/mom-ocean/MOM5/search?q=ocean_submesoscale_nml"", ""&ocean_submesoscale_nml"")","=HYPERLINK(""https://github.com/mom-ocean/MOM5/search?q=min_kblt"", ""min_kblt"")",4,4
,"=HYPERLINK(""https://github.com/mom-ocean/MOM5/search?q=ocean_submesoscale_nml"", ""&ocean_submesoscale_nml"")","=HYPERLINK(""https://github.com/mom-ocean/MOM5/search?q=smooth_advect_transport"", ""smooth_advect_transport"")",True,True
,"=HYPERLINK(""https://github.com/mom-ocean/MOM5/search?q=ocean_submesoscale_nml"", ""&ocean_submesoscale_nml"")","=HYPERLINK(""https://github.com/mom-ocean/MOM5/search?q=smooth_advect_transport_num"", ""smooth_advect_transport_num"")",4,4
,"=HYPERLINK(""https://github.com/mom-ocean/MOM5/search?q=ocean_submesoscale_nml"", ""&ocean_submesoscale_nml"")","=HYPERLINK(""https://github.com/mom-ocean/MOM5/search?q=smooth_hblt"", ""smooth_hblt"")",False,False
,"=HYPERLINK(""https://github.com/mom-ocean/MOM5/search?q=ocean_submesoscale_nml"", ""&ocean_submesoscale_nml"")","=HYPERLINK(""https://github.com/mom-ocean/MOM5/search?q=smooth_psi"", ""smooth_psi"")",True,True
,"=HYPERLINK(""https://github.com/mom-ocean/MOM5/search?q=ocean_submesoscale_nml"", ""&ocean_submesoscale_nml"")","=HYPERLINK(""https://github.com/mom-ocean/MOM5/search?q=smooth_psi_num"", ""smooth_psi_num"")",3,3
,"=HYPERLINK(""https://github.com/mom-ocean/MOM5/search?q=ocean_submesoscale_nml"", ""&ocean_submesoscale_nml"")","=HYPERLINK(""https://github.com/mom-ocean/MOM5/search?q=submeso_advect_flux"", ""submeso_advect_flux"")",False,False
,"=HYPERLINK(""https://github.com/mom-ocean/MOM5/search?q=ocean_submesoscale_nml"", ""&ocean_submesoscale_nml"")","=HYPERLINK(""https://github.com/mom-ocean/MOM5/search?q=submeso_advect_limit"", ""submeso_advect_limit"")",True,True
,"=HYPERLINK(""https://github.com/mom-ocean/MOM5/search?q=ocean_submesoscale_nml"", ""&ocean_submesoscale_nml"")","=HYPERLINK(""https://github.com/mom-ocean/MOM5/search?q=submeso_advect_upwind"", ""submeso_advect_upwind"")",True,True
,"=HYPERLINK(""https://github.com/mom-ocean/MOM5/search?q=ocean_submesoscale_nml"", ""&ocean_submesoscale_nml"")","=HYPERLINK(""https://github.com/mom-ocean/MOM5/search?q=submeso_advect_zero_bdy"", ""submeso_advect_zero_bdy"")",True,True
,"=HYPERLINK(""https://github.com/mom-ocean/MOM5/search?q=ocean_submesoscale_nml"", ""&ocean_submesoscale_nml"")","=HYPERLINK(""https://github.com/mom-ocean/MOM5/search?q=submeso_diffusion"", ""submeso_diffusion"")",False,False
,"=HYPERLINK(""https://github.com/mom-ocean/MOM5/search?q=ocean_submesoscale_nml"", ""&ocean_submesoscale_nml"")","=HYPERLINK(""https://github.com/mom-ocean/MOM5/search?q=submeso_diffusion_biharmonic"", ""submeso_diffusion_biharmonic"")",True,True
,"=HYPERLINK(""https://github.com/mom-ocean/MOM5/search?q=ocean_submesoscale_nml"", ""&ocean_submesoscale_nml"")","=HYPERLINK(""https://github.com/mom-ocean/MOM5/search?q=submeso_diffusion_scale"", ""submeso_diffusion_scale"")",10.0,10.0
,"=HYPERLINK(""https://github.com/mom-ocean/MOM5/search?q=ocean_submesoscale_nml"", ""&ocean_submesoscale_nml"")","=HYPERLINK(""https://github.com/mom-ocean/MOM5/search?q=submeso_skew_flux"", ""submeso_skew_flux"")",True,True
,"=HYPERLINK(""https://github.com/mom-ocean/MOM5/search?q=ocean_submesoscale_nml"", ""&ocean_submesoscale_nml"")","=HYPERLINK(""https://github.com/mom-ocean/MOM5/search?q=use_hblt_equal_mld"", ""use_hblt_equal_mld"")",True,True
,"=HYPERLINK(""https://github.com/mom-ocean/MOM5/search?q=ocean_submesoscale_nml"", ""&ocean_submesoscale_nml"")","=HYPERLINK(""https://github.com/mom-ocean/MOM5/search?q=use_psi_legacy"", ""use_psi_legacy"")",False,False
,"=HYPERLINK(""https://github.com/mom-ocean/MOM5/search?q=ocean_submesoscale_nml"", ""&ocean_submesoscale_nml"")","=HYPERLINK(""https://github.com/mom-ocean/MOM5/search?q=use_this_module"", ""use_this_module"")",True,True
*,"=HYPERLINK(""https://github.com/mom-ocean/MOM5/search?q=ocean_tempsalt_nml"", ""&ocean_tempsalt_nml"")","=HYPERLINK(""https://github.com/mom-ocean/MOM5/search?q=debug_this_module"", ""debug_this_module"")",False,
,"=HYPERLINK(""https://github.com/mom-ocean/MOM5/search?q=ocean_tempsalt_nml"", ""&ocean_tempsalt_nml"")","=HYPERLINK(""https://github.com/mom-ocean/MOM5/search?q=pottemp_2nd_iteration"", ""pottemp_2nd_iteration"")",True,True
,"=HYPERLINK(""https://github.com/mom-ocean/MOM5/search?q=ocean_tempsalt_nml"", ""&ocean_tempsalt_nml"")","=HYPERLINK(""https://github.com/mom-ocean/MOM5/search?q=s_max"", ""s_max"")",70.0,70.0
,"=HYPERLINK(""https://github.com/mom-ocean/MOM5/search?q=ocean_tempsalt_nml"", ""&ocean_tempsalt_nml"")","=HYPERLINK(""https://github.com/mom-ocean/MOM5/search?q=s_max_limit"", ""s_max_limit"")",42.0,42.0
,"=HYPERLINK(""https://github.com/mom-ocean/MOM5/search?q=ocean_tempsalt_nml"", ""&ocean_tempsalt_nml"")","=HYPERLINK(""https://github.com/mom-ocean/MOM5/search?q=s_min"", ""s_min"")",0.0,0.0
,"=HYPERLINK(""https://github.com/mom-ocean/MOM5/search?q=ocean_tempsalt_nml"", ""&ocean_tempsalt_nml"")","=HYPERLINK(""https://github.com/mom-ocean/MOM5/search?q=s_min_limit"", ""s_min_limit"")",2.0,2.0
,"=HYPERLINK(""https://github.com/mom-ocean/MOM5/search?q=ocean_tempsalt_nml"", ""&ocean_tempsalt_nml"")","=HYPERLINK(""https://github.com/mom-ocean/MOM5/search?q=t_max"", ""t_max"")",55.0,55.0
,"=HYPERLINK(""https://github.com/mom-ocean/MOM5/search?q=ocean_tempsalt_nml"", ""&ocean_tempsalt_nml"")","=HYPERLINK(""https://github.com/mom-ocean/MOM5/search?q=t_max_limit"", ""t_max_limit"")",32.0,32.0
,"=HYPERLINK(""https://github.com/mom-ocean/MOM5/search?q=ocean_tempsalt_nml"", ""&ocean_tempsalt_nml"")","=HYPERLINK(""https://github.com/mom-ocean/MOM5/search?q=t_min"", ""t_min"")",-20.0,-20.0
,"=HYPERLINK(""https://github.com/mom-ocean/MOM5/search?q=ocean_tempsalt_nml"", ""&ocean_tempsalt_nml"")","=HYPERLINK(""https://github.com/mom-ocean/MOM5/search?q=t_min_limit"", ""t_min_limit"")",-5.0,-5.0
,"=HYPERLINK(""https://github.com/mom-ocean/MOM5/search?q=ocean_tempsalt_nml"", ""&ocean_tempsalt_nml"")","=HYPERLINK(""https://github.com/mom-ocean/MOM5/search?q=temperature_variable"", ""temperature_variable"")",conservative_temp,conservative_temp
*,"=HYPERLINK(""https://github.com/mom-ocean/MOM5/search?q=ocean_thickness_nml"", ""&ocean_thickness_nml"")","=HYPERLINK(""https://github.com/mom-ocean/MOM5/search?q=debug_this_module"", ""debug_this_module"")",False,
,"=HYPERLINK(""https://github.com/mom-ocean/MOM5/search?q=ocean_thickness_nml"", ""&ocean_thickness_nml"")","=HYPERLINK(""https://github.com/mom-ocean/MOM5/search?q=debug_this_module_detail"", ""debug_this_module_detail"")",False,False
,"=HYPERLINK(""https://github.com/mom-ocean/MOM5/search?q=ocean_thickness_nml"", ""&ocean_thickness_nml"")","=HYPERLINK(""https://github.com/mom-ocean/MOM5/search?q=rescale_mass_to_get_ht_mod"", ""rescale_mass_to_get_ht_mod"")",False,False
,"=HYPERLINK(""https://github.com/mom-ocean/MOM5/search?q=ocean_thickness_nml"", ""&ocean_thickness_nml"")","=HYPERLINK(""https://github.com/mom-ocean/MOM5/search?q=thickness_method"", ""thickness_method"")",energetic,energetic
*,"=HYPERLINK(""https://github.com/mom-ocean/MOM5/search?q=ocean_topog_nml"", ""&ocean_topog_nml"")","=HYPERLINK(""https://github.com/mom-ocean/MOM5/search?q=min_thickness"", ""min_thickness"")",,0.001
*,"=HYPERLINK(""https://github.com/mom-ocean/MOM5/search?q=ocean_tracer_advect_nml"", ""&ocean_tracer_advect_nml"")","=HYPERLINK(""https://github.com/mom-ocean/MOM5/search?q=debug_this_module"", ""debug_this_module"")",False,
,"=HYPERLINK(""https://github.com/mom-ocean/MOM5/search?q=ocean_tracer_advect_nml"", ""&ocean_tracer_advect_nml"")","=HYPERLINK(""https://github.com/mom-ocean/MOM5/search?q=read_basin_mask"", ""read_basin_mask"")",False,False
,"=HYPERLINK(""https://github.com/mom-ocean/MOM5/search?q=ocean_tracer_diag_nml"", ""&ocean_tracer_diag_nml"")","=HYPERLINK(""https://github.com/mom-ocean/MOM5/search?q=diag_step"", ""diag_step"")",576,576
,"=HYPERLINK(""https://github.com/mom-ocean/MOM5/search?q=ocean_tracer_diag_nml"", ""&ocean_tracer_diag_nml"")","=HYPERLINK(""https://github.com/mom-ocean/MOM5/search?q=do_bitwise_exact_sum"", ""do_bitwise_exact_sum"")",False,False
,"=HYPERLINK(""https://github.com/mom-ocean/MOM5/search?q=ocean_tracer_diag_nml"", ""&ocean_tracer_diag_nml"")","=HYPERLINK(""https://github.com/mom-ocean/MOM5/search?q=tracer_conserve_days"", ""tracer_conserve_days"")",30.0,30.0
,"=HYPERLINK(""https://github.com/mom-ocean/MOM5/search?q=ocean_tracer_nml"", ""&ocean_tracer_nml"")","=HYPERLINK(""https://github.com/mom-ocean/MOM5/search?q=age_tracer_max_init"", ""age_tracer_max_init"")",0.0,0.0
*,"=HYPERLINK(""https://github.com/mom-ocean/MOM5/search?q=ocean_tracer_nml"", ""&ocean_tracer_nml"")","=HYPERLINK(""https://github.com/mom-ocean/MOM5/search?q=debug_this_module"", ""debug_this_module"")",False,
,"=HYPERLINK(""https://github.com/mom-ocean/MOM5/search?q=ocean_tracer_nml"", ""&ocean_tracer_nml"")","=HYPERLINK(""https://github.com/mom-ocean/MOM5/search?q=frazil_heating_after_vphysics"", ""frazil_heating_after_vphysics"")",True,True
,"=HYPERLINK(""https://github.com/mom-ocean/MOM5/search?q=ocean_tracer_nml"", ""&ocean_tracer_nml"")","=HYPERLINK(""https://github.com/mom-ocean/MOM5/search?q=frazil_heating_before_vphysics"", ""frazil_heating_before_vphysics"")",False,False
,"=HYPERLINK(""https://github.com/mom-ocean/MOM5/search?q=ocean_tracer_nml"", ""&ocean_tracer_nml"")","=HYPERLINK(""https://github.com/mom-ocean/MOM5/search?q=limit_age_tracer"", ""limit_age_tracer"")",True,True
,"=HYPERLINK(""https://github.com/mom-ocean/MOM5/search?q=ocean_tracer_nml"", ""&ocean_tracer_nml"")","=HYPERLINK(""https://github.com/mom-ocean/MOM5/search?q=remap_depth_to_s_init"", ""remap_depth_to_s_init"")",False,False
,"=HYPERLINK(""https://github.com/mom-ocean/MOM5/search?q=ocean_tracer_nml"", ""&ocean_tracer_nml"")","=HYPERLINK(""https://github.com/mom-ocean/MOM5/search?q=use_tempsalt_check_range"", ""use_tempsalt_check_range"")",True,True
,"=HYPERLINK(""https://github.com/mom-ocean/MOM5/search?q=ocean_tracer_nml"", ""&ocean_tracer_nml"")","=HYPERLINK(""https://github.com/mom-ocean/MOM5/search?q=zero_tendency"", ""zero_tendency"")",False,False
,"=HYPERLINK(""https://github.com/mom-ocean/MOM5/search?q=ocean_tracer_nml"", ""&ocean_tracer_nml"")","=HYPERLINK(""https://github.com/mom-ocean/MOM5/search?q=zero_tracer_source"", ""zero_tracer_source"")",False,False
*,"=HYPERLINK(""https://github.com/mom-ocean/MOM5/search?q=ocean_velocity_diag_nml"", ""&ocean_velocity_diag_nml"")","=HYPERLINK(""https://github.com/mom-ocean/MOM5/search?q=debug_this_module"", ""debug_this_module"")",False,
,"=HYPERLINK(""https://github.com/mom-ocean/MOM5/search?q=ocean_velocity_diag_nml"", ""&ocean_velocity_diag_nml"")","=HYPERLINK(""https://github.com/mom-ocean/MOM5/search?q=diag_step"", ""diag_step"")",576,576
,"=HYPERLINK(""https://github.com/mom-ocean/MOM5/search?q=ocean_velocity_diag_nml"", ""&ocean_velocity_diag_nml"")","=HYPERLINK(""https://github.com/mom-ocean/MOM5/search?q=energy_diag_step"", ""energy_diag_step"")",5760,5760
,"=HYPERLINK(""https://github.com/mom-ocean/MOM5/search?q=ocean_velocity_diag_nml"", ""&ocean_velocity_diag_nml"")","=HYPERLINK(""https://github.com/mom-ocean/MOM5/search?q=large_cfl_value"", ""large_cfl_value"")",10.0,10.0
,"=HYPERLINK(""https://github.com/mom-ocean/MOM5/search?q=ocean_velocity_diag_nml"", ""&ocean_velocity_diag_nml"")","=HYPERLINK(""https://github.com/mom-ocean/MOM5/search?q=max_cfl_value"", ""max_cfl_value"")",100.0,100.0
,"=HYPERLINK(""https://github.com/mom-ocean/MOM5/search?q=ocean_velocity_nml"", ""&ocean_velocity_nml"")","=HYPERLINK(""https://github.com/mom-ocean/MOM5/search?q=adams_bashforth_third"", ""adams_bashforth_third"")",True,True
,"=HYPERLINK(""https://github.com/mom-ocean/MOM5/search?q=ocean_velocity_nml"", ""&ocean_velocity_nml"")","=HYPERLINK(""https://github.com/mom-ocean/MOM5/search?q=max_cgint"", ""max_cgint"")",1.0,1.0
,"=HYPERLINK(""https://github.com/mom-ocean/MOM5/search?q=ocean_velocity_nml"", ""&ocean_velocity_nml"")","=HYPERLINK(""https://github.com/mom-ocean/MOM5/search?q=truncate_velocity"", ""truncate_velocity"")",False,False
,"=HYPERLINK(""https://github.com/mom-ocean/MOM5/search?q=ocean_velocity_nml"", ""&ocean_velocity_nml"")","=HYPERLINK(""https://github.com/mom-ocean/MOM5/search?q=truncate_velocity_value"", ""truncate_velocity_value"")",2.0,2.0
,"=HYPERLINK(""https://github.com/mom-ocean/MOM5/search?q=ocean_velocity_nml"", ""&ocean_velocity_nml"")","=HYPERLINK(""https://github.com/mom-ocean/MOM5/search?q=truncate_verbose"", ""truncate_verbose"")",True,True
,"=HYPERLINK(""https://github.com/mom-ocean/MOM5/search?q=ocean_velocity_nml"", ""&ocean_velocity_nml"")","=HYPERLINK(""https://github.com/mom-ocean/MOM5/search?q=zero_tendency"", ""zero_tendency"")",False,False
,"=HYPERLINK(""https://github.com/mom-ocean/MOM5/search?q=ocean_velocity_nml"", ""&ocean_velocity_nml"")","=HYPERLINK(""https://github.com/mom-ocean/MOM5/search?q=zero_tendency_explicit_a"", ""zero_tendency_explicit_a"")",False,False
,"=HYPERLINK(""https://github.com/mom-ocean/MOM5/search?q=ocean_velocity_nml"", ""&ocean_velocity_nml"")","=HYPERLINK(""https://github.com/mom-ocean/MOM5/search?q=zero_tendency_explicit_b"", ""zero_tendency_explicit_b"")",False,False
,"=HYPERLINK(""https://github.com/mom-ocean/MOM5/search?q=ocean_velocity_nml"", ""&ocean_velocity_nml"")","=HYPERLINK(""https://github.com/mom-ocean/MOM5/search?q=zero_tendency_implicit"", ""zero_tendency_implicit"")",False,False
*,"=HYPERLINK(""https://github.com/mom-ocean/MOM5/search?q=ocean_vert_kpp_iow_nml"", ""&ocean_vert_kpp_iow_nml"")","=HYPERLINK(""https://github.com/mom-ocean/MOM5/search?q=use_this_module"", ""use_this_module"")",False,
,"=HYPERLINK(""https://github.com/mom-ocean/MOM5/search?q=ocean_vert_kpp_mom4p1_nml"", ""&ocean_vert_kpp_mom4p1_nml"")","=HYPERLINK(""https://github.com/mom-ocean/MOM5/search?q=diff_cbt_iw"", ""diff_cbt_iw"")",0.0,0.0
,"=HYPERLINK(""https://github.com/mom-ocean/MOM5/search?q=ocean_vert_kpp_mom4p1_nml"", ""&ocean_vert_kpp_mom4p1_nml"")","=HYPERLINK(""https://github.com/mom-ocean/MOM5/search?q=double_diffusion"", ""double_diffusion"")",True,True
,"=HYPERLINK(""https://github.com/mom-ocean/MOM5/search?q=ocean_vert_kpp_mom4p1_nml"", ""&ocean_vert_kpp_mom4p1_nml"")","=HYPERLINK(""https://github.com/mom-ocean/MOM5/search?q=kbl_standard_method"", ""kbl_standard_method"")",False,False
,"=HYPERLINK(""https://github.com/mom-ocean/MOM5/search?q=ocean_vert_kpp_mom4p1_nml"", ""&ocean_vert_kpp_mom4p1_nml"")","=HYPERLINK(""https://github.com/mom-ocean/MOM5/search?q=ricr"", ""ricr"")",0.3,0.3
,"=HYPERLINK(""https://github.com/mom-ocean/MOM5/search?q=ocean_vert_kpp_mom4p1_nml"", ""&ocean_vert_kpp_mom4p1_nml"")","=HYPERLINK(""https://github.com/mom-ocean/MOM5/search?q=smooth_blmc"", ""smooth_blmc"")",False,False
,"=HYPERLINK(""https://github.com/mom-ocean/MOM5/search?q=ocean_vert_kpp_mom4p1_nml"", ""&ocean_vert_kpp_mom4p1_nml"")","=HYPERLINK(""https://github.com/mom-ocean/MOM5/search?q=smooth_ri_kmax_eq_kmu"", ""smooth_ri_kmax_eq_kmu"")",True,True
,"=HYPERLINK(""https://github.com/mom-ocean/MOM5/search?q=ocean_vert_kpp_mom4p1_nml"", ""&ocean_vert_kpp_mom4p1_nml"")","=HYPERLINK(""https://github.com/mom-ocean/MOM5/search?q=use_this_module"", ""use_this_module"")",True,True
,"=HYPERLINK(""https://github.com/mom-ocean/MOM5/search?q=ocean_vert_kpp_mom4p1_nml"", ""&ocean_vert_kpp_mom4p1_nml"")","=HYPERLINK(""https://github.com/mom-ocean/MOM5/search?q=visc_cbu_iw"", ""visc_cbu_iw"")",0.0,0.0
,"=HYPERLINK(""https://github.com/mom-ocean/MOM5/search?q=ocean_vert_mix_nml"", ""&ocean_vert_mix_nml"")","=HYPERLINK(""https://github.com/mom-ocean/MOM5/search?q=aidif"", ""aidif"")",1.0,1.0
,"=HYPERLINK(""https://github.com/mom-ocean/MOM5/search?q=ocean_vert_mix_nml"", ""&ocean_vert_mix_nml"")","=HYPERLINK(""https://github.com/mom-ocean/MOM5/search?q=bryan_lewis_diffusivity"", ""bryan_lewis_diffusivity"")",False,False
,"=HYPERLINK(""https://github.com/mom-ocean/MOM5/search?q=ocean_vert_mix_nml"", ""&ocean_vert_mix_nml"")","=HYPERLINK(""https://github.com/mom-ocean/MOM5/search?q=bryan_lewis_lat_depend"", ""bryan_lewis_lat_depend"")",False,False
,"=HYPERLINK(""https://github.com/mom-ocean/MOM5/search?q=ocean_vert_mix_nml"", ""&ocean_vert_mix_nml"")","=HYPERLINK(""https://github.com/mom-ocean/MOM5/search?q=hwf_diffusivity"", ""hwf_diffusivity"")",False,False
,"=HYPERLINK(""https://github.com/mom-ocean/MOM5/search?q=ocean_vert_mix_nml"", ""&ocean_vert_mix_nml"")","=HYPERLINK(""https://github.com/mom-ocean/MOM5/search?q=hwf_min_diffusivity"", ""hwf_min_diffusivity"")",2e-06,2e-06
,"=HYPERLINK(""https://github.com/mom-ocean/MOM5/search?q=ocean_vert_mix_nml"", ""&ocean_vert_mix_nml"")","=HYPERLINK(""https://github.com/mom-ocean/MOM5/search?q=hwf_n0_2omega"", ""hwf_n0_2omega"")",20.0,20.0
,"=HYPERLINK(""https://github.com/mom-ocean/MOM5/search?q=ocean_vert_mix_nml"", ""&ocean_vert_mix_nml"")","=HYPERLINK(""https://github.com/mom-ocean/MOM5/search?q=j09_bgmax"", ""j09_bgmax"")",1e-06,1e-06
,"=HYPERLINK(""https://github.com/mom-ocean/MOM5/search?q=ocean_vert_mix_nml"", ""&ocean_vert_mix_nml"")","=HYPERLINK(""https://github.com/mom-ocean/MOM5/search?q=j09_bgmin"", ""j09_bgmin"")",1e-06,1e-06
,"=HYPERLINK(""https://github.com/mom-ocean/MOM5/search?q=ocean_vert_mix_nml"", ""&ocean_vert_mix_nml"")","=HYPERLINK(""https://github.com/mom-ocean/MOM5/search?q=j09_diffusivity"", ""j09_diffusivity"")",True,True
,"=HYPERLINK(""https://github.com/mom-ocean/MOM5/search?q=ocean_vert_mix_nml"", ""&ocean_vert_mix_nml"")","=HYPERLINK(""https://github.com/mom-ocean/MOM5/search?q=j09_lat"", ""j09_lat"")",20.0,20.0
,"=HYPERLINK(""https://github.com/mom-ocean/MOM5/search?q=ocean_vert_mix_nml"", ""&ocean_vert_mix_nml"")","=HYPERLINK(""https://github.com/mom-ocean/MOM5/search?q=use_diff_cbt_table"", ""use_diff_cbt_table"")",False,False
,"=HYPERLINK(""https://github.com/mom-ocean/MOM5/search?q=ocean_vert_mix_nml"", ""&ocean_vert_mix_nml"")","=HYPERLINK(""https://github.com/mom-ocean/MOM5/search?q=vert_diff_back_via_max"", ""vert_diff_back_via_max"")",True,True
,"=HYPERLINK(""https://github.com/mom-ocean/MOM5/search?q=ocean_vert_mix_nml"", ""&ocean_vert_mix_nml"")","=HYPERLINK(""https://github.com/mom-ocean/MOM5/search?q=vert_mix_scheme"", ""vert_mix_scheme"")",kpp_mom4p1,kpp_mom4p1
,"=HYPERLINK(""https://github.com/mom-ocean/MOM5/search?q=ocean_vert_tidal_nml"", ""&ocean_vert_tidal_nml"")","=HYPERLINK(""https://github.com/mom-ocean/MOM5/search?q=background_diffusivity"", ""background_diffusivity"")",0.0,0.0
,"=HYPERLINK(""https://github.com/mom-ocean/MOM5/search?q=ocean_vert_tidal_nml"", ""&ocean_vert_tidal_nml"")","=HYPERLINK(""https://github.com/mom-ocean/MOM5/search?q=background_viscosity"", ""background_viscosity"")",0.0001,0.0001
,"=HYPERLINK(""https://github.com/mom-ocean/MOM5/search?q=ocean_vert_tidal_nml"", ""&ocean_vert_tidal_nml"")","=HYPERLINK(""https://github.com/mom-ocean/MOM5/search?q=decay_scale"", ""decay_scale"")",500.0,500.0
,"=HYPERLINK(""https://github.com/mom-ocean/MOM5/search?q=ocean_vert_tidal_nml"", ""&ocean_vert_tidal_nml"")","=HYPERLINK(""https://github.com/mom-ocean/MOM5/search?q=drag_dissipation_use_cdbot"", ""drag_dissipation_use_cdbot"")",True,True
,"=HYPERLINK(""https://github.com/mom-ocean/MOM5/search?q=ocean_vert_tidal_nml"", ""&ocean_vert_tidal_nml"")","=HYPERLINK(""https://github.com/mom-ocean/MOM5/search?q=drhodz_min"", ""drhodz_min"")",1e-10,1e-10
,"=HYPERLINK(""https://github.com/mom-ocean/MOM5/search?q=ocean_vert_tidal_nml"", ""&ocean_vert_tidal_nml"")","=HYPERLINK(""https://github.com/mom-ocean/MOM5/search?q=fixed_wave_dissipation"", ""fixed_wave_dissipation"")",False,False
,"=HYPERLINK(""https://github.com/mom-ocean/MOM5/search?q=ocean_vert_tidal_nml"", ""&ocean_vert_tidal_nml"")","=HYPERLINK(""https://github.com/mom-ocean/MOM5/search?q=max_wave_diffusivity"", ""max_wave_diffusivity"")",0.01,0.01
,"=HYPERLINK(""https://github.com/mom-ocean/MOM5/search?q=ocean_vert_tidal_nml"", ""&ocean_vert_tidal_nml"")","=HYPERLINK(""https://github.com/mom-ocean/MOM5/search?q=mixing_efficiency_n2depend"", ""mixing_efficiency_n2depend"")",True,True
,"=HYPERLINK(""https://github.com/mom-ocean/MOM5/search?q=ocean_vert_tidal_nml"", ""&ocean_vert_tidal_nml"")","=HYPERLINK(""https://github.com/mom-ocean/MOM5/search?q=read_roughness"", ""read_roughness"")",True,True
,"=HYPERLINK(""https://github.com/mom-ocean/MOM5/search?q=ocean_vert_tidal_nml"", ""&ocean_vert_tidal_nml"")","=HYPERLINK(""https://github.com/mom-ocean/MOM5/search?q=read_tide_speed"", ""read_tide_speed"")",True,True
,"=HYPERLINK(""https://github.com/mom-ocean/MOM5/search?q=ocean_vert_tidal_nml"", ""&ocean_vert_tidal_nml"")","=HYPERLINK(""https://github.com/mom-ocean/MOM5/search?q=read_wave_dissipation"", ""read_wave_dissipation"")",False,False
,"=HYPERLINK(""https://github.com/mom-ocean/MOM5/search?q=ocean_vert_tidal_nml"", ""&ocean_vert_tidal_nml"")","=HYPERLINK(""https://github.com/mom-ocean/MOM5/search?q=reading_roughness_amp"", ""reading_roughness_amp"")",True,True
,"=HYPERLINK(""https://github.com/mom-ocean/MOM5/search?q=ocean_vert_tidal_nml"", ""&ocean_vert_tidal_nml"")","=HYPERLINK(""https://github.com/mom-ocean/MOM5/search?q=reading_roughness_length"", ""reading_roughness_length"")",False,False
,"=HYPERLINK(""https://github.com/mom-ocean/MOM5/search?q=ocean_vert_tidal_nml"", ""&ocean_vert_tidal_nml"")","=HYPERLINK(""https://github.com/mom-ocean/MOM5/search?q=roughness_scale"", ""roughness_scale"")",12000.0,12000.0
,"=HYPERLINK(""https://github.com/mom-ocean/MOM5/search?q=ocean_vert_tidal_nml"", ""&ocean_vert_tidal_nml"")","=HYPERLINK(""https://github.com/mom-ocean/MOM5/search?q=shelf_depth_cutoff"", ""shelf_depth_cutoff"")",-1000.0,-1000.0
,"=HYPERLINK(""https://github.com/mom-ocean/MOM5/search?q=ocean_vert_tidal_nml"", ""&ocean_vert_tidal_nml"")","=HYPERLINK(""https://github.com/mom-ocean/MOM5/search?q=tide_speed_data_on_t_grid"", ""tide_speed_data_on_t_grid"")",True,True
,"=HYPERLINK(""https://github.com/mom-ocean/MOM5/search?q=ocean_vert_tidal_nml"", ""&ocean_vert_tidal_nml"")","=HYPERLINK(""https://github.com/mom-ocean/MOM5/search?q=use_drag_dissipation"", ""use_drag_dissipation"")",True,True
,"=HYPERLINK(""https://github.com/mom-ocean/MOM5/search?q=ocean_vert_tidal_nml"", ""&ocean_vert_tidal_nml"")","=HYPERLINK(""https://github.com/mom-ocean/MOM5/search?q=use_legacy_methods"", ""use_legacy_methods"")",False,False
,"=HYPERLINK(""https://github.com/mom-ocean/MOM5/search?q=ocean_vert_tidal_nml"", ""&ocean_vert_tidal_nml"")","=HYPERLINK(""https://github.com/mom-ocean/MOM5/search?q=use_this_module"", ""use_this_module"")",True,True
,"=HYPERLINK(""https://github.com/mom-ocean/MOM5/search?q=ocean_vert_tidal_nml"", ""&ocean_vert_tidal_nml"")","=HYPERLINK(""https://github.com/mom-ocean/MOM5/search?q=use_wave_dissipation"", ""use_wave_dissipation"")",True,True
,"=HYPERLINK(""https://github.com/mom-ocean/MOM5/search?q=ocean_vert_tidal_nml"", ""&ocean_vert_tidal_nml"")","=HYPERLINK(""https://github.com/mom-ocean/MOM5/search?q=wave_energy_flux_max"", ""wave_energy_flux_max"")",0.1,0.1
,"=HYPERLINK(""https://github.com/mom-ocean/MOM5/search?q=ocean_xlandinsert_nml"", ""&ocean_xlandinsert_nml"")","=HYPERLINK(""https://github.com/mom-ocean/MOM5/search?q=use_this_module"", ""use_this_module"")",False,False
,"=HYPERLINK(""https://github.com/mom-ocean/MOM5/search?q=ocean_xlandmix_nml"", ""&ocean_xlandmix_nml"")","=HYPERLINK(""https://github.com/mom-ocean/MOM5/search?q=use_this_module"", ""use_this_module"")",False,False
,"=HYPERLINK(""https://github.com/mom-ocean/MOM5/search?q=xgrid_nml"", ""&xgrid_nml"")","=HYPERLINK(""https://github.com/mom-ocean/MOM5/search?q=do_alltoall"", ""do_alltoall"")",True,True
,"=HYPERLINK(""https://github.com/mom-ocean/MOM5/search?q=xgrid_nml"", ""&xgrid_nml"")","=HYPERLINK(""https://github.com/mom-ocean/MOM5/search?q=do_alltoallv"", ""do_alltoallv"")",True,True
,"=HYPERLINK(""https://github.com/mom-ocean/MOM5/search?q=xgrid_nml"", ""&xgrid_nml"")","=HYPERLINK(""https://github.com/mom-ocean/MOM5/search?q=interp_method"", ""interp_method"")",second_order,second_order
,"=HYPERLINK(""https://github.com/mom-ocean/MOM5/search?q=xgrid_nml"", ""&xgrid_nml"")","=HYPERLINK(""https://github.com/mom-ocean/MOM5/search?q=make_exchange_reproduce"", ""make_exchange_reproduce"")",False,False
,"=HYPERLINK(""https://github.com/mom-ocean/MOM5/search?q=xgrid_nml"", ""&xgrid_nml"")","=HYPERLINK(""https://github.com/mom-ocean/MOM5/search?q=nsubset"", ""nsubset"")",16,16
