diff,group,variable,ACCESS-OM2_1deg_jra55_ryf/ocean/input.nml,ACCESS-OM2_025deg_jra55_ryf/ocean/input.nml,ACCESS-OM2_01deg_jra55_ryf/ocean/input.nml
*,"=HYPERLINK(""https://github.com/mom-ocean/MOM5/search?q=auscom_ice_nml"", ""&auscom_ice_nml"")","=HYPERLINK(""https://github.com/mom-ocean/MOM5/search?q=redsea_gulfbay_sfix"", ""redsea_gulfbay_sfix"")",False,,
*,"=HYPERLINK(""https://github.com/mom-ocean/MOM5/search?q=fms_io_nml"", ""&fms_io_nml"")","=HYPERLINK(""https://github.com/mom-ocean/MOM5/search?q=checksum_required"", ""checksum_required"")",,,False
*,"=HYPERLINK(""https://github.com/mom-ocean/MOM5/search?q=fms_io_nml"", ""&fms_io_nml"")","=HYPERLINK(""https://github.com/mom-ocean/MOM5/search?q=fileset_write"", ""fileset_write"")",single,single,multi
*,"=HYPERLINK(""https://github.com/mom-ocean/MOM5/search?q=fms_io_nml"", ""&fms_io_nml"")","=HYPERLINK(""https://github.com/mom-ocean/MOM5/search?q=threading_write"", ""threading_write"")",single,single,multi
*,"=HYPERLINK(""https://github.com/mom-ocean/MOM5/search?q=fms_nml"", ""&fms_nml"")","=HYPERLINK(""https://github.com/mom-ocean/MOM5/search?q=clock_grain"", ""clock_grain"")",LOOP,LOOP,ROUTINE
*,"=HYPERLINK(""https://github.com/mom-ocean/MOM5/search?q=fms_nml"", ""&fms_nml"")","=HYPERLINK(""https://github.com/mom-ocean/MOM5/search?q=domains_stack_size"", ""domains_stack_size"")",115200,,115200
*,"=HYPERLINK(""https://github.com/mom-ocean/MOM5/search?q=mpp_io_nml"", ""&mpp_io_nml"")","=HYPERLINK(""https://github.com/mom-ocean/MOM5/search?q=deflate_level"", ""deflate_level"")",-1,5,5
*,"=HYPERLINK(""https://github.com/mom-ocean/MOM5/search?q=ocean_adv_vel_diag_nml"", ""&ocean_adv_vel_diag_nml"")","=HYPERLINK(""https://github.com/mom-ocean/MOM5/search?q=diag_step"", ""diag_step"")",4320,4320,576
*,"=HYPERLINK(""https://github.com/mom-ocean/MOM5/search?q=ocean_advection_velocity_nml"", ""&ocean_advection_velocity_nml"")","=HYPERLINK(""https://github.com/mom-ocean/MOM5/search?q=max_advection_velocity"", ""max_advection_velocity"")",0.5,0.5,0.3
*,"=HYPERLINK(""https://github.com/mom-ocean/MOM5/search?q=ocean_barotropic_nml"", ""&ocean_barotropic_nml"")","=HYPERLINK(""https://github.com/mom-ocean/MOM5/search?q=diag_step"", ""diag_step"")",4320,4320,576
*,"=HYPERLINK(""https://github.com/mom-ocean/MOM5/search?q=ocean_bihgen_friction_nml"", ""&ocean_bihgen_friction_nml"")","=HYPERLINK(""https://github.com/mom-ocean/MOM5/search?q=bottom_5point"", ""bottom_5point"")",True,False,False
*,"=HYPERLINK(""https://github.com/mom-ocean/MOM5/search?q=ocean_bihgen_friction_nml"", ""&ocean_bihgen_friction_nml"")","=HYPERLINK(""https://github.com/mom-ocean/MOM5/search?q=ncar_boundary_scaling"", ""ncar_boundary_scaling"")",True,False,False
*,"=HYPERLINK(""https://github.com/mom-ocean/MOM5/search?q=ocean_bihgen_friction_nml"", ""&ocean_bihgen_friction_nml"")","=HYPERLINK(""https://github.com/mom-ocean/MOM5/search?q=vel_micom_bottom"", ""vel_micom_bottom"")",0.01,0.0,0.0
*,"=HYPERLINK(""https://github.com/mom-ocean/MOM5/search?q=ocean_bihgen_friction_nml"", ""&ocean_bihgen_friction_nml"")","=HYPERLINK(""https://github.com/mom-ocean/MOM5/search?q=vel_micom_iso"", ""vel_micom_iso"")",0.04,0.0,0.0
*,"=HYPERLINK(""https://github.com/mom-ocean/MOM5/search?q=ocean_bihgen_friction_nml"", ""&ocean_bihgen_friction_nml"")","=HYPERLINK(""https://github.com/mom-ocean/MOM5/search?q=visc_crit_scale"", ""visc_crit_scale"")",0.25,1.0,1.0
*,"=HYPERLINK(""https://github.com/mom-ocean/MOM5/search?q=ocean_lapgen_friction_nml"", ""&ocean_lapgen_friction_nml"")","=HYPERLINK(""https://github.com/mom-ocean/MOM5/search?q=bottom_5point"", ""bottom_5point"")",True,,
*,"=HYPERLINK(""https://github.com/mom-ocean/MOM5/search?q=ocean_lapgen_friction_nml"", ""&ocean_lapgen_friction_nml"")","=HYPERLINK(""https://github.com/mom-ocean/MOM5/search?q=k_smag_aniso"", ""k_smag_aniso"")",0.0,,
*,"=HYPERLINK(""https://github.com/mom-ocean/MOM5/search?q=ocean_lapgen_friction_nml"", ""&ocean_lapgen_friction_nml"")","=HYPERLINK(""https://github.com/mom-ocean/MOM5/search?q=k_smag_iso"", ""k_smag_iso"")",0.0,,
*,"=HYPERLINK(""https://github.com/mom-ocean/MOM5/search?q=ocean_lapgen_friction_nml"", ""&ocean_lapgen_friction_nml"")","=HYPERLINK(""https://github.com/mom-ocean/MOM5/search?q=restrict_polar_visc"", ""restrict_polar_visc"")",True,,
*,"=HYPERLINK(""https://github.com/mom-ocean/MOM5/search?q=ocean_lapgen_friction_nml"", ""&ocean_lapgen_friction_nml"")","=HYPERLINK(""https://github.com/mom-ocean/MOM5/search?q=restrict_polar_visc_lat"", ""restrict_polar_visc_lat"")",60.0,,
*,"=HYPERLINK(""https://github.com/mom-ocean/MOM5/search?q=ocean_lapgen_friction_nml"", ""&ocean_lapgen_friction_nml"")","=HYPERLINK(""https://github.com/mom-ocean/MOM5/search?q=restrict_polar_visc_ratio"", ""restrict_polar_visc_ratio"")",0.35,,
*,"=HYPERLINK(""https://github.com/mom-ocean/MOM5/search?q=ocean_lapgen_friction_nml"", ""&ocean_lapgen_friction_nml"")","=HYPERLINK(""https://github.com/mom-ocean/MOM5/search?q=use_this_module"", ""use_this_module"")",True,False,False
*,"=HYPERLINK(""https://github.com/mom-ocean/MOM5/search?q=ocean_lapgen_friction_nml"", ""&ocean_lapgen_friction_nml"")","=HYPERLINK(""https://github.com/mom-ocean/MOM5/search?q=vel_micom_iso"", ""vel_micom_iso"")",0.1,,
*,"=HYPERLINK(""https://github.com/mom-ocean/MOM5/search?q=ocean_lapgen_friction_nml"", ""&ocean_lapgen_friction_nml"")","=HYPERLINK(""https://github.com/mom-ocean/MOM5/search?q=viscosity_ncar"", ""viscosity_ncar"")",False,,
*,"=HYPERLINK(""https://github.com/mom-ocean/MOM5/search?q=ocean_lapgen_friction_nml"", ""&ocean_lapgen_friction_nml"")","=HYPERLINK(""https://github.com/mom-ocean/MOM5/search?q=viscosity_ncar_2007"", ""viscosity_ncar_2007"")",False,,
*,"=HYPERLINK(""https://github.com/mom-ocean/MOM5/search?q=ocean_lapgen_friction_nml"", ""&ocean_lapgen_friction_nml"")","=HYPERLINK(""https://github.com/mom-ocean/MOM5/search?q=viscosity_scale_by_rossby"", ""viscosity_scale_by_rossby"")",True,,
*,"=HYPERLINK(""https://github.com/mom-ocean/MOM5/search?q=ocean_lapgen_friction_nml"", ""&ocean_lapgen_friction_nml"")","=HYPERLINK(""https://github.com/mom-ocean/MOM5/search?q=viscosity_scale_by_rossby_power"", ""viscosity_scale_by_rossby_power"")",4.0,,
*,"=HYPERLINK(""https://github.com/mom-ocean/MOM5/search?q=ocean_mixdownslope_nml"", ""&ocean_mixdownslope_nml"")","=HYPERLINK(""https://github.com/mom-ocean/MOM5/search?q=mixdownslope_mask_gfdl"", ""mixdownslope_mask_gfdl"")",False,,
*,"=HYPERLINK(""https://github.com/mom-ocean/MOM5/search?q=ocean_mixdownslope_nml"", ""&ocean_mixdownslope_nml"")","=HYPERLINK(""https://github.com/mom-ocean/MOM5/search?q=mixdownslope_npts"", ""mixdownslope_npts"")",4,,
*,"=HYPERLINK(""https://github.com/mom-ocean/MOM5/search?q=ocean_mixdownslope_nml"", ""&ocean_mixdownslope_nml"")","=HYPERLINK(""https://github.com/mom-ocean/MOM5/search?q=read_mixdownslope_mask"", ""read_mixdownslope_mask"")",False,,
*,"=HYPERLINK(""https://github.com/mom-ocean/MOM5/search?q=ocean_mixdownslope_nml"", ""&ocean_mixdownslope_nml"")","=HYPERLINK(""https://github.com/mom-ocean/MOM5/search?q=use_this_module"", ""use_this_module"")",True,False,False
*,"=HYPERLINK(""https://github.com/mom-ocean/MOM5/search?q=ocean_model_nml"", ""&ocean_model_nml"")","=HYPERLINK(""https://github.com/mom-ocean/MOM5/search?q=io_layout"", ""io_layout"")","[4, 3]","[6, 5]","[5, 5]"
*,"=HYPERLINK(""https://github.com/mom-ocean/MOM5/search?q=ocean_model_nml"", ""&ocean_model_nml"")","=HYPERLINK(""https://github.com/mom-ocean/MOM5/search?q=layout"", ""layout"")","[16, 15]","[48, 40]","[80, 75]"
*,"=HYPERLINK(""https://github.com/mom-ocean/MOM5/search?q=ocean_nphysics_nml"", ""&ocean_nphysics_nml"")","=HYPERLINK(""https://github.com/mom-ocean/MOM5/search?q=use_nphysicsc"", ""use_nphysicsc"")",True,True,False
*,"=HYPERLINK(""https://github.com/mom-ocean/MOM5/search?q=ocean_nphysics_nml"", ""&ocean_nphysics_nml"")","=HYPERLINK(""https://github.com/mom-ocean/MOM5/search?q=use_this_module"", ""use_this_module"")",True,True,False
*,"=HYPERLINK(""https://github.com/mom-ocean/MOM5/search?q=ocean_nphysics_util_nml"", ""&ocean_nphysics_util_nml"")","=HYPERLINK(""https://github.com/mom-ocean/MOM5/search?q=agm_closure"", ""agm_closure"")",True,True,
*,"=HYPERLINK(""https://github.com/mom-ocean/MOM5/search?q=ocean_nphysics_util_nml"", ""&ocean_nphysics_util_nml"")","=HYPERLINK(""https://github.com/mom-ocean/MOM5/search?q=agm_closure_baroclinic"", ""agm_closure_baroclinic"")",True,True,
*,"=HYPERLINK(""https://github.com/mom-ocean/MOM5/search?q=ocean_nphysics_util_nml"", ""&ocean_nphysics_util_nml"")","=HYPERLINK(""https://github.com/mom-ocean/MOM5/search?q=agm_closure_buoy_freq"", ""agm_closure_buoy_freq"")",0.004,0.004,
*,"=HYPERLINK(""https://github.com/mom-ocean/MOM5/search?q=ocean_nphysics_util_nml"", ""&ocean_nphysics_util_nml"")","=HYPERLINK(""https://github.com/mom-ocean/MOM5/search?q=agm_closure_eady_ave_mixed"", ""agm_closure_eady_ave_mixed"")",True,True,
*,"=HYPERLINK(""https://github.com/mom-ocean/MOM5/search?q=ocean_nphysics_util_nml"", ""&ocean_nphysics_util_nml"")","=HYPERLINK(""https://github.com/mom-ocean/MOM5/search?q=agm_closure_eady_cap"", ""agm_closure_eady_cap"")",True,True,
*,"=HYPERLINK(""https://github.com/mom-ocean/MOM5/search?q=ocean_nphysics_util_nml"", ""&ocean_nphysics_util_nml"")","=HYPERLINK(""https://github.com/mom-ocean/MOM5/search?q=agm_closure_eady_smooth_horz"", ""agm_closure_eady_smooth_horz"")",True,True,
*,"=HYPERLINK(""https://github.com/mom-ocean/MOM5/search?q=ocean_nphysics_util_nml"", ""&ocean_nphysics_util_nml"")","=HYPERLINK(""https://github.com/mom-ocean/MOM5/search?q=agm_closure_eady_smooth_vert"", ""agm_closure_eady_smooth_vert"")",True,True,
*,"=HYPERLINK(""https://github.com/mom-ocean/MOM5/search?q=ocean_nphysics_util_nml"", ""&ocean_nphysics_util_nml"")","=HYPERLINK(""https://github.com/mom-ocean/MOM5/search?q=agm_closure_grid_scaling"", ""agm_closure_grid_scaling"")",True,True,
*,"=HYPERLINK(""https://github.com/mom-ocean/MOM5/search?q=ocean_nphysics_util_nml"", ""&ocean_nphysics_util_nml"")","=HYPERLINK(""https://github.com/mom-ocean/MOM5/search?q=agm_closure_length"", ""agm_closure_length"")",50000.0,20000.0,
*,"=HYPERLINK(""https://github.com/mom-ocean/MOM5/search?q=ocean_nphysics_util_nml"", ""&ocean_nphysics_util_nml"")","=HYPERLINK(""https://github.com/mom-ocean/MOM5/search?q=agm_closure_lower_depth"", ""agm_closure_lower_depth"")",2000.0,2000.0,
*,"=HYPERLINK(""https://github.com/mom-ocean/MOM5/search?q=ocean_nphysics_util_nml"", ""&ocean_nphysics_util_nml"")","=HYPERLINK(""https://github.com/mom-ocean/MOM5/search?q=agm_closure_max"", ""agm_closure_max"")",600.0,200.0,
*,"=HYPERLINK(""https://github.com/mom-ocean/MOM5/search?q=ocean_nphysics_util_nml"", ""&ocean_nphysics_util_nml"")","=HYPERLINK(""https://github.com/mom-ocean/MOM5/search?q=agm_closure_min"", ""agm_closure_min"")",50.0,1.0,
*,"=HYPERLINK(""https://github.com/mom-ocean/MOM5/search?q=ocean_nphysics_util_nml"", ""&ocean_nphysics_util_nml"")","=HYPERLINK(""https://github.com/mom-ocean/MOM5/search?q=agm_closure_scaling"", ""agm_closure_scaling"")",0.07,0.07,
*,"=HYPERLINK(""https://github.com/mom-ocean/MOM5/search?q=ocean_nphysics_util_nml"", ""&ocean_nphysics_util_nml"")","=HYPERLINK(""https://github.com/mom-ocean/MOM5/search?q=agm_closure_upper_depth"", ""agm_closure_upper_depth"")",100.0,100.0,
*,"=HYPERLINK(""https://github.com/mom-ocean/MOM5/search?q=ocean_nphysics_util_nml"", ""&ocean_nphysics_util_nml"")","=HYPERLINK(""https://github.com/mom-ocean/MOM5/search?q=aredi"", ""aredi"")",600.0,200.0,
*,"=HYPERLINK(""https://github.com/mom-ocean/MOM5/search?q=ocean_nphysics_util_nml"", ""&ocean_nphysics_util_nml"")","=HYPERLINK(""https://github.com/mom-ocean/MOM5/search?q=aredi_diffusivity_grid_scaling"", ""aredi_diffusivity_grid_scaling"")",,True,
*,"=HYPERLINK(""https://github.com/mom-ocean/MOM5/search?q=ocean_nphysics_util_nml"", ""&ocean_nphysics_util_nml"")","=HYPERLINK(""https://github.com/mom-ocean/MOM5/search?q=aredi_equal_agm"", ""aredi_equal_agm"")",False,False,
*,"=HYPERLINK(""https://github.com/mom-ocean/MOM5/search?q=ocean_nphysics_util_nml"", ""&ocean_nphysics_util_nml"")","=HYPERLINK(""https://github.com/mom-ocean/MOM5/search?q=drhodz_mom4p1"", ""drhodz_mom4p1"")",True,True,
*,"=HYPERLINK(""https://github.com/mom-ocean/MOM5/search?q=ocean_nphysics_util_nml"", ""&ocean_nphysics_util_nml"")","=HYPERLINK(""https://github.com/mom-ocean/MOM5/search?q=nphysics_util_zero_init"", ""nphysics_util_zero_init"")",True,True,
*,"=HYPERLINK(""https://github.com/mom-ocean/MOM5/search?q=ocean_nphysicsc_nml"", ""&ocean_nphysicsc_nml"")","=HYPERLINK(""https://github.com/mom-ocean/MOM5/search?q=bv_freq_smooth_vert"", ""bv_freq_smooth_vert"")",True,True,
*,"=HYPERLINK(""https://github.com/mom-ocean/MOM5/search?q=ocean_nphysicsc_nml"", ""&ocean_nphysicsc_nml"")","=HYPERLINK(""https://github.com/mom-ocean/MOM5/search?q=bvp_bc_mode"", ""bvp_bc_mode"")",2,2,
*,"=HYPERLINK(""https://github.com/mom-ocean/MOM5/search?q=ocean_nphysicsc_nml"", ""&ocean_nphysicsc_nml"")","=HYPERLINK(""https://github.com/mom-ocean/MOM5/search?q=bvp_min_speed"", ""bvp_min_speed"")",0.1,0.1,
*,"=HYPERLINK(""https://github.com/mom-ocean/MOM5/search?q=ocean_nphysicsc_nml"", ""&ocean_nphysicsc_nml"")","=HYPERLINK(""https://github.com/mom-ocean/MOM5/search?q=bvp_speed"", ""bvp_speed"")",0.0,0.0,
*,"=HYPERLINK(""https://github.com/mom-ocean/MOM5/search?q=ocean_nphysicsc_nml"", ""&ocean_nphysicsc_nml"")","=HYPERLINK(""https://github.com/mom-ocean/MOM5/search?q=do_gm_skewsion"", ""do_gm_skewsion"")",True,True,
*,"=HYPERLINK(""https://github.com/mom-ocean/MOM5/search?q=ocean_nphysicsc_nml"", ""&ocean_nphysicsc_nml"")","=HYPERLINK(""https://github.com/mom-ocean/MOM5/search?q=do_neutral_diffusion"", ""do_neutral_diffusion"")",True,True,
*,"=HYPERLINK(""https://github.com/mom-ocean/MOM5/search?q=ocean_nphysicsc_nml"", ""&ocean_nphysicsc_nml"")","=HYPERLINK(""https://github.com/mom-ocean/MOM5/search?q=epsln_bv_freq"", ""epsln_bv_freq"")",1e-12,1e-12,
*,"=HYPERLINK(""https://github.com/mom-ocean/MOM5/search?q=ocean_nphysicsc_nml"", ""&ocean_nphysicsc_nml"")","=HYPERLINK(""https://github.com/mom-ocean/MOM5/search?q=gm_skewsion_bvproblem"", ""gm_skewsion_bvproblem"")",True,True,
*,"=HYPERLINK(""https://github.com/mom-ocean/MOM5/search?q=ocean_nphysicsc_nml"", ""&ocean_nphysicsc_nml"")","=HYPERLINK(""https://github.com/mom-ocean/MOM5/search?q=gm_skewsion_modes"", ""gm_skewsion_modes"")",False,False,
*,"=HYPERLINK(""https://github.com/mom-ocean/MOM5/search?q=ocean_nphysicsc_nml"", ""&ocean_nphysicsc_nml"")","=HYPERLINK(""https://github.com/mom-ocean/MOM5/search?q=neutral_eddy_depth"", ""neutral_eddy_depth"")",True,True,
*,"=HYPERLINK(""https://github.com/mom-ocean/MOM5/search?q=ocean_nphysicsc_nml"", ""&ocean_nphysicsc_nml"")","=HYPERLINK(""https://github.com/mom-ocean/MOM5/search?q=neutral_physics_limit"", ""neutral_physics_limit"")",True,True,
*,"=HYPERLINK(""https://github.com/mom-ocean/MOM5/search?q=ocean_nphysicsc_nml"", ""&ocean_nphysicsc_nml"")","=HYPERLINK(""https://github.com/mom-ocean/MOM5/search?q=number_bc_modes"", ""number_bc_modes"")",2,2,
*,"=HYPERLINK(""https://github.com/mom-ocean/MOM5/search?q=ocean_nphysicsc_nml"", ""&ocean_nphysicsc_nml"")","=HYPERLINK(""https://github.com/mom-ocean/MOM5/search?q=regularize_psi"", ""regularize_psi"")",False,False,
*,"=HYPERLINK(""https://github.com/mom-ocean/MOM5/search?q=ocean_nphysicsc_nml"", ""&ocean_nphysicsc_nml"")","=HYPERLINK(""https://github.com/mom-ocean/MOM5/search?q=smax_psi"", ""smax_psi"")",0.01,0.01,
*,"=HYPERLINK(""https://github.com/mom-ocean/MOM5/search?q=ocean_nphysicsc_nml"", ""&ocean_nphysicsc_nml"")","=HYPERLINK(""https://github.com/mom-ocean/MOM5/search?q=smooth_psi"", ""smooth_psi"")",True,True,
*,"=HYPERLINK(""https://github.com/mom-ocean/MOM5/search?q=ocean_nphysicsc_nml"", ""&ocean_nphysicsc_nml"")","=HYPERLINK(""https://github.com/mom-ocean/MOM5/search?q=tmask_neutral_on"", ""tmask_neutral_on"")",True,True,
*,"=HYPERLINK(""https://github.com/mom-ocean/MOM5/search?q=ocean_nphysicsc_nml"", ""&ocean_nphysicsc_nml"")","=HYPERLINK(""https://github.com/mom-ocean/MOM5/search?q=turb_blayer_min"", ""turb_blayer_min"")",50.0,50.0,
*,"=HYPERLINK(""https://github.com/mom-ocean/MOM5/search?q=ocean_nphysicsc_nml"", ""&ocean_nphysicsc_nml"")","=HYPERLINK(""https://github.com/mom-ocean/MOM5/search?q=use_this_module"", ""use_this_module"")",True,True,False
*,"=HYPERLINK(""https://github.com/mom-ocean/MOM5/search?q=ocean_sbc_nml"", ""&ocean_sbc_nml"")","=HYPERLINK(""https://github.com/mom-ocean/MOM5/search?q=do_bitwise_exact_sum"", ""do_bitwise_exact_sum"")",True,False,False
*,"=HYPERLINK(""https://github.com/mom-ocean/MOM5/search?q=ocean_sbc_nml"", ""&ocean_sbc_nml"")","=HYPERLINK(""https://github.com/mom-ocean/MOM5/search?q=max_delta_salinity_restore"", ""max_delta_salinity_restore"")",-0.5,0.5,0.5
*,"=HYPERLINK(""https://github.com/mom-ocean/MOM5/search?q=ocean_sbc_nml"", ""&ocean_sbc_nml"")","=HYPERLINK(""https://github.com/mom-ocean/MOM5/search?q=ocean_ice_salt_limit"", ""ocean_ice_salt_limit"")",,0.006,0.006
*,"=HYPERLINK(""https://github.com/mom-ocean/MOM5/search?q=ocean_sbc_nml"", ""&ocean_sbc_nml"")","=HYPERLINK(""https://github.com/mom-ocean/MOM5/search?q=runoffspread"", ""runoffspread"")",,,False
*,"=HYPERLINK(""https://github.com/mom-ocean/MOM5/search?q=ocean_sbc_nml"", ""&ocean_sbc_nml"")","=HYPERLINK(""https://github.com/mom-ocean/MOM5/search?q=salt_restore_tscale"", ""salt_restore_tscale"")",21.28,21.28,10.0
*,"=HYPERLINK(""https://github.com/mom-ocean/MOM5/search?q=ocean_sigma_transport_nml"", ""&ocean_sigma_transport_nml"")","=HYPERLINK(""https://github.com/mom-ocean/MOM5/search?q=use_this_module"", ""use_this_module"")",True,False,False
*,"=HYPERLINK(""https://github.com/mom-ocean/MOM5/search?q=ocean_submesoscale_nml"", ""&ocean_submesoscale_nml"")","=HYPERLINK(""https://github.com/mom-ocean/MOM5/search?q=smooth_advect_transport_num"", ""smooth_advect_transport_num"")",2,4,4
*,"=HYPERLINK(""https://github.com/mom-ocean/MOM5/search?q=ocean_submesoscale_nml"", ""&ocean_submesoscale_nml"")","=HYPERLINK(""https://github.com/mom-ocean/MOM5/search?q=smooth_psi_num"", ""smooth_psi_num"")",2,3,3
*,"=HYPERLINK(""https://github.com/mom-ocean/MOM5/search?q=ocean_tracer_diag_nml"", ""&ocean_tracer_diag_nml"")","=HYPERLINK(""https://github.com/mom-ocean/MOM5/search?q=diag_step"", ""diag_step"")",4320,4320,576
*,"=HYPERLINK(""https://github.com/mom-ocean/MOM5/search?q=ocean_velocity_diag_nml"", ""&ocean_velocity_diag_nml"")","=HYPERLINK(""https://github.com/mom-ocean/MOM5/search?q=diag_step"", ""diag_step"")",4320,4320,576
*,"=HYPERLINK(""https://github.com/mom-ocean/MOM5/search?q=ocean_velocity_diag_nml"", ""&ocean_velocity_diag_nml"")","=HYPERLINK(""https://github.com/mom-ocean/MOM5/search?q=energy_diag_step"", ""energy_diag_step"")",4320,4320,5760
*,"=HYPERLINK(""https://github.com/mom-ocean/MOM5/search?q=ocean_vert_mix_nml"", ""&ocean_vert_mix_nml"")","=HYPERLINK(""https://github.com/mom-ocean/MOM5/search?q=j09_bgmax"", ""j09_bgmax"")",5e-06,,1e-06
*,"=HYPERLINK(""https://github.com/mom-ocean/MOM5/search?q=ocean_vert_mix_nml"", ""&ocean_vert_mix_nml"")","=HYPERLINK(""https://github.com/mom-ocean/MOM5/search?q=j09_bgmin"", ""j09_bgmin"")",1e-06,,1e-06
*,"=HYPERLINK(""https://github.com/mom-ocean/MOM5/search?q=ocean_vert_mix_nml"", ""&ocean_vert_mix_nml"")","=HYPERLINK(""https://github.com/mom-ocean/MOM5/search?q=j09_diffusivity"", ""j09_diffusivity"")",True,,True
*,"=HYPERLINK(""https://github.com/mom-ocean/MOM5/search?q=ocean_vert_mix_nml"", ""&ocean_vert_mix_nml"")","=HYPERLINK(""https://github.com/mom-ocean/MOM5/search?q=j09_lat"", ""j09_lat"")",20.0,,20.0
*,"=HYPERLINK(""https://github.com/mom-ocean/MOM5/search?q=xgrid_nml"", ""&xgrid_nml"")","=HYPERLINK(""https://github.com/mom-ocean/MOM5/search?q=do_alltoall"", ""do_alltoall"")",,,True
*,"=HYPERLINK(""https://github.com/mom-ocean/MOM5/search?q=xgrid_nml"", ""&xgrid_nml"")","=HYPERLINK(""https://github.com/mom-ocean/MOM5/search?q=do_alltoallv"", ""do_alltoallv"")",,,True
