diff,group,variable,GFDL-OM5/b03_update_MOM_parameter_doc.all,MOM6-examples/ice_ocean_SIS2/Baltic_OM5_025/MOM_parameter_doc.all
*,"=HYPERLINK(""https://github.com/mom-ocean/MOM6/search?q=mom6"", ""&mom6"")","=HYPERLINK(""https://github.com/mom-ocean/MOM6/search?q=backscat_ebt_power"", ""backscat_ebt_power"")",,0.0
*,"=HYPERLINK(""https://github.com/mom-ocean/MOM6/search?q=mom6"", ""&mom6"")","=HYPERLINK(""https://github.com/mom-ocean/MOM6/search?q=backscatter_underbound"", ""backscatter_underbound"")",,False
*,"=HYPERLINK(""https://github.com/mom-ocean/MOM6/search?q=mom6"", ""&mom6"")","=HYPERLINK(""https://github.com/mom-ocean/MOM6/search?q=better_bound_ah"", ""better_bound_ah"")",True,
*,"=HYPERLINK(""https://github.com/mom-ocean/MOM6/search?q=mom6"", ""&mom6"")","=HYPERLINK(""https://github.com/mom-ocean/MOM6/search?q=better_bound_kh"", ""better_bound_kh"")",True,
*,"=HYPERLINK(""https://github.com/mom-ocean/MOM6/search?q=mom6"", ""&mom6"")","=HYPERLINK(""https://github.com/mom-ocean/MOM6/search?q=bmld_en_vals"", ""bmld_en_vals"")",,"[25.0, 2500.0, 250000.0]"
*,"=HYPERLINK(""https://github.com/mom-ocean/MOM6/search?q=mom6"", ""&mom6"")","=HYPERLINK(""https://github.com/mom-ocean/MOM6/search?q=bodner_detect_mld"", ""bodner_detect_mld"")",,False
*,"=HYPERLINK(""https://github.com/mom-ocean/MOM6/search?q=mom6"", ""&mom6"")","=HYPERLINK(""https://github.com/mom-ocean/MOM6/search?q=bs_use_sqg_struct"", ""bs_use_sqg_struct"")",,False
*,"=HYPERLINK(""https://github.com/mom-ocean/MOM6/search?q=mom6"", ""&mom6"")","=HYPERLINK(""https://github.com/mom-ocean/MOM6/search?q=bt_adj_corr_mass_src"", ""bt_adj_corr_mass_src"")",,True
*,"=HYPERLINK(""https://github.com/mom-ocean/MOM6/search?q=mom6"", ""&mom6"")","=HYPERLINK(""https://github.com/mom-ocean/MOM6/search?q=bt_linear_freq_drag"", ""bt_linear_freq_drag"")",,False
*,"=HYPERLINK(""https://github.com/mom-ocean/MOM6/search?q=mom6"", ""&mom6"")","=HYPERLINK(""https://github.com/mom-ocean/MOM6/search?q=cfl_based_truncations"", ""cfl_based_truncations"")",True,
*,"=HYPERLINK(""https://github.com/mom-ocean/MOM6/search?q=mom6"", ""&mom6"")","=HYPERLINK(""https://github.com/mom-ocean/MOM6/search?q=chl_file"", ""chl_file"")",seawifs-clim-1997-2010.1440x1080.v20180328.nc,seawifs_1998-2006_smoothed_2X.v20140616.nc
*,"=HYPERLINK(""https://github.com/mom-ocean/MOM6/search?q=mom6"", ""&mom6"")","=HYPERLINK(""https://github.com/mom-ocean/MOM6/search?q=chl_varname"", ""chl_varname"")",chlor_a,CHL_A
*,"=HYPERLINK(""https://github.com/mom-ocean/MOM6/search?q=mom6"", ""&mom6"")","=HYPERLINK(""https://github.com/mom-ocean/MOM6/search?q=chorophyll_power_manizza"", ""chorophyll_power_manizza"")",,"[0.674, 0.629, 0.0]"
*,"=HYPERLINK(""https://github.com/mom-ocean/MOM6/search?q=mom6"", ""&mom6"")","=HYPERLINK(""https://github.com/mom-ocean/MOM6/search?q=continuity_scheme"", ""continuity_scheme"")",PPM,
*,"=HYPERLINK(""https://github.com/mom-ocean/MOM6/search?q=mom6"", ""&mom6"")","=HYPERLINK(""https://github.com/mom-ocean/MOM6/search?q=correction_intxpa"", ""correction_intxpa"")",,False
*,"=HYPERLINK(""https://github.com/mom-ocean/MOM6/search?q=mom6"", ""&mom6"")","=HYPERLINK(""https://github.com/mom-ocean/MOM6/search?q=cr"", ""cr"")",0.03,0.0175
*,"=HYPERLINK(""https://github.com/mom-ocean/MOM6/search?q=mom6"", ""&mom6"")","=HYPERLINK(""https://github.com/mom-ocean/MOM6/search?q=diag_remapping_use_om4_subcells"", ""diag_remapping_use_om4_subcells"")",,True
*,"=HYPERLINK(""https://github.com/mom-ocean/MOM6/search?q=mom6"", ""&mom6"")","=HYPERLINK(""https://github.com/mom-ocean/MOM6/search?q=direct_epbl_mixing_calc"", ""direct_epbl_mixing_calc"")",,False
*,"=HYPERLINK(""https://github.com/mom-ocean/MOM6/search?q=mom6"", ""&mom6"")","=HYPERLINK(""https://github.com/mom-ocean/MOM6/search?q=do_skeb"", ""do_skeb"")",,False
*,"=HYPERLINK(""https://github.com/mom-ocean/MOM6/search?q=mom6"", ""&mom6"")","=HYPERLINK(""https://github.com/mom-ocean/MOM6/search?q=double_diffusion"", ""double_diffusion"")",False,True
*,"=HYPERLINK(""https://github.com/mom-ocean/MOM6/search?q=mom6"", ""&mom6"")","=HYPERLINK(""https://github.com/mom-ocean/MOM6/search?q=dt_tracer_advect"", ""dt_tracer_advect"")",,7200.0
*,"=HYPERLINK(""https://github.com/mom-ocean/MOM6/search?q=mom6"", ""&mom6"")","=HYPERLINK(""https://github.com/mom-ocean/MOM6/search?q=dtfreeze_dp"", ""dtfreeze_dp"")",-7.75e-08,
*,"=HYPERLINK(""https://github.com/mom-ocean/MOM6/search?q=mom6"", ""&mom6"")","=HYPERLINK(""https://github.com/mom-ocean/MOM6/search?q=dtfreeze_ds"", ""dtfreeze_ds"")",-0.054,
*,"=HYPERLINK(""https://github.com/mom-ocean/MOM6/search?q=mom6"", ""&mom6"")","=HYPERLINK(""https://github.com/mom-ocean/MOM6/search?q=ebt_remapping_use_om4_subcells"", ""ebt_remapping_use_om4_subcells"")",,True
*,"=HYPERLINK(""https://github.com/mom-ocean/MOM6/search?q=mom6"", ""&mom6"")","=HYPERLINK(""https://github.com/mom-ocean/MOM6/search?q=enable_bugs_by_default"", ""enable_bugs_by_default"")",,True
*,"=HYPERLINK(""https://github.com/mom-ocean/MOM6/search?q=mom6"", ""&mom6"")","=HYPERLINK(""https://github.com/mom-ocean/MOM6/search?q=eos_quadrature"", ""eos_quadrature"")",False,True
*,"=HYPERLINK(""https://github.com/mom-ocean/MOM6/search?q=mom6"", ""&mom6"")","=HYPERLINK(""https://github.com/mom-ocean/MOM6/search?q=epbl_bbl_effic"", ""epbl_bbl_effic"")",,0.0
*,"=HYPERLINK(""https://github.com/mom-ocean/MOM6/search?q=mom6"", ""&mom6"")","=HYPERLINK(""https://github.com/mom-ocean/MOM6/search?q=epbl_bbl_tidal_effic"", ""epbl_bbl_tidal_effic"")",,0.0
*,"=HYPERLINK(""https://github.com/mom-ocean/MOM6/search?q=mom6"", ""&mom6"")","=HYPERLINK(""https://github.com/mom-ocean/MOM6/search?q=epbl_bbl_use_mstar"", ""epbl_bbl_use_mstar"")",,False
*,"=HYPERLINK(""https://github.com/mom-ocean/MOM6/search?q=mom6"", ""&mom6"")","=HYPERLINK(""https://github.com/mom-ocean/MOM6/search?q=epbl_eqd_diffusivity_shape"", ""epbl_eqd_diffusivity_shape"")",,False
*,"=HYPERLINK(""https://github.com/mom-ocean/MOM6/search?q=mom6"", ""&mom6"")","=HYPERLINK(""https://github.com/mom-ocean/MOM6/search?q=epbl_eqd_diffusivity_velocity"", ""epbl_eqd_diffusivity_velocity"")",,False
*,"=HYPERLINK(""https://github.com/mom-ocean/MOM6/search?q=mom6"", ""&mom6"")","=HYPERLINK(""https://github.com/mom-ocean/MOM6/search?q=epbl_eqd_diffusivity_velocity_h"", ""epbl_eqd_diffusivity_velocity_h"")",,False
*,"=HYPERLINK(""https://github.com/mom-ocean/MOM6/search?q=mom6"", ""&mom6"")","=HYPERLINK(""https://github.com/mom-ocean/MOM6/search?q=epbl_mld_iter_bug"", ""epbl_mld_iter_bug"")",,True
*,"=HYPERLINK(""https://github.com/mom-ocean/MOM6/search?q=mom6"", ""&mom6"")","=HYPERLINK(""https://github.com/mom-ocean/MOM6/search?q=epbl_options_diff"", ""epbl_options_diff"")",,0
*,"=HYPERLINK(""https://github.com/mom-ocean/MOM6/search?q=mom6"", ""&mom6"")","=HYPERLINK(""https://github.com/mom-ocean/MOM6/search?q=eqn_of_state"", ""eqn_of_state"")",WRIGHT,ROQUET_RHO
*,"=HYPERLINK(""https://github.com/mom-ocean/MOM6/search?q=mom6"", ""&mom6"")","=HYPERLINK(""https://github.com/mom-ocean/MOM6/search?q=ey24_ebt_bs"", ""ey24_ebt_bs"")",,False
*,"=HYPERLINK(""https://github.com/mom-ocean/MOM6/search?q=mom6"", ""&mom6"")","=HYPERLINK(""https://github.com/mom-ocean/MOM6/search?q=fix_ustar_gustless_bug"", ""fix_ustar_gustless_bug"")",True,
*,"=HYPERLINK(""https://github.com/mom-ocean/MOM6/search?q=mom6"", ""&mom6"")","=HYPERLINK(""https://github.com/mom-ocean/MOM6/search?q=fpmix"", ""fpmix"")",,False
*,"=HYPERLINK(""https://github.com/mom-ocean/MOM6/search?q=mom6"", ""&mom6"")","=HYPERLINK(""https://github.com/mom-ocean/MOM6/search?q=frictwork_bug"", ""frictwork_bug"")",,False
*,"=HYPERLINK(""https://github.com/mom-ocean/MOM6/search?q=mom6"", ""&mom6"")","=HYPERLINK(""https://github.com/mom-ocean/MOM6/search?q=geom_file"", ""geom_file"")",,ocean_geometry
*,"=HYPERLINK(""https://github.com/mom-ocean/MOM6/search?q=mom6"", ""&mom6"")","=HYPERLINK(""https://github.com/mom-ocean/MOM6/search?q=henyey_max_lat"", ""henyey_max_lat"")",,73.0
*,"=HYPERLINK(""https://github.com/mom-ocean/MOM6/search?q=mom6"", ""&mom6"")","=HYPERLINK(""https://github.com/mom-ocean/MOM6/search?q=hor_visc_answer_date"", ""hor_visc_answer_date"")",20231231,
*,"=HYPERLINK(""https://github.com/mom-ocean/MOM6/search?q=mom6"", ""&mom6"")","=HYPERLINK(""https://github.com/mom-ocean/MOM6/search?q=init_boundary_extrap"", ""init_boundary_extrap"")",,False
*,"=HYPERLINK(""https://github.com/mom-ocean/MOM6/search?q=mom6"", ""&mom6"")","=HYPERLINK(""https://github.com/mom-ocean/MOM6/search?q=intwave_remapping_use_om4_subcells"", ""intwave_remapping_use_om4_subcells"")",,True
*,"=HYPERLINK(""https://github.com/mom-ocean/MOM6/search?q=mom6"", ""&mom6"")","=HYPERLINK(""https://github.com/mom-ocean/MOM6/search?q=iso_date_stamped_stdout"", ""iso_date_stamped_stdout"")",,False
*,"=HYPERLINK(""https://github.com/mom-ocean/MOM6/search?q=mom6"", ""&mom6"")","=HYPERLINK(""https://github.com/mom-ocean/MOM6/search?q=kd_gl90_use_sqg_struct"", ""kd_gl90_use_sqg_struct"")",,False
*,"=HYPERLINK(""https://github.com/mom-ocean/MOM6/search?q=mom6"", ""&mom6"")","=HYPERLINK(""https://github.com/mom-ocean/MOM6/search?q=khth_use_sqg_struct"", ""khth_use_sqg_struct"")",,False
*,"=HYPERLINK(""https://github.com/mom-ocean/MOM6/search?q=mom6"", ""&mom6"")","=HYPERLINK(""https://github.com/mom-ocean/MOM6/search?q=khtr_use_ebt_struct"", ""khtr_use_ebt_struct"")",,False
*,"=HYPERLINK(""https://github.com/mom-ocean/MOM6/search?q=mom6"", ""&mom6"")","=HYPERLINK(""https://github.com/mom-ocean/MOM6/search?q=khtr_use_sqg_struct"", ""khtr_use_sqg_struct"")",,False
*,"=HYPERLINK(""https://github.com/mom-ocean/MOM6/search?q=mom6"", ""&mom6"")","=HYPERLINK(""https://github.com/mom-ocean/MOM6/search?q=kv_molecular"", ""kv_molecular"")",,1.5e-06
*,"=HYPERLINK(""https://github.com/mom-ocean/MOM6/search?q=mom6"", ""&mom6"")","=HYPERLINK(""https://github.com/mom-ocean/MOM6/search?q=lotw_bbl_answer_date"", ""lotw_bbl_answer_date"")",,20231231
*,"=HYPERLINK(""https://github.com/mom-ocean/MOM6/search?q=mom6"", ""&mom6"")","=HYPERLINK(""https://github.com/mom-ocean/MOM6/search?q=lz_rescale"", ""lz_rescale"")",,1.0
*,"=HYPERLINK(""https://github.com/mom-ocean/MOM6/search?q=mom6"", ""&mom6"")","=HYPERLINK(""https://github.com/mom-ocean/MOM6/search?q=mask_coastal_pressure_force"", ""mask_coastal_pressure_force"")",,False
*,"=HYPERLINK(""https://github.com/mom-ocean/MOM6/search?q=mom6"", ""&mom6"")","=HYPERLINK(""https://github.com/mom-ocean/MOM6/search?q=mass_weight_in_pgf_vanished_only"", ""mass_weight_in_pgf_vanished_only"")",,False
*,"=HYPERLINK(""https://github.com/mom-ocean/MOM6/search?q=mom6"", ""&mom6"")","=HYPERLINK(""https://github.com/mom-ocean/MOM6/search?q=mass_weight_in_pressure_gradient_top"", ""mass_weight_in_pressure_gradient_top"")",,True
*,"=HYPERLINK(""https://github.com/mom-ocean/MOM6/search?q=mom6"", ""&mom6"")","=HYPERLINK(""https://github.com/mom-ocean/MOM6/search?q=max_rrho_salt_fingers"", ""max_rrho_salt_fingers"")",,2.55
*,"=HYPERLINK(""https://github.com/mom-ocean/MOM6/search?q=mom6"", ""&mom6"")","=HYPERLINK(""https://github.com/mom-ocean/MOM6/search?q=max_salt_diff_salt_fingers"", ""max_salt_diff_salt_fingers"")",,0.0001
*,"=HYPERLINK(""https://github.com/mom-ocean/MOM6/search?q=mom6"", ""&mom6"")","=HYPERLINK(""https://github.com/mom-ocean/MOM6/search?q=maxtrunc"", ""maxtrunc"")",10,100000
*,"=HYPERLINK(""https://github.com/mom-ocean/MOM6/search?q=mom6"", ""&mom6"")","=HYPERLINK(""https://github.com/mom-ocean/MOM6/search?q=meke_bhfrcoeff"", ""meke_bhfrcoeff"")",,-1.0
*,"=HYPERLINK(""https://github.com/mom-ocean/MOM6/search?q=mom6"", ""&mom6"")","=HYPERLINK(""https://github.com/mom-ocean/MOM6/search?q=meke_positive"", ""meke_positive"")",,False
*,"=HYPERLINK(""https://github.com/mom-ocean/MOM6/search?q=mom6"", ""&mom6"")","=HYPERLINK(""https://github.com/mom-ocean/MOM6/search?q=ml_restrat_answer_date"", ""ml_restrat_answer_date"")",,20231231
*,"=HYPERLINK(""https://github.com/mom-ocean/MOM6/search?q=mom6"", ""&mom6"")","=HYPERLINK(""https://github.com/mom-ocean/MOM6/search?q=mld_en_vals"", ""mld_en_vals"")","[0.0, 0.0, 0.0]","[25.0, 2500.0, 250000.0]"
*,"=HYPERLINK(""https://github.com/mom-ocean/MOM6/search?q=mom6"", ""&mom6"")","=HYPERLINK(""https://github.com/mom-ocean/MOM6/search?q=niglobal"", ""niglobal"")",1440,97
*,"=HYPERLINK(""https://github.com/mom-ocean/MOM6/search?q=mom6"", ""&mom6"")","=HYPERLINK(""https://github.com/mom-ocean/MOM6/search?q=njglobal"", ""njglobal"")",1080,105
*,"=HYPERLINK(""https://github.com/mom-ocean/MOM6/search?q=mom6"", ""&mom6"")","=HYPERLINK(""https://github.com/mom-ocean/MOM6/search?q=opacity_band_wavelengths"", ""opacity_band_wavelengths"")",,"[0.0, 550.0, 700.0, 2800.0]"
*,"=HYPERLINK(""https://github.com/mom-ocean/MOM6/search?q=mom6"", ""&mom6"")","=HYPERLINK(""https://github.com/mom-ocean/MOM6/search?q=opacity_values_manizza"", ""opacity_values_manizza"")",,"[0.0232, 0.074, 0.225, 0.037, 2.86, 0.0]"
*,"=HYPERLINK(""https://github.com/mom-ocean/MOM6/search?q=mom6"", ""&mom6"")","=HYPERLINK(""https://github.com/mom-ocean/MOM6/search?q=porbar_answer_date"", ""porbar_answer_date"")",20231231,
*,"=HYPERLINK(""https://github.com/mom-ocean/MOM6/search?q=mom6"", ""&mom6"")","=HYPERLINK(""https://github.com/mom-ocean/MOM6/search?q=porbar_eta_interp"", ""porbar_eta_interp"")",MAX,
*,"=HYPERLINK(""https://github.com/mom-ocean/MOM6/search?q=mom6"", ""&mom6"")","=HYPERLINK(""https://github.com/mom-ocean/MOM6/search?q=porbar_masking_depth"", ""porbar_masking_depth"")",0.0,
*,"=HYPERLINK(""https://github.com/mom-ocean/MOM6/search?q=mom6"", ""&mom6"")","=HYPERLINK(""https://github.com/mom-ocean/MOM6/search?q=reentrant_x"", ""reentrant_x"")",True,False
*,"=HYPERLINK(""https://github.com/mom-ocean/MOM6/search?q=mom6"", ""&mom6"")","=HYPERLINK(""https://github.com/mom-ocean/MOM6/search?q=remap_vel_conserve_ke"", ""remap_vel_conserve_ke"")",,False
*,"=HYPERLINK(""https://github.com/mom-ocean/MOM6/search?q=mom6"", ""&mom6"")","=HYPERLINK(""https://github.com/mom-ocean/MOM6/search?q=remapping_use_om4_subcells"", ""remapping_use_om4_subcells"")",,True
*,"=HYPERLINK(""https://github.com/mom-ocean/MOM6/search?q=mom6"", ""&mom6"")","=HYPERLINK(""https://github.com/mom-ocean/MOM6/search?q=reset_intxpa_integral"", ""reset_intxpa_integral"")",,False
*,"=HYPERLINK(""https://github.com/mom-ocean/MOM6/search?q=mom6"", ""&mom6"")","=HYPERLINK(""https://github.com/mom-ocean/MOM6/search?q=reset_intxpa_integral_flattest"", ""reset_intxpa_integral_flattest"")",,False
*,"=HYPERLINK(""https://github.com/mom-ocean/MOM6/search?q=mom6"", ""&mom6"")","=HYPERLINK(""https://github.com/mom-ocean/MOM6/search?q=restart_symmetric_checksums"", ""restart_symmetric_checksums"")",,False
*,"=HYPERLINK(""https://github.com/mom-ocean/MOM6/search?q=mom6"", ""&mom6"")","=HYPERLINK(""https://github.com/mom-ocean/MOM6/search?q=restart_unsigned_zeros"", ""restart_unsigned_zeros"")",,False
*,"=HYPERLINK(""https://github.com/mom-ocean/MOM6/search?q=mom6"", ""&mom6"")","=HYPERLINK(""https://github.com/mom-ocean/MOM6/search?q=rho_pgf_ref_bug"", ""rho_pgf_ref_bug"")",,True
*,"=HYPERLINK(""https://github.com/mom-ocean/MOM6/search?q=mom6"", ""&mom6"")","=HYPERLINK(""https://github.com/mom-ocean/MOM6/search?q=salt_restore_file"", ""salt_restore_file"")",salt_restore_JRA.1440x1080.v20190706.nc,salt_restore.v20140616.nc
*,"=HYPERLINK(""https://github.com/mom-ocean/MOM6/search?q=mom6"", ""&mom6"")","=HYPERLINK(""https://github.com/mom-ocean/MOM6/search?q=salt_restore_practical_salinity"", ""salt_restore_practical_salinity"")",,False
*,"=HYPERLINK(""https://github.com/mom-ocean/MOM6/search?q=mom6"", ""&mom6"")","=HYPERLINK(""https://github.com/mom-ocean/MOM6/search?q=salt_restore_variable"", ""salt_restore_variable"")",sos,salt
*,"=HYPERLINK(""https://github.com/mom-ocean/MOM6/search?q=mom6"", ""&mom6"")","=HYPERLINK(""https://github.com/mom-ocean/MOM6/search?q=salt_z_init_file"", ""salt_z_init_file"")",woa13_decav_s_monthly_fulldepth_01.nc,WOA05_pottemp_salt.nc
*,"=HYPERLINK(""https://github.com/mom-ocean/MOM6/search?q=mom6"", ""&mom6"")","=HYPERLINK(""https://github.com/mom-ocean/MOM6/search?q=set_dtbt_use_bt_cont"", ""set_dtbt_use_bt_cont"")",,False
*,"=HYPERLINK(""https://github.com/mom-ocean/MOM6/search?q=mom6"", ""&mom6"")","=HYPERLINK(""https://github.com/mom-ocean/MOM6/search?q=shallow_ale_resolution"", ""shallow_ale_resolution"")",,"[0.0, 0.0, 0.0, 0.0, 0.0, 0.0, 0.0, 0.0, 0.0, 0.0, 0.0, 0.0, 0.0, 0.0, 0.0, 0.0, 0.0, 0.0, 0.0, 0.0, 0.0, 0.0, 0.0, 0.0, 0.0, 0.0, 0.0, 0.0, 0.0, 0.0, 0.0, 0.0, 0.0, 0.0, 0.0, 0.0, 0.0, 0.0, 0.0, 0.0, 0.0, 0.0, 0.0, 0.0, 0.0, 0.0, 0.0, 0.0, 0.0, 0.0, 0.0, 0.0, 0.0, 0.0, 0.0, 0.0, 0.0, 0.0, 0.0, 0.0, 0.0, 0.0, 0.0, 0.0, 0.0, 0.0, 0.0, 0.0, 0.0, 0.0, 0.0, 0.0, 0.0, 0.0, 0.0]"
*,"=HYPERLINK(""https://github.com/mom-ocean/MOM6/search?q=mom6"", ""&mom6"")","=HYPERLINK(""https://github.com/mom-ocean/MOM6/search?q=split_rk2b"", ""split_rk2b"")",,False
*,"=HYPERLINK(""https://github.com/mom-ocean/MOM6/search?q=mom6"", ""&mom6"")","=HYPERLINK(""https://github.com/mom-ocean/MOM6/search?q=sqg_use_meke"", ""sqg_use_meke"")",,False
*,"=HYPERLINK(""https://github.com/mom-ocean/MOM6/search?q=mom6"", ""&mom6"")","=HYPERLINK(""https://github.com/mom-ocean/MOM6/search?q=ssh_in_eos_pressure_for_pgf"", ""ssh_in_eos_pressure_for_pgf"")",,False
*,"=HYPERLINK(""https://github.com/mom-ocean/MOM6/search?q=mom6"", ""&mom6"")","=HYPERLINK(""https://github.com/mom-ocean/MOM6/search?q=temp_salt_z_init_file"", ""temp_salt_z_init_file"")",,WOA05_pottemp_salt.nc
*,"=HYPERLINK(""https://github.com/mom-ocean/MOM6/search?q=mom6"", ""&mom6"")","=HYPERLINK(""https://github.com/mom-ocean/MOM6/search?q=temp_z_init_file"", ""temp_z_init_file"")",woa13_decav_ptemp_monthly_fulldepth_01.nc,WOA05_pottemp_salt.nc
*,"=HYPERLINK(""https://github.com/mom-ocean/MOM6/search?q=mom6"", ""&mom6"")","=HYPERLINK(""https://github.com/mom-ocean/MOM6/search?q=tfreeze_form"", ""tfreeze_form"")",LINEAR,TEOS_POLY
*,"=HYPERLINK(""https://github.com/mom-ocean/MOM6/search?q=mom6"", ""&mom6"")","=HYPERLINK(""https://github.com/mom-ocean/MOM6/search?q=tfreeze_s0_p0"", ""tfreeze_s0_p0"")",0.0,
*,"=HYPERLINK(""https://github.com/mom-ocean/MOM6/search?q=mom6"", ""&mom6"")","=HYPERLINK(""https://github.com/mom-ocean/MOM6/search?q=tfreeze_s_is_pracs"", ""tfreeze_s_is_pracs"")",,False
*,"=HYPERLINK(""https://github.com/mom-ocean/MOM6/search?q=mom6"", ""&mom6"")","=HYPERLINK(""https://github.com/mom-ocean/MOM6/search?q=tfreeze_t_is_pott"", ""tfreeze_t_is_pott"")",,False
*,"=HYPERLINK(""https://github.com/mom-ocean/MOM6/search?q=mom6"", ""&mom6"")","=HYPERLINK(""https://github.com/mom-ocean/MOM6/search?q=topo_edits_file"", ""topo_edits_file"")",All_edits.nc,
*,"=HYPERLINK(""https://github.com/mom-ocean/MOM6/search?q=mom6"", ""&mom6"")","=HYPERLINK(""https://github.com/mom-ocean/MOM6/search?q=tradv_spans_coupling"", ""tradv_spans_coupling"")",,True
*,"=HYPERLINK(""https://github.com/mom-ocean/MOM6/search?q=mom6"", ""&mom6"")","=HYPERLINK(""https://github.com/mom-ocean/MOM6/search?q=trig_channel_drag_widths"", ""trig_channel_drag_widths"")",,True
*,"=HYPERLINK(""https://github.com/mom-ocean/MOM6/search?q=mom6"", ""&mom6"")","=HYPERLINK(""https://github.com/mom-ocean/MOM6/search?q=tripolar_n"", ""tripolar_n"")",True,False
*,"=HYPERLINK(""https://github.com/mom-ocean/MOM6/search?q=mom6"", ""&mom6"")","=HYPERLINK(""https://github.com/mom-ocean/MOM6/search?q=use_circulation_in_horvisc"", ""use_circulation_in_horvisc"")",,False
*,"=HYPERLINK(""https://github.com/mom-ocean/MOM6/search?q=mom6"", ""&mom6"")","=HYPERLINK(""https://github.com/mom-ocean/MOM6/search?q=use_cont_thickness"", ""use_cont_thickness"")",,False
*,"=HYPERLINK(""https://github.com/mom-ocean/MOM6/search?q=mom6"", ""&mom6"")","=HYPERLINK(""https://github.com/mom-ocean/MOM6/search?q=use_contemp_abssal"", ""use_contemp_abssal"")",False,True
*,"=HYPERLINK(""https://github.com/mom-ocean/MOM6/search?q=mom6"", ""&mom6"")","=HYPERLINK(""https://github.com/mom-ocean/MOM6/search?q=use_cr_grid"", ""use_cr_grid"")",,False
*,"=HYPERLINK(""https://github.com/mom-ocean/MOM6/search?q=mom6"", ""&mom6"")","=HYPERLINK(""https://github.com/mom-ocean/MOM6/search?q=use_diabatic_time_bug"", ""use_diabatic_time_bug"")",False,
*,"=HYPERLINK(""https://github.com/mom-ocean/MOM6/search?q=mom6"", ""&mom6"")","=HYPERLINK(""https://github.com/mom-ocean/MOM6/search?q=use_filter"", ""use_filter"")",,False
*,"=HYPERLINK(""https://github.com/mom-ocean/MOM6/search?q=mom6"", ""&mom6"")","=HYPERLINK(""https://github.com/mom-ocean/MOM6/search?q=use_grid_space_diagnostic_axes"", ""use_grid_space_diagnostic_axes"")",False,
*,"=HYPERLINK(""https://github.com/mom-ocean/MOM6/search?q=mom6"", ""&mom6"")","=HYPERLINK(""https://github.com/mom-ocean/MOM6/search?q=use_ha"", ""use_ha"")",,False
*,"=HYPERLINK(""https://github.com/mom-ocean/MOM6/search?q=mom6"", ""&mom6"")","=HYPERLINK(""https://github.com/mom-ocean/MOM6/search?q=use_horizontal_boundary_diffusion"", ""use_horizontal_boundary_diffusion"")",,False
*,"=HYPERLINK(""https://github.com/mom-ocean/MOM6/search?q=mom6"", ""&mom6"")","=HYPERLINK(""https://github.com/mom-ocean/MOM6/search?q=use_huynh_stencil_bug"", ""use_huynh_stencil_bug"")",,False
*,"=HYPERLINK(""https://github.com/mom-ocean/MOM6/search?q=mom6"", ""&mom6"")","=HYPERLINK(""https://github.com/mom-ocean/MOM6/search?q=use_index_diagnostic_axes"", ""use_index_diagnostic_axes"")",,False
*,"=HYPERLINK(""https://github.com/mom-ocean/MOM6/search?q=mom6"", ""&mom6"")","=HYPERLINK(""https://github.com/mom-ocean/MOM6/search?q=use_lateral_boundary_diffusion"", ""use_lateral_boundary_diffusion"")",False,
*,"=HYPERLINK(""https://github.com/mom-ocean/MOM6/search?q=mom6"", ""&mom6"")","=HYPERLINK(""https://github.com/mom-ocean/MOM6/search?q=use_legacy_diabatic_driver"", ""use_legacy_diabatic_driver"")",True,False
*,"=HYPERLINK(""https://github.com/mom-ocean/MOM6/search?q=mom6"", ""&mom6"")","=HYPERLINK(""https://github.com/mom-ocean/MOM6/search?q=use_leithy"", ""use_leithy"")",,False
*,"=HYPERLINK(""https://github.com/mom-ocean/MOM6/search?q=mom6"", ""&mom6"")","=HYPERLINK(""https://github.com/mom-ocean/MOM6/search?q=use_marbl_tracers"", ""use_marbl_tracers"")",,False
*,"=HYPERLINK(""https://github.com/mom-ocean/MOM6/search?q=mom6"", ""&mom6"")","=HYPERLINK(""https://github.com/mom-ocean/MOM6/search?q=use_mld_grid"", ""use_mld_grid"")",,False
*,"=HYPERLINK(""https://github.com/mom-ocean/MOM6/search?q=mom6"", ""&mom6"")","=HYPERLINK(""https://github.com/mom-ocean/MOM6/search?q=use_porous_barrier"", ""use_porous_barrier"")",True,False
*,"=HYPERLINK(""https://github.com/mom-ocean/MOM6/search?q=mom6"", ""&mom6"")","=HYPERLINK(""https://github.com/mom-ocean/MOM6/search?q=use_uh_particles"", ""use_uh_particles"")",,False
*,"=HYPERLINK(""https://github.com/mom-ocean/MOM6/search?q=mom6"", ""&mom6"")","=HYPERLINK(""https://github.com/mom-ocean/MOM6/search?q=use_wright_2nd_deriv_bug"", ""use_wright_2nd_deriv_bug"")",False,
*,"=HYPERLINK(""https://github.com/mom-ocean/MOM6/search?q=mom6"", ""&mom6"")","=HYPERLINK(""https://github.com/mom-ocean/MOM6/search?q=ustar_gustless_bug"", ""ustar_gustless_bug"")",,False
*,"=HYPERLINK(""https://github.com/mom-ocean/MOM6/search?q=mom6"", ""&mom6"")","=HYPERLINK(""https://github.com/mom-ocean/MOM6/search?q=vertex_shear_geometric_mean"", ""vertex_shear_geometric_mean"")",,True
*,"=HYPERLINK(""https://github.com/mom-ocean/MOM6/search?q=mom6"", ""&mom6"")","=HYPERLINK(""https://github.com/mom-ocean/MOM6/search?q=vertex_shear_geometric_mean_kdmin"", ""vertex_shear_geometric_mean_kdmin"")",,1e-09
*,"=HYPERLINK(""https://github.com/mom-ocean/MOM6/search?q=mom6"", ""&mom6"")","=HYPERLINK(""https://github.com/mom-ocean/MOM6/search?q=vertex_shear_thickness_mean"", ""vertex_shear_thickness_mean"")",,False
*,"=HYPERLINK(""https://github.com/mom-ocean/MOM6/search?q=mom6"", ""&mom6"")","=HYPERLINK(""https://github.com/mom-ocean/MOM6/search?q=vertex_shear_viscosity_bug"", ""vertex_shear_viscosity_bug"")",,False
*,"=HYPERLINK(""https://github.com/mom-ocean/MOM6/search?q=mom6"", ""&mom6"")","=HYPERLINK(""https://github.com/mom-ocean/MOM6/search?q=visc_rem_bt_weight_bug"", ""visc_rem_bt_weight_bug"")",,True
*,"=HYPERLINK(""https://github.com/mom-ocean/MOM6/search?q=mom6"", ""&mom6"")","=HYPERLINK(""https://github.com/mom-ocean/MOM6/search?q=visc_rem_bug"", ""visc_rem_bug"")",,True
*,"=HYPERLINK(""https://github.com/mom-ocean/MOM6/search?q=mom6"", ""&mom6"")","=HYPERLINK(""https://github.com/mom-ocean/MOM6/search?q=visc_rem_timestep_bug"", ""visc_rem_timestep_bug"")",,True
*,"=HYPERLINK(""https://github.com/mom-ocean/MOM6/search?q=mom6"", ""&mom6"")","=HYPERLINK(""https://github.com/mom-ocean/MOM6/search?q=z_init_file_ptemp_var"", ""z_init_file_ptemp_var"")",ptemp_an,PTEMP
*,"=HYPERLINK(""https://github.com/mom-ocean/MOM6/search?q=mom6"", ""&mom6"")","=HYPERLINK(""https://github.com/mom-ocean/MOM6/search?q=z_init_file_salt_var"", ""z_init_file_salt_var"")",s_an,SALT
*,"=HYPERLINK(""https://github.com/mom-ocean/MOM6/search?q=mom6"", ""&mom6"")","=HYPERLINK(""https://github.com/mom-ocean/MOM6/search?q=z_init_remap_full_column"", ""z_init_remap_full_column"")",False,True
*,"=HYPERLINK(""https://github.com/mom-ocean/MOM6/search?q=mom6"", ""&mom6"")","=HYPERLINK(""https://github.com/mom-ocean/MOM6/search?q=z_init_remapping_use_om4_subcells"", ""z_init_remapping_use_om4_subcells"")",,True
