diff,group,variable,MOM6-CICE6_1deg_jra55do_ryf/ice_in,ACCESS-OM2_1deg_jra55_ryf/ice/cice_in.nml
*,"=HYPERLINK(""https://cice-consortium-cice.readthedocs.io/en/main/search.html?q=domain_nml"", ""&domain_nml"")","=HYPERLINK(""https://cice-consortium-cice.readthedocs.io/en/main/search.html?q=add_mpi_barriers"", ""add_mpi_barriers"")",False,
*,"=HYPERLINK(""https://cice-consortium-cice.readthedocs.io/en/main/search.html?q=domain_nml"", ""&domain_nml"")","=HYPERLINK(""https://cice-consortium-cice.readthedocs.io/en/main/search.html?q=block_size_x"", ""block_size_x"")",20,
*,"=HYPERLINK(""https://cice-consortium-cice.readthedocs.io/en/main/search.html?q=domain_nml"", ""&domain_nml"")","=HYPERLINK(""https://cice-consortium-cice.readthedocs.io/en/main/search.html?q=block_size_y"", ""block_size_y"")",16,
*,"=HYPERLINK(""https://cice-consortium-cice.readthedocs.io/en/main/search.html?q=domain_nml"", ""&domain_nml"")","=HYPERLINK(""https://cice-consortium-cice.readthedocs.io/en/main/search.html?q=distribution_type"", ""distribution_type"")",sectrobin,cartesian
*,"=HYPERLINK(""https://cice-consortium-cice.readthedocs.io/en/main/search.html?q=domain_nml"", ""&domain_nml"")","=HYPERLINK(""https://cice-consortium-cice.readthedocs.io/en/main/search.html?q=distribution_wght"", ""distribution_wght"")",blockall,latitude
*,"=HYPERLINK(""https://cice-consortium-cice.readthedocs.io/en/main/search.html?q=domain_nml"", ""&domain_nml"")","=HYPERLINK(""https://cice-consortium-cice.readthedocs.io/en/main/search.html?q=max_blocks"", ""max_blocks"")",8,
*,"=HYPERLINK(""https://cice-consortium-cice.readthedocs.io/en/main/search.html?q=domain_nml"", ""&domain_nml"")","=HYPERLINK(""https://cice-consortium-cice.readthedocs.io/en/main/search.html?q=nprocs"", ""nprocs"")",,24
*,"=HYPERLINK(""https://cice-consortium-cice.readthedocs.io/en/main/search.html?q=domain_nml"", ""&domain_nml"")","=HYPERLINK(""https://cice-consortium-cice.readthedocs.io/en/main/search.html?q=nx_global"", ""nx_global"")",360,
*,"=HYPERLINK(""https://cice-consortium-cice.readthedocs.io/en/main/search.html?q=domain_nml"", ""&domain_nml"")","=HYPERLINK(""https://cice-consortium-cice.readthedocs.io/en/main/search.html?q=ny_global"", ""ny_global"")",300,
*,"=HYPERLINK(""https://cice-consortium-cice.readthedocs.io/en/main/search.html?q=domain_nml"", ""&domain_nml"")","=HYPERLINK(""https://cice-consortium-cice.readthedocs.io/en/main/search.html?q=processor_shape"", ""processor_shape"")",square-ice,slenderX1
*,"=HYPERLINK(""https://cice-consortium-cice.readthedocs.io/en/main/search.html?q=dynamics_nml"", ""&dynamics_nml"")","=HYPERLINK(""https://cice-consortium-cice.readthedocs.io/en/main/search.html?q=alphab"", ""alphab"")",20.0,
*,"=HYPERLINK(""https://cice-consortium-cice.readthedocs.io/en/main/search.html?q=dynamics_nml"", ""&dynamics_nml"")","=HYPERLINK(""https://cice-consortium-cice.readthedocs.io/en/main/search.html?q=arlx"", ""arlx"")",300.0,
*,"=HYPERLINK(""https://cice-consortium-cice.readthedocs.io/en/main/search.html?q=dynamics_nml"", ""&dynamics_nml"")","=HYPERLINK(""https://cice-consortium-cice.readthedocs.io/en/main/search.html?q=brlx"", ""brlx"")",300.0,
*,"=HYPERLINK(""https://cice-consortium-cice.readthedocs.io/en/main/search.html?q=dynamics_nml"", ""&dynamics_nml"")","=HYPERLINK(""https://cice-consortium-cice.readthedocs.io/en/main/search.html?q=cf"", ""cf"")",17.0,
*,"=HYPERLINK(""https://cice-consortium-cice.readthedocs.io/en/main/search.html?q=dynamics_nml"", ""&dynamics_nml"")","=HYPERLINK(""https://cice-consortium-cice.readthedocs.io/en/main/search.html?q=coriolis"", ""coriolis"")",latitude,
*,"=HYPERLINK(""https://cice-consortium-cice.readthedocs.io/en/main/search.html?q=dynamics_nml"", ""&dynamics_nml"")","=HYPERLINK(""https://cice-consortium-cice.readthedocs.io/en/main/search.html?q=cosw"", ""cosw"")",,1.0
*,"=HYPERLINK(""https://cice-consortium-cice.readthedocs.io/en/main/search.html?q=dynamics_nml"", ""&dynamics_nml"")","=HYPERLINK(""https://cice-consortium-cice.readthedocs.io/en/main/search.html?q=cstar"", ""cstar"")",20.0,
*,"=HYPERLINK(""https://cice-consortium-cice.readthedocs.io/en/main/search.html?q=dynamics_nml"", ""&dynamics_nml"")","=HYPERLINK(""https://cice-consortium-cice.readthedocs.io/en/main/search.html?q=dragio"", ""dragio"")",,0.00536
*,"=HYPERLINK(""https://cice-consortium-cice.readthedocs.io/en/main/search.html?q=dynamics_nml"", ""&dynamics_nml"")","=HYPERLINK(""https://cice-consortium-cice.readthedocs.io/en/main/search.html?q=e_plasticpot"", ""e_plasticpot"")",2.0,
*,"=HYPERLINK(""https://cice-consortium-cice.readthedocs.io/en/main/search.html?q=dynamics_nml"", ""&dynamics_nml"")","=HYPERLINK(""https://cice-consortium-cice.readthedocs.io/en/main/search.html?q=e_yieldcurve"", ""e_yieldcurve"")",2.0,
*,"=HYPERLINK(""https://cice-consortium-cice.readthedocs.io/en/main/search.html?q=dynamics_nml"", ""&dynamics_nml"")","=HYPERLINK(""https://cice-consortium-cice.readthedocs.io/en/main/search.html?q=iceruf"", ""iceruf"")",,0.0005
*,"=HYPERLINK(""https://cice-consortium-cice.readthedocs.io/en/main/search.html?q=dynamics_nml"", ""&dynamics_nml"")","=HYPERLINK(""https://cice-consortium-cice.readthedocs.io/en/main/search.html?q=k1"", ""k1"")",8.0,
*,"=HYPERLINK(""https://cice-consortium-cice.readthedocs.io/en/main/search.html?q=dynamics_nml"", ""&dynamics_nml"")","=HYPERLINK(""https://cice-consortium-cice.readthedocs.io/en/main/search.html?q=k2"", ""k2"")",15.0,
*,"=HYPERLINK(""https://cice-consortium-cice.readthedocs.io/en/main/search.html?q=dynamics_nml"", ""&dynamics_nml"")","=HYPERLINK(""https://cice-consortium-cice.readthedocs.io/en/main/search.html?q=kridge"", ""kridge"")",1,
*,"=HYPERLINK(""https://cice-consortium-cice.readthedocs.io/en/main/search.html?q=dynamics_nml"", ""&dynamics_nml"")","=HYPERLINK(""https://cice-consortium-cice.readthedocs.io/en/main/search.html?q=ktens"", ""ktens"")",0.0,
*,"=HYPERLINK(""https://cice-consortium-cice.readthedocs.io/en/main/search.html?q=dynamics_nml"", ""&dynamics_nml"")","=HYPERLINK(""https://cice-consortium-cice.readthedocs.io/en/main/search.html?q=ktransport"", ""ktransport"")",1,
*,"=HYPERLINK(""https://cice-consortium-cice.readthedocs.io/en/main/search.html?q=dynamics_nml"", ""&dynamics_nml"")","=HYPERLINK(""https://cice-consortium-cice.readthedocs.io/en/main/search.html?q=mu_rdg"", ""mu_rdg"")",4.0,3
*,"=HYPERLINK(""https://cice-consortium-cice.readthedocs.io/en/main/search.html?q=dynamics_nml"", ""&dynamics_nml"")","=HYPERLINK(""https://cice-consortium-cice.readthedocs.io/en/main/search.html?q=pstar"", ""pstar"")",27500.0,
*,"=HYPERLINK(""https://cice-consortium-cice.readthedocs.io/en/main/search.html?q=dynamics_nml"", ""&dynamics_nml"")","=HYPERLINK(""https://cice-consortium-cice.readthedocs.io/en/main/search.html?q=seabed_stress"", ""seabed_stress"")",False,
*,"=HYPERLINK(""https://cice-consortium-cice.readthedocs.io/en/main/search.html?q=dynamics_nml"", ""&dynamics_nml"")","=HYPERLINK(""https://cice-consortium-cice.readthedocs.io/en/main/search.html?q=seabed_stress_method"", ""seabed_stress_method"")",LKD,
*,"=HYPERLINK(""https://cice-consortium-cice.readthedocs.io/en/main/search.html?q=dynamics_nml"", ""&dynamics_nml"")","=HYPERLINK(""https://cice-consortium-cice.readthedocs.io/en/main/search.html?q=sinw"", ""sinw"")",,0.0
*,"=HYPERLINK(""https://cice-consortium-cice.readthedocs.io/en/main/search.html?q=dynamics_nml"", ""&dynamics_nml"")","=HYPERLINK(""https://cice-consortium-cice.readthedocs.io/en/main/search.html?q=ssh_stress"", ""ssh_stress"")",coupled,
*,"=HYPERLINK(""https://cice-consortium-cice.readthedocs.io/en/main/search.html?q=dynamics_nml"", ""&dynamics_nml"")","=HYPERLINK(""https://cice-consortium-cice.readthedocs.io/en/main/search.html?q=threshold_hw"", ""threshold_hw"")",30.0,
*,"=HYPERLINK(""https://cice-consortium-cice.readthedocs.io/en/main/search.html?q=forcing_nml"", ""&forcing_nml"")","=HYPERLINK(""https://cice-consortium-cice.readthedocs.io/en/main/search.html?q=atm_data_dir"", ""atm_data_dir"")",,unknown_atm_data_dir
*,"=HYPERLINK(""https://cice-consortium-cice.readthedocs.io/en/main/search.html?q=forcing_nml"", ""&forcing_nml"")","=HYPERLINK(""https://cice-consortium-cice.readthedocs.io/en/main/search.html?q=atm_data_format"", ""atm_data_format"")",,nc
*,"=HYPERLINK(""https://cice-consortium-cice.readthedocs.io/en/main/search.html?q=forcing_nml"", ""&forcing_nml"")","=HYPERLINK(""https://cice-consortium-cice.readthedocs.io/en/main/search.html?q=atm_data_type"", ""atm_data_type"")",,default
*,"=HYPERLINK(""https://cice-consortium-cice.readthedocs.io/en/main/search.html?q=forcing_nml"", ""&forcing_nml"")","=HYPERLINK(""https://cice-consortium-cice.readthedocs.io/en/main/search.html?q=emissivity"", ""emissivity"")",0.95,
*,"=HYPERLINK(""https://cice-consortium-cice.readthedocs.io/en/main/search.html?q=forcing_nml"", ""&forcing_nml"")","=HYPERLINK(""https://cice-consortium-cice.readthedocs.io/en/main/search.html?q=fbot_xfer_type"", ""fbot_xfer_type"")",constant,
*,"=HYPERLINK(""https://cice-consortium-cice.readthedocs.io/en/main/search.html?q=forcing_nml"", ""&forcing_nml"")","=HYPERLINK(""https://cice-consortium-cice.readthedocs.io/en/main/search.html?q=fyear_init"", ""fyear_init"")",,1
*,"=HYPERLINK(""https://cice-consortium-cice.readthedocs.io/en/main/search.html?q=forcing_nml"", ""&forcing_nml"")","=HYPERLINK(""https://cice-consortium-cice.readthedocs.io/en/main/search.html?q=ice_ref_salinity"", ""ice_ref_salinity"")",4.0,
*,"=HYPERLINK(""https://cice-consortium-cice.readthedocs.io/en/main/search.html?q=forcing_nml"", ""&forcing_nml"")","=HYPERLINK(""https://cice-consortium-cice.readthedocs.io/en/main/search.html?q=l_mpond_fresh"", ""l_mpond_fresh"")",False,
*,"=HYPERLINK(""https://cice-consortium-cice.readthedocs.io/en/main/search.html?q=forcing_nml"", ""&forcing_nml"")","=HYPERLINK(""https://cice-consortium-cice.readthedocs.io/en/main/search.html?q=natmiter"", ""natmiter"")",5,
*,"=HYPERLINK(""https://cice-consortium-cice.readthedocs.io/en/main/search.html?q=forcing_nml"", ""&forcing_nml"")","=HYPERLINK(""https://cice-consortium-cice.readthedocs.io/en/main/search.html?q=nfreq"", ""nfreq"")",25,
*,"=HYPERLINK(""https://cice-consortium-cice.readthedocs.io/en/main/search.html?q=forcing_nml"", ""&forcing_nml"")","=HYPERLINK(""https://cice-consortium-cice.readthedocs.io/en/main/search.html?q=oceanmixed_file"", ""oceanmixed_file"")",,unknown_oceanmixed_file
*,"=HYPERLINK(""https://cice-consortium-cice.readthedocs.io/en/main/search.html?q=forcing_nml"", ""&forcing_nml"")","=HYPERLINK(""https://cice-consortium-cice.readthedocs.io/en/main/search.html?q=oceanmixed_ice"", ""oceanmixed_ice"")",,False
*,"=HYPERLINK(""https://cice-consortium-cice.readthedocs.io/en/main/search.html?q=forcing_nml"", ""&forcing_nml"")","=HYPERLINK(""https://cice-consortium-cice.readthedocs.io/en/main/search.html?q=ocn_data_dir"", ""ocn_data_dir"")",,unknown_ocn_data_dir
*,"=HYPERLINK(""https://cice-consortium-cice.readthedocs.io/en/main/search.html?q=forcing_nml"", ""&forcing_nml"")","=HYPERLINK(""https://cice-consortium-cice.readthedocs.io/en/main/search.html?q=ocn_data_format"", ""ocn_data_format"")",,nc
*,"=HYPERLINK(""https://cice-consortium-cice.readthedocs.io/en/main/search.html?q=forcing_nml"", ""&forcing_nml"")","=HYPERLINK(""https://cice-consortium-cice.readthedocs.io/en/main/search.html?q=precip_units"", ""precip_units"")",,mks
*,"=HYPERLINK(""https://cice-consortium-cice.readthedocs.io/en/main/search.html?q=forcing_nml"", ""&forcing_nml"")","=HYPERLINK(""https://cice-consortium-cice.readthedocs.io/en/main/search.html?q=restart_coszen"", ""restart_coszen"")",False,
*,"=HYPERLINK(""https://cice-consortium-cice.readthedocs.io/en/main/search.html?q=forcing_nml"", ""&forcing_nml"")","=HYPERLINK(""https://cice-consortium-cice.readthedocs.io/en/main/search.html?q=restore_ice"", ""restore_ice"")",,False
*,"=HYPERLINK(""https://cice-consortium-cice.readthedocs.io/en/main/search.html?q=forcing_nml"", ""&forcing_nml"")","=HYPERLINK(""https://cice-consortium-cice.readthedocs.io/en/main/search.html?q=restore_sst"", ""restore_sst"")",,False
*,"=HYPERLINK(""https://cice-consortium-cice.readthedocs.io/en/main/search.html?q=forcing_nml"", ""&forcing_nml"")","=HYPERLINK(""https://cice-consortium-cice.readthedocs.io/en/main/search.html?q=rotate_wind"", ""rotate_wind"")",True,
*,"=HYPERLINK(""https://cice-consortium-cice.readthedocs.io/en/main/search.html?q=forcing_nml"", ""&forcing_nml"")","=HYPERLINK(""https://cice-consortium-cice.readthedocs.io/en/main/search.html?q=saltflux_option"", ""saltflux_option"")",prognostic,
*,"=HYPERLINK(""https://cice-consortium-cice.readthedocs.io/en/main/search.html?q=forcing_nml"", ""&forcing_nml"")","=HYPERLINK(""https://cice-consortium-cice.readthedocs.io/en/main/search.html?q=sss_data_type"", ""sss_data_type"")",,default
*,"=HYPERLINK(""https://cice-consortium-cice.readthedocs.io/en/main/search.html?q=forcing_nml"", ""&forcing_nml"")","=HYPERLINK(""https://cice-consortium-cice.readthedocs.io/en/main/search.html?q=sst_data_type"", ""sst_data_type"")",,default
*,"=HYPERLINK(""https://cice-consortium-cice.readthedocs.io/en/main/search.html?q=forcing_nml"", ""&forcing_nml"")","=HYPERLINK(""https://cice-consortium-cice.readthedocs.io/en/main/search.html?q=tfrz_option"", ""tfrz_option"")",mushy,linear_salt
*,"=HYPERLINK(""https://cice-consortium-cice.readthedocs.io/en/main/search.html?q=forcing_nml"", ""&forcing_nml"")","=HYPERLINK(""https://cice-consortium-cice.readthedocs.io/en/main/search.html?q=trestore"", ""trestore"")",,0
*,"=HYPERLINK(""https://cice-consortium-cice.readthedocs.io/en/main/search.html?q=forcing_nml"", ""&forcing_nml"")","=HYPERLINK(""https://cice-consortium-cice.readthedocs.io/en/main/search.html?q=ustar_min"", ""ustar_min"")",0.005,0.0005
*,"=HYPERLINK(""https://cice-consortium-cice.readthedocs.io/en/main/search.html?q=forcing_nml"", ""&forcing_nml"")","=HYPERLINK(""https://cice-consortium-cice.readthedocs.io/en/main/search.html?q=wave_spec_file"", ""wave_spec_file"")",unknown_wave_spec_file,
*,"=HYPERLINK(""https://cice-consortium-cice.readthedocs.io/en/main/search.html?q=forcing_nml"", ""&forcing_nml"")","=HYPERLINK(""https://cice-consortium-cice.readthedocs.io/en/main/search.html?q=wave_spec_type"", ""wave_spec_type"")",none,
*,"=HYPERLINK(""https://cice-consortium-cice.readthedocs.io/en/main/search.html?q=forcing_nml"", ""&forcing_nml"")","=HYPERLINK(""https://cice-consortium-cice.readthedocs.io/en/main/search.html?q=ycycle"", ""ycycle"")",,1
*,"=HYPERLINK(""https://cice-consortium-cice.readthedocs.io/en/main/search.html?q=grid_nml"", ""&grid_nml"")","=HYPERLINK(""https://cice-consortium-cice.readthedocs.io/en/main/search.html?q=bathymetry_file"", ""bathymetry_file"")",./input/topog.nc,
*,"=HYPERLINK(""https://cice-consortium-cice.readthedocs.io/en/main/search.html?q=grid_nml"", ""&grid_nml"")","=HYPERLINK(""https://cice-consortium-cice.readthedocs.io/en/main/search.html?q=bathymetry_format"", ""bathymetry_format"")",default,
*,"=HYPERLINK(""https://cice-consortium-cice.readthedocs.io/en/main/search.html?q=grid_nml"", ""&grid_nml"")","=HYPERLINK(""https://cice-consortium-cice.readthedocs.io/en/main/search.html?q=close_boundaries"", ""close_boundaries"")",False,
*,"=HYPERLINK(""https://cice-consortium-cice.readthedocs.io/en/main/search.html?q=grid_nml"", ""&grid_nml"")","=HYPERLINK(""https://cice-consortium-cice.readthedocs.io/en/main/search.html?q=dxrect"", ""dxrect"")",3000000.0,
*,"=HYPERLINK(""https://cice-consortium-cice.readthedocs.io/en/main/search.html?q=grid_nml"", ""&grid_nml"")","=HYPERLINK(""https://cice-consortium-cice.readthedocs.io/en/main/search.html?q=dyrect"", ""dyrect"")",3000000.0,
*,"=HYPERLINK(""https://cice-consortium-cice.readthedocs.io/en/main/search.html?q=grid_nml"", ""&grid_nml"")","=HYPERLINK(""https://cice-consortium-cice.readthedocs.io/en/main/search.html?q=grid_atm"", ""grid_atm"")",A,
*,"=HYPERLINK(""https://cice-consortium-cice.readthedocs.io/en/main/search.html?q=grid_nml"", ""&grid_nml"")","=HYPERLINK(""https://cice-consortium-cice.readthedocs.io/en/main/search.html?q=grid_file"", ""grid_file"")",./input/grid.nc,RESTART/grid.nc
*,"=HYPERLINK(""https://cice-consortium-cice.readthedocs.io/en/main/search.html?q=grid_nml"", ""&grid_nml"")","=HYPERLINK(""https://cice-consortium-cice.readthedocs.io/en/main/search.html?q=grid_ice"", ""grid_ice"")",B,
*,"=HYPERLINK(""https://cice-consortium-cice.readthedocs.io/en/main/search.html?q=grid_nml"", ""&grid_nml"")","=HYPERLINK(""https://cice-consortium-cice.readthedocs.io/en/main/search.html?q=grid_ocn"", ""grid_ocn"")",A,
*,"=HYPERLINK(""https://cice-consortium-cice.readthedocs.io/en/main/search.html?q=grid_nml"", ""&grid_nml"")","=HYPERLINK(""https://cice-consortium-cice.readthedocs.io/en/main/search.html?q=gridcpl_file"", ""gridcpl_file"")",unknown_gridcpl_file,
*,"=HYPERLINK(""https://cice-consortium-cice.readthedocs.io/en/main/search.html?q=grid_nml"", ""&grid_nml"")","=HYPERLINK(""https://cice-consortium-cice.readthedocs.io/en/main/search.html?q=kmt_file"", ""kmt_file"")",./input/kmt.nc,RESTART/kmt.nc
*,"=HYPERLINK(""https://cice-consortium-cice.readthedocs.io/en/main/search.html?q=grid_nml"", ""&grid_nml"")","=HYPERLINK(""https://cice-consortium-cice.readthedocs.io/en/main/search.html?q=nblyr"", ""nblyr"")",3,
*,"=HYPERLINK(""https://cice-consortium-cice.readthedocs.io/en/main/search.html?q=grid_nml"", ""&grid_nml"")","=HYPERLINK(""https://cice-consortium-cice.readthedocs.io/en/main/search.html?q=ncat"", ""ncat"")",5,
*,"=HYPERLINK(""https://cice-consortium-cice.readthedocs.io/en/main/search.html?q=grid_nml"", ""&grid_nml"")","=HYPERLINK(""https://cice-consortium-cice.readthedocs.io/en/main/search.html?q=nfsd"", ""nfsd"")",1,
*,"=HYPERLINK(""https://cice-consortium-cice.readthedocs.io/en/main/search.html?q=grid_nml"", ""&grid_nml"")","=HYPERLINK(""https://cice-consortium-cice.readthedocs.io/en/main/search.html?q=nilyr"", ""nilyr"")",4,
*,"=HYPERLINK(""https://cice-consortium-cice.readthedocs.io/en/main/search.html?q=grid_nml"", ""&grid_nml"")","=HYPERLINK(""https://cice-consortium-cice.readthedocs.io/en/main/search.html?q=nslyr"", ""nslyr"")",1,
*,"=HYPERLINK(""https://cice-consortium-cice.readthedocs.io/en/main/search.html?q=grid_nml"", ""&grid_nml"")","=HYPERLINK(""https://cice-consortium-cice.readthedocs.io/en/main/search.html?q=orca_halogrid"", ""orca_halogrid"")",False,
*,"=HYPERLINK(""https://cice-consortium-cice.readthedocs.io/en/main/search.html?q=grid_nml"", ""&grid_nml"")","=HYPERLINK(""https://cice-consortium-cice.readthedocs.io/en/main/search.html?q=use_bathymetry"", ""use_bathymetry"")",False,
*,"=HYPERLINK(""https://cice-consortium-cice.readthedocs.io/en/main/search.html?q=ice_prescribed_nml"", ""&ice_prescribed_nml"")","=HYPERLINK(""https://cice-consortium-cice.readthedocs.io/en/main/search.html?q=prescribed_ice_mode"", ""prescribed_ice_mode"")",False,
*,"=HYPERLINK(""https://cice-consortium-cice.readthedocs.io/en/main/search.html?q=ice_prescribed_nml"", ""&ice_prescribed_nml"")","=HYPERLINK(""https://cice-consortium-cice.readthedocs.io/en/main/search.html?q=stream_datafiles"", ""stream_datafiles"")",,
*,"=HYPERLINK(""https://cice-consortium-cice.readthedocs.io/en/main/search.html?q=ice_prescribed_nml"", ""&ice_prescribed_nml"")","=HYPERLINK(""https://cice-consortium-cice.readthedocs.io/en/main/search.html?q=stream_mapalgo"", ""stream_mapalgo"")",na,
*,"=HYPERLINK(""https://cice-consortium-cice.readthedocs.io/en/main/search.html?q=ice_prescribed_nml"", ""&ice_prescribed_nml"")","=HYPERLINK(""https://cice-consortium-cice.readthedocs.io/en/main/search.html?q=stream_meshfile"", ""stream_meshfile"")",,
*,"=HYPERLINK(""https://cice-consortium-cice.readthedocs.io/en/main/search.html?q=ice_prescribed_nml"", ""&ice_prescribed_nml"")","=HYPERLINK(""https://cice-consortium-cice.readthedocs.io/en/main/search.html?q=stream_varname"", ""stream_varname"")",ice_cov,
*,"=HYPERLINK(""https://cice-consortium-cice.readthedocs.io/en/main/search.html?q=ice_prescribed_nml"", ""&ice_prescribed_nml"")","=HYPERLINK(""https://cice-consortium-cice.readthedocs.io/en/main/search.html?q=stream_yearalign"", ""stream_yearalign"")",-999,
*,"=HYPERLINK(""https://cice-consortium-cice.readthedocs.io/en/main/search.html?q=ice_prescribed_nml"", ""&ice_prescribed_nml"")","=HYPERLINK(""https://cice-consortium-cice.readthedocs.io/en/main/search.html?q=stream_yearfirst"", ""stream_yearfirst"")",-999,
*,"=HYPERLINK(""https://cice-consortium-cice.readthedocs.io/en/main/search.html?q=ice_prescribed_nml"", ""&ice_prescribed_nml"")","=HYPERLINK(""https://cice-consortium-cice.readthedocs.io/en/main/search.html?q=stream_yearlast"", ""stream_yearlast"")",-999,
*,"=HYPERLINK(""https://cice-consortium-cice.readthedocs.io/en/main/search.html?q=icefields_bgc_nml"", ""&icefields_bgc_nml"")","=HYPERLINK(""https://cice-consortium-cice.readthedocs.io/en/main/search.html?q=f_aero"", ""f_aero"")",xxxxx,x
*,"=HYPERLINK(""https://cice-consortium-cice.readthedocs.io/en/main/search.html?q=icefields_bgc_nml"", ""&icefields_bgc_nml"")","=HYPERLINK(""https://cice-consortium-cice.readthedocs.io/en/main/search.html?q=f_bgc_am_ml"", ""f_bgc_am_ml"")",,x
*,"=HYPERLINK(""https://cice-consortium-cice.readthedocs.io/en/main/search.html?q=icefields_bgc_nml"", ""&icefields_bgc_nml"")","=HYPERLINK(""https://cice-consortium-cice.readthedocs.io/en/main/search.html?q=f_bgc_am_sk"", ""f_bgc_am_sk"")",,x
*,"=HYPERLINK(""https://cice-consortium-cice.readthedocs.io/en/main/search.html?q=icefields_bgc_nml"", ""&icefields_bgc_nml"")","=HYPERLINK(""https://cice-consortium-cice.readthedocs.io/en/main/search.html?q=f_bgc_c"", ""f_bgc_c"")",xxxxx,
*,"=HYPERLINK(""https://cice-consortium-cice.readthedocs.io/en/main/search.html?q=icefields_bgc_nml"", ""&icefields_bgc_nml"")","=HYPERLINK(""https://cice-consortium-cice.readthedocs.io/en/main/search.html?q=f_bgc_c_sk"", ""f_bgc_c_sk"")",,x
*,"=HYPERLINK(""https://cice-consortium-cice.readthedocs.io/en/main/search.html?q=icefields_bgc_nml"", ""&icefields_bgc_nml"")","=HYPERLINK(""https://cice-consortium-cice.readthedocs.io/en/main/search.html?q=f_bgc_chl"", ""f_bgc_chl"")",xxxxx,
*,"=HYPERLINK(""https://cice-consortium-cice.readthedocs.io/en/main/search.html?q=icefields_bgc_nml"", ""&icefields_bgc_nml"")","=HYPERLINK(""https://cice-consortium-cice.readthedocs.io/en/main/search.html?q=f_bgc_chl_sk"", ""f_bgc_chl_sk"")",,x
*,"=HYPERLINK(""https://cice-consortium-cice.readthedocs.io/en/main/search.html?q=icefields_bgc_nml"", ""&icefields_bgc_nml"")","=HYPERLINK(""https://cice-consortium-cice.readthedocs.io/en/main/search.html?q=f_bgc_dms"", ""f_bgc_dms"")",xxxxx,
*,"=HYPERLINK(""https://cice-consortium-cice.readthedocs.io/en/main/search.html?q=icefields_bgc_nml"", ""&icefields_bgc_nml"")","=HYPERLINK(""https://cice-consortium-cice.readthedocs.io/en/main/search.html?q=f_bgc_dms_sk"", ""f_bgc_dms_sk"")",,x
*,"=HYPERLINK(""https://cice-consortium-cice.readthedocs.io/en/main/search.html?q=icefields_bgc_nml"", ""&icefields_bgc_nml"")","=HYPERLINK(""https://cice-consortium-cice.readthedocs.io/en/main/search.html?q=f_bgc_dmsp_ml"", ""f_bgc_dmsp_ml"")",,x
*,"=HYPERLINK(""https://cice-consortium-cice.readthedocs.io/en/main/search.html?q=icefields_bgc_nml"", ""&icefields_bgc_nml"")","=HYPERLINK(""https://cice-consortium-cice.readthedocs.io/en/main/search.html?q=f_bgc_dmspd"", ""f_bgc_dmspd"")",xxxxx,
*,"=HYPERLINK(""https://cice-consortium-cice.readthedocs.io/en/main/search.html?q=icefields_bgc_nml"", ""&icefields_bgc_nml"")","=HYPERLINK(""https://cice-consortium-cice.readthedocs.io/en/main/search.html?q=f_bgc_dmspd_sk"", ""f_bgc_dmspd_sk"")",,x
*,"=HYPERLINK(""https://cice-consortium-cice.readthedocs.io/en/main/search.html?q=icefields_bgc_nml"", ""&icefields_bgc_nml"")","=HYPERLINK(""https://cice-consortium-cice.readthedocs.io/en/main/search.html?q=f_bgc_dmspp"", ""f_bgc_dmspp"")",xxxxx,
*,"=HYPERLINK(""https://cice-consortium-cice.readthedocs.io/en/main/search.html?q=icefields_bgc_nml"", ""&icefields_bgc_nml"")","=HYPERLINK(""https://cice-consortium-cice.readthedocs.io/en/main/search.html?q=f_bgc_dmspp_sk"", ""f_bgc_dmspp_sk"")",,x
*,"=HYPERLINK(""https://cice-consortium-cice.readthedocs.io/en/main/search.html?q=icefields_bgc_nml"", ""&icefields_bgc_nml"")","=HYPERLINK(""https://cice-consortium-cice.readthedocs.io/en/main/search.html?q=f_bgc_n"", ""f_bgc_n"")",xxxxx,
*,"=HYPERLINK(""https://cice-consortium-cice.readthedocs.io/en/main/search.html?q=icefields_bgc_nml"", ""&icefields_bgc_nml"")","=HYPERLINK(""https://cice-consortium-cice.readthedocs.io/en/main/search.html?q=f_bgc_n_sk"", ""f_bgc_n_sk"")",,x
*,"=HYPERLINK(""https://cice-consortium-cice.readthedocs.io/en/main/search.html?q=icefields_bgc_nml"", ""&icefields_bgc_nml"")","=HYPERLINK(""https://cice-consortium-cice.readthedocs.io/en/main/search.html?q=f_bgc_nit_ml"", ""f_bgc_nit_ml"")",,x
*,"=HYPERLINK(""https://cice-consortium-cice.readthedocs.io/en/main/search.html?q=icefields_bgc_nml"", ""&icefields_bgc_nml"")","=HYPERLINK(""https://cice-consortium-cice.readthedocs.io/en/main/search.html?q=f_bgc_nit_sk"", ""f_bgc_nit_sk"")",,x
*,"=HYPERLINK(""https://cice-consortium-cice.readthedocs.io/en/main/search.html?q=icefields_bgc_nml"", ""&icefields_bgc_nml"")","=HYPERLINK(""https://cice-consortium-cice.readthedocs.io/en/main/search.html?q=f_bgc_s"", ""f_bgc_s"")",xxxxx,
*,"=HYPERLINK(""https://cice-consortium-cice.readthedocs.io/en/main/search.html?q=icefields_bgc_nml"", ""&icefields_bgc_nml"")","=HYPERLINK(""https://cice-consortium-cice.readthedocs.io/en/main/search.html?q=f_bgc_sil"", ""f_bgc_sil"")",xxxxx,
*,"=HYPERLINK(""https://cice-consortium-cice.readthedocs.io/en/main/search.html?q=icefields_bgc_nml"", ""&icefields_bgc_nml"")","=HYPERLINK(""https://cice-consortium-cice.readthedocs.io/en/main/search.html?q=f_bgc_sil_ml"", ""f_bgc_sil_ml"")",,x
*,"=HYPERLINK(""https://cice-consortium-cice.readthedocs.io/en/main/search.html?q=icefields_bgc_nml"", ""&icefields_bgc_nml"")","=HYPERLINK(""https://cice-consortium-cice.readthedocs.io/en/main/search.html?q=f_bgc_sil_sk"", ""f_bgc_sil_sk"")",,x
*,"=HYPERLINK(""https://cice-consortium-cice.readthedocs.io/en/main/search.html?q=icefields_bgc_nml"", ""&icefields_bgc_nml"")","=HYPERLINK(""https://cice-consortium-cice.readthedocs.io/en/main/search.html?q=f_bphi"", ""f_bphi"")",xxxxx,x
*,"=HYPERLINK(""https://cice-consortium-cice.readthedocs.io/en/main/search.html?q=icefields_bgc_nml"", ""&icefields_bgc_nml"")","=HYPERLINK(""https://cice-consortium-cice.readthedocs.io/en/main/search.html?q=f_btin"", ""f_btin"")",,x
*,"=HYPERLINK(""https://cice-consortium-cice.readthedocs.io/en/main/search.html?q=icefields_bgc_nml"", ""&icefields_bgc_nml"")","=HYPERLINK(""https://cice-consortium-cice.readthedocs.io/en/main/search.html?q=f_faero_atm"", ""f_faero_atm"")",xxxxx,x
*,"=HYPERLINK(""https://cice-consortium-cice.readthedocs.io/en/main/search.html?q=icefields_bgc_nml"", ""&icefields_bgc_nml"")","=HYPERLINK(""https://cice-consortium-cice.readthedocs.io/en/main/search.html?q=f_faero_ocn"", ""f_faero_ocn"")",xxxxx,x
*,"=HYPERLINK(""https://cice-consortium-cice.readthedocs.io/en/main/search.html?q=icefields_bgc_nml"", ""&icefields_bgc_nml"")","=HYPERLINK(""https://cice-consortium-cice.readthedocs.io/en/main/search.html?q=f_fbri"", ""f_fbri"")",,x
*,"=HYPERLINK(""https://cice-consortium-cice.readthedocs.io/en/main/search.html?q=icefields_bgc_nml"", ""&icefields_bgc_nml"")","=HYPERLINK(""https://cice-consortium-cice.readthedocs.io/en/main/search.html?q=f_fn"", ""f_fn"")",,x
*,"=HYPERLINK(""https://cice-consortium-cice.readthedocs.io/en/main/search.html?q=icefields_bgc_nml"", ""&icefields_bgc_nml"")","=HYPERLINK(""https://cice-consortium-cice.readthedocs.io/en/main/search.html?q=f_fn_ai"", ""f_fn_ai"")",,x
*,"=HYPERLINK(""https://cice-consortium-cice.readthedocs.io/en/main/search.html?q=icefields_bgc_nml"", ""&icefields_bgc_nml"")","=HYPERLINK(""https://cice-consortium-cice.readthedocs.io/en/main/search.html?q=f_fnh"", ""f_fnh"")",,x
*,"=HYPERLINK(""https://cice-consortium-cice.readthedocs.io/en/main/search.html?q=icefields_bgc_nml"", ""&icefields_bgc_nml"")","=HYPERLINK(""https://cice-consortium-cice.readthedocs.io/en/main/search.html?q=f_fnh_ai"", ""f_fnh_ai"")",,x
*,"=HYPERLINK(""https://cice-consortium-cice.readthedocs.io/en/main/search.html?q=icefields_bgc_nml"", ""&icefields_bgc_nml"")","=HYPERLINK(""https://cice-consortium-cice.readthedocs.io/en/main/search.html?q=f_fno"", ""f_fno"")",,x
*,"=HYPERLINK(""https://cice-consortium-cice.readthedocs.io/en/main/search.html?q=icefields_bgc_nml"", ""&icefields_bgc_nml"")","=HYPERLINK(""https://cice-consortium-cice.readthedocs.io/en/main/search.html?q=f_fno_ai"", ""f_fno_ai"")",,x
*,"=HYPERLINK(""https://cice-consortium-cice.readthedocs.io/en/main/search.html?q=icefields_bgc_nml"", ""&icefields_bgc_nml"")","=HYPERLINK(""https://cice-consortium-cice.readthedocs.io/en/main/search.html?q=f_fsil"", ""f_fsil"")",,x
*,"=HYPERLINK(""https://cice-consortium-cice.readthedocs.io/en/main/search.html?q=icefields_bgc_nml"", ""&icefields_bgc_nml"")","=HYPERLINK(""https://cice-consortium-cice.readthedocs.io/en/main/search.html?q=f_fsil_ai"", ""f_fsil_ai"")",,x
*,"=HYPERLINK(""https://cice-consortium-cice.readthedocs.io/en/main/search.html?q=icefields_bgc_nml"", ""&icefields_bgc_nml"")","=HYPERLINK(""https://cice-consortium-cice.readthedocs.io/en/main/search.html?q=f_grownet"", ""f_grownet"")",xxxxx,x
*,"=HYPERLINK(""https://cice-consortium-cice.readthedocs.io/en/main/search.html?q=icefields_bgc_nml"", ""&icefields_bgc_nml"")","=HYPERLINK(""https://cice-consortium-cice.readthedocs.io/en/main/search.html?q=f_hbri"", ""f_hbri"")",,x
*,"=HYPERLINK(""https://cice-consortium-cice.readthedocs.io/en/main/search.html?q=icefields_bgc_nml"", ""&icefields_bgc_nml"")","=HYPERLINK(""https://cice-consortium-cice.readthedocs.io/en/main/search.html?q=f_ppnet"", ""f_ppnet"")",xxxxx,x
*,"=HYPERLINK(""https://cice-consortium-cice.readthedocs.io/en/main/search.html?q=icefields_drag_nml"", ""&icefields_drag_nml"")","=HYPERLINK(""https://cice-consortium-cice.readthedocs.io/en/main/search.html?q=f_cdn_atm"", ""f_cdn_atm"")",xxxxx,x
*,"=HYPERLINK(""https://cice-consortium-cice.readthedocs.io/en/main/search.html?q=icefields_drag_nml"", ""&icefields_drag_nml"")","=HYPERLINK(""https://cice-consortium-cice.readthedocs.io/en/main/search.html?q=f_cdn_ocn"", ""f_cdn_ocn"")",xxxxx,x
*,"=HYPERLINK(""https://cice-consortium-cice.readthedocs.io/en/main/search.html?q=icefields_drag_nml"", ""&icefields_drag_nml"")","=HYPERLINK(""https://cice-consortium-cice.readthedocs.io/en/main/search.html?q=f_drag"", ""f_drag"")",xxxxx,x
*,"=HYPERLINK(""https://cice-consortium-cice.readthedocs.io/en/main/search.html?q=icefields_fsd_nml"", ""&icefields_fsd_nml"")","=HYPERLINK(""https://cice-consortium-cice.readthedocs.io/en/main/search.html?q=f_afsd"", ""f_afsd"")",xxxxx,
*,"=HYPERLINK(""https://cice-consortium-cice.readthedocs.io/en/main/search.html?q=icefields_fsd_nml"", ""&icefields_fsd_nml"")","=HYPERLINK(""https://cice-consortium-cice.readthedocs.io/en/main/search.html?q=f_dafsd_latg"", ""f_dafsd_latg"")",xxxxx,
*,"=HYPERLINK(""https://cice-consortium-cice.readthedocs.io/en/main/search.html?q=icefields_fsd_nml"", ""&icefields_fsd_nml"")","=HYPERLINK(""https://cice-consortium-cice.readthedocs.io/en/main/search.html?q=f_dafsd_latm"", ""f_dafsd_latm"")",xxxxx,
*,"=HYPERLINK(""https://cice-consortium-cice.readthedocs.io/en/main/search.html?q=icefields_fsd_nml"", ""&icefields_fsd_nml"")","=HYPERLINK(""https://cice-consortium-cice.readthedocs.io/en/main/search.html?q=f_dafsd_newi"", ""f_dafsd_newi"")",xxxxx,
*,"=HYPERLINK(""https://cice-consortium-cice.readthedocs.io/en/main/search.html?q=icefields_fsd_nml"", ""&icefields_fsd_nml"")","=HYPERLINK(""https://cice-consortium-cice.readthedocs.io/en/main/search.html?q=f_dafsd_wave"", ""f_dafsd_wave"")",xxxxx,
*,"=HYPERLINK(""https://cice-consortium-cice.readthedocs.io/en/main/search.html?q=icefields_fsd_nml"", ""&icefields_fsd_nml"")","=HYPERLINK(""https://cice-consortium-cice.readthedocs.io/en/main/search.html?q=f_dafsd_weld"", ""f_dafsd_weld"")",xxxxx,
*,"=HYPERLINK(""https://cice-consortium-cice.readthedocs.io/en/main/search.html?q=icefields_mechred_nml"", ""&icefields_mechred_nml"")","=HYPERLINK(""https://cice-consortium-cice.readthedocs.io/en/main/search.html?q=f_alvl"", ""f_alvl"")",xxxxx,m
*,"=HYPERLINK(""https://cice-consortium-cice.readthedocs.io/en/main/search.html?q=icefields_mechred_nml"", ""&icefields_mechred_nml"")","=HYPERLINK(""https://cice-consortium-cice.readthedocs.io/en/main/search.html?q=f_aparticn"", ""f_aparticn"")",xxxxx,x
*,"=HYPERLINK(""https://cice-consortium-cice.readthedocs.io/en/main/search.html?q=icefields_mechred_nml"", ""&icefields_mechred_nml"")","=HYPERLINK(""https://cice-consortium-cice.readthedocs.io/en/main/search.html?q=f_araftn"", ""f_araftn"")",xxxxx,x
*,"=HYPERLINK(""https://cice-consortium-cice.readthedocs.io/en/main/search.html?q=icefields_mechred_nml"", ""&icefields_mechred_nml"")","=HYPERLINK(""https://cice-consortium-cice.readthedocs.io/en/main/search.html?q=f_ardg"", ""f_ardg"")",mxxxx,m
*,"=HYPERLINK(""https://cice-consortium-cice.readthedocs.io/en/main/search.html?q=icefields_mechred_nml"", ""&icefields_mechred_nml"")","=HYPERLINK(""https://cice-consortium-cice.readthedocs.io/en/main/search.html?q=f_ardgn"", ""f_ardgn"")",xxxxx,x
*,"=HYPERLINK(""https://cice-consortium-cice.readthedocs.io/en/main/search.html?q=icefields_mechred_nml"", ""&icefields_mechred_nml"")","=HYPERLINK(""https://cice-consortium-cice.readthedocs.io/en/main/search.html?q=f_aredistn"", ""f_aredistn"")",xxxxx,x
*,"=HYPERLINK(""https://cice-consortium-cice.readthedocs.io/en/main/search.html?q=icefields_mechred_nml"", ""&icefields_mechred_nml"")","=HYPERLINK(""https://cice-consortium-cice.readthedocs.io/en/main/search.html?q=f_dardg1dt"", ""f_dardg1dt"")",xxxxx,x
*,"=HYPERLINK(""https://cice-consortium-cice.readthedocs.io/en/main/search.html?q=icefields_mechred_nml"", ""&icefields_mechred_nml"")","=HYPERLINK(""https://cice-consortium-cice.readthedocs.io/en/main/search.html?q=f_dardg1ndt"", ""f_dardg1ndt"")",xxxxx,x
*,"=HYPERLINK(""https://cice-consortium-cice.readthedocs.io/en/main/search.html?q=icefields_mechred_nml"", ""&icefields_mechred_nml"")","=HYPERLINK(""https://cice-consortium-cice.readthedocs.io/en/main/search.html?q=f_dardg2dt"", ""f_dardg2dt"")",xxxxx,x
*,"=HYPERLINK(""https://cice-consortium-cice.readthedocs.io/en/main/search.html?q=icefields_mechred_nml"", ""&icefields_mechred_nml"")","=HYPERLINK(""https://cice-consortium-cice.readthedocs.io/en/main/search.html?q=f_dardg2ndt"", ""f_dardg2ndt"")",xxxxx,x
*,"=HYPERLINK(""https://cice-consortium-cice.readthedocs.io/en/main/search.html?q=icefields_mechred_nml"", ""&icefields_mechred_nml"")","=HYPERLINK(""https://cice-consortium-cice.readthedocs.io/en/main/search.html?q=f_dvirdgdt"", ""f_dvirdgdt"")",xxxxx,x
*,"=HYPERLINK(""https://cice-consortium-cice.readthedocs.io/en/main/search.html?q=icefields_mechred_nml"", ""&icefields_mechred_nml"")","=HYPERLINK(""https://cice-consortium-cice.readthedocs.io/en/main/search.html?q=f_dvirdgndt"", ""f_dvirdgndt"")",xxxxx,x
*,"=HYPERLINK(""https://cice-consortium-cice.readthedocs.io/en/main/search.html?q=icefields_mechred_nml"", ""&icefields_mechred_nml"")","=HYPERLINK(""https://cice-consortium-cice.readthedocs.io/en/main/search.html?q=f_krdgn"", ""f_krdgn"")",xxxxx,x
*,"=HYPERLINK(""https://cice-consortium-cice.readthedocs.io/en/main/search.html?q=icefields_mechred_nml"", ""&icefields_mechred_nml"")","=HYPERLINK(""https://cice-consortium-cice.readthedocs.io/en/main/search.html?q=f_opening"", ""f_opening"")",xxxxx,m
*,"=HYPERLINK(""https://cice-consortium-cice.readthedocs.io/en/main/search.html?q=icefields_mechred_nml"", ""&icefields_mechred_nml"")","=HYPERLINK(""https://cice-consortium-cice.readthedocs.io/en/main/search.html?q=f_vlvl"", ""f_vlvl"")",xxxxx,m
*,"=HYPERLINK(""https://cice-consortium-cice.readthedocs.io/en/main/search.html?q=icefields_mechred_nml"", ""&icefields_mechred_nml"")","=HYPERLINK(""https://cice-consortium-cice.readthedocs.io/en/main/search.html?q=f_vraftn"", ""f_vraftn"")",xxxxx,x
*,"=HYPERLINK(""https://cice-consortium-cice.readthedocs.io/en/main/search.html?q=icefields_mechred_nml"", ""&icefields_mechred_nml"")","=HYPERLINK(""https://cice-consortium-cice.readthedocs.io/en/main/search.html?q=f_vrdg"", ""f_vrdg"")",xxxxx,m
*,"=HYPERLINK(""https://cice-consortium-cice.readthedocs.io/en/main/search.html?q=icefields_mechred_nml"", ""&icefields_mechred_nml"")","=HYPERLINK(""https://cice-consortium-cice.readthedocs.io/en/main/search.html?q=f_vrdgn"", ""f_vrdgn"")",xxxxx,x
*,"=HYPERLINK(""https://cice-consortium-cice.readthedocs.io/en/main/search.html?q=icefields_mechred_nml"", ""&icefields_mechred_nml"")","=HYPERLINK(""https://cice-consortium-cice.readthedocs.io/en/main/search.html?q=f_vredistn"", ""f_vredistn"")",xxxxx,x
*,"=HYPERLINK(""https://cice-consortium-cice.readthedocs.io/en/main/search.html?q=icefields_nml"", ""&icefields_nml"")","=HYPERLINK(""https://cice-consortium-cice.readthedocs.io/en/main/search.html?q=f_aice"", ""f_aice"")",mdhxx,md
*,"=HYPERLINK(""https://cice-consortium-cice.readthedocs.io/en/main/search.html?q=icefields_nml"", ""&icefields_nml"")","=HYPERLINK(""https://cice-consortium-cice.readthedocs.io/en/main/search.html?q=f_aicen"", ""f_aicen"")",mdhxx,m
*,"=HYPERLINK(""https://cice-consortium-cice.readthedocs.io/en/main/search.html?q=icefields_nml"", ""&icefields_nml"")","=HYPERLINK(""https://cice-consortium-cice.readthedocs.io/en/main/search.html?q=f_aisnap"", ""f_aisnap"")",xxxxx,x
*,"=HYPERLINK(""https://cice-consortium-cice.readthedocs.io/en/main/search.html?q=icefields_nml"", ""&icefields_nml"")","=HYPERLINK(""https://cice-consortium-cice.readthedocs.io/en/main/search.html?q=f_albice"", ""f_albice"")",xxxxx,m
*,"=HYPERLINK(""https://cice-consortium-cice.readthedocs.io/en/main/search.html?q=icefields_nml"", ""&icefields_nml"")","=HYPERLINK(""https://cice-consortium-cice.readthedocs.io/en/main/search.html?q=f_albpnd"", ""f_albpnd"")",xxxxx,x
*,"=HYPERLINK(""https://cice-consortium-cice.readthedocs.io/en/main/search.html?q=icefields_nml"", ""&icefields_nml"")","=HYPERLINK(""https://cice-consortium-cice.readthedocs.io/en/main/search.html?q=f_albsni"", ""f_albsni"")",mxxxx,m
*,"=HYPERLINK(""https://cice-consortium-cice.readthedocs.io/en/main/search.html?q=icefields_nml"", ""&icefields_nml"")","=HYPERLINK(""https://cice-consortium-cice.readthedocs.io/en/main/search.html?q=f_albsno"", ""f_albsno"")",xxxxx,m
*,"=HYPERLINK(""https://cice-consortium-cice.readthedocs.io/en/main/search.html?q=icefields_nml"", ""&icefields_nml"")","=HYPERLINK(""https://cice-consortium-cice.readthedocs.io/en/main/search.html?q=f_alidf"", ""f_alidf"")",xxxxx,
*,"=HYPERLINK(""https://cice-consortium-cice.readthedocs.io/en/main/search.html?q=icefields_nml"", ""&icefields_nml"")","=HYPERLINK(""https://cice-consortium-cice.readthedocs.io/en/main/search.html?q=f_alidf_ai"", ""f_alidf_ai"")",mxxxx,x
*,"=HYPERLINK(""https://cice-consortium-cice.readthedocs.io/en/main/search.html?q=icefields_nml"", ""&icefields_nml"")","=HYPERLINK(""https://cice-consortium-cice.readthedocs.io/en/main/search.html?q=f_alidr"", ""f_alidr"")",xxxxx,x
*,"=HYPERLINK(""https://cice-consortium-cice.readthedocs.io/en/main/search.html?q=icefields_nml"", ""&icefields_nml"")","=HYPERLINK(""https://cice-consortium-cice.readthedocs.io/en/main/search.html?q=f_alidr_ai"", ""f_alidr_ai"")",mxxxx,x
*,"=HYPERLINK(""https://cice-consortium-cice.readthedocs.io/en/main/search.html?q=icefields_nml"", ""&icefields_nml"")","=HYPERLINK(""https://cice-consortium-cice.readthedocs.io/en/main/search.html?q=f_alvdf"", ""f_alvdf"")",xxxxx,
*,"=HYPERLINK(""https://cice-consortium-cice.readthedocs.io/en/main/search.html?q=icefields_nml"", ""&icefields_nml"")","=HYPERLINK(""https://cice-consortium-cice.readthedocs.io/en/main/search.html?q=f_alvdf_ai"", ""f_alvdf_ai"")",mxxxx,x
*,"=HYPERLINK(""https://cice-consortium-cice.readthedocs.io/en/main/search.html?q=icefields_nml"", ""&icefields_nml"")","=HYPERLINK(""https://cice-consortium-cice.readthedocs.io/en/main/search.html?q=f_alvdr"", ""f_alvdr"")",xxxxx,x
*,"=HYPERLINK(""https://cice-consortium-cice.readthedocs.io/en/main/search.html?q=icefields_nml"", ""&icefields_nml"")","=HYPERLINK(""https://cice-consortium-cice.readthedocs.io/en/main/search.html?q=f_alvdr_ai"", ""f_alvdr_ai"")",mxxxx,x
*,"=HYPERLINK(""https://cice-consortium-cice.readthedocs.io/en/main/search.html?q=icefields_nml"", ""&icefields_nml"")","=HYPERLINK(""https://cice-consortium-cice.readthedocs.io/en/main/search.html?q=f_blkmask"", ""f_blkmask"")",False,
*,"=HYPERLINK(""https://cice-consortium-cice.readthedocs.io/en/main/search.html?q=icefields_nml"", ""&icefields_nml"")","=HYPERLINK(""https://cice-consortium-cice.readthedocs.io/en/main/search.html?q=f_bounds"", ""f_bounds"")",True,False
*,"=HYPERLINK(""https://cice-consortium-cice.readthedocs.io/en/main/search.html?q=icefields_nml"", ""&icefields_nml"")","=HYPERLINK(""https://cice-consortium-cice.readthedocs.io/en/main/search.html?q=f_cmip"", ""f_cmip"")",xxxxx,
*,"=HYPERLINK(""https://cice-consortium-cice.readthedocs.io/en/main/search.html?q=icefields_nml"", ""&icefields_nml"")","=HYPERLINK(""https://cice-consortium-cice.readthedocs.io/en/main/search.html?q=f_congel"", ""f_congel"")",mdxxx,md
*,"=HYPERLINK(""https://cice-consortium-cice.readthedocs.io/en/main/search.html?q=icefields_nml"", ""&icefields_nml"")","=HYPERLINK(""https://cice-consortium-cice.readthedocs.io/en/main/search.html?q=f_coszen"", ""f_coszen"")",xxxxx,x
*,"=HYPERLINK(""https://cice-consortium-cice.readthedocs.io/en/main/search.html?q=icefields_nml"", ""&icefields_nml"")","=HYPERLINK(""https://cice-consortium-cice.readthedocs.io/en/main/search.html?q=f_dagedtd"", ""f_dagedtd"")",,x
*,"=HYPERLINK(""https://cice-consortium-cice.readthedocs.io/en/main/search.html?q=icefields_nml"", ""&icefields_nml"")","=HYPERLINK(""https://cice-consortium-cice.readthedocs.io/en/main/search.html?q=f_dagedtt"", ""f_dagedtt"")",,x
*,"=HYPERLINK(""https://cice-consortium-cice.readthedocs.io/en/main/search.html?q=icefields_nml"", ""&icefields_nml"")","=HYPERLINK(""https://cice-consortium-cice.readthedocs.io/en/main/search.html?q=f_daidtd"", ""f_daidtd"")",mdxxx,m
*,"=HYPERLINK(""https://cice-consortium-cice.readthedocs.io/en/main/search.html?q=icefields_nml"", ""&icefields_nml"")","=HYPERLINK(""https://cice-consortium-cice.readthedocs.io/en/main/search.html?q=f_daidtt"", ""f_daidtt"")",mdxxx,m
*,"=HYPERLINK(""https://cice-consortium-cice.readthedocs.io/en/main/search.html?q=icefields_nml"", ""&icefields_nml"")","=HYPERLINK(""https://cice-consortium-cice.readthedocs.io/en/main/search.html?q=f_divu"", ""f_divu"")",mxxxx,m
*,"=HYPERLINK(""https://cice-consortium-cice.readthedocs.io/en/main/search.html?q=icefields_nml"", ""&icefields_nml"")","=HYPERLINK(""https://cice-consortium-cice.readthedocs.io/en/main/search.html?q=f_dsnow"", ""f_dsnow"")",xxxxx,x
*,"=HYPERLINK(""https://cice-consortium-cice.readthedocs.io/en/main/search.html?q=icefields_nml"", ""&icefields_nml"")","=HYPERLINK(""https://cice-consortium-cice.readthedocs.io/en/main/search.html?q=f_dvidtd"", ""f_dvidtd"")",mdxxx,md
*,"=HYPERLINK(""https://cice-consortium-cice.readthedocs.io/en/main/search.html?q=icefields_nml"", ""&icefields_nml"")","=HYPERLINK(""https://cice-consortium-cice.readthedocs.io/en/main/search.html?q=f_dvidtt"", ""f_dvidtt"")",mdxxx,md
*,"=HYPERLINK(""https://cice-consortium-cice.readthedocs.io/en/main/search.html?q=icefields_nml"", ""&icefields_nml"")","=HYPERLINK(""https://cice-consortium-cice.readthedocs.io/en/main/search.html?q=f_evap"", ""f_evap"")",mxxxx,x
*,"=HYPERLINK(""https://cice-consortium-cice.readthedocs.io/en/main/search.html?q=icefields_nml"", ""&icefields_nml"")","=HYPERLINK(""https://cice-consortium-cice.readthedocs.io/en/main/search.html?q=f_evap_ai"", ""f_evap_ai"")",xxxxx,m
*,"=HYPERLINK(""https://cice-consortium-cice.readthedocs.io/en/main/search.html?q=icefields_nml"", ""&icefields_nml"")","=HYPERLINK(""https://cice-consortium-cice.readthedocs.io/en/main/search.html?q=f_fcondtop_ai"", ""f_fcondtop_ai"")",xxxxx,m
*,"=HYPERLINK(""https://cice-consortium-cice.readthedocs.io/en/main/search.html?q=icefields_nml"", ""&icefields_nml"")","=HYPERLINK(""https://cice-consortium-cice.readthedocs.io/en/main/search.html?q=f_fcondtopn_ai"", ""f_fcondtopn_ai"")",xxxxx,m
*,"=HYPERLINK(""https://cice-consortium-cice.readthedocs.io/en/main/search.html?q=icefields_nml"", ""&icefields_nml"")","=HYPERLINK(""https://cice-consortium-cice.readthedocs.io/en/main/search.html?q=f_fhocn"", ""f_fhocn"")",mxxxx,x
*,"=HYPERLINK(""https://cice-consortium-cice.readthedocs.io/en/main/search.html?q=icefields_nml"", ""&icefields_nml"")","=HYPERLINK(""https://cice-consortium-cice.readthedocs.io/en/main/search.html?q=f_fhocn_ai"", ""f_fhocn_ai"")",xxxxx,m
*,"=HYPERLINK(""https://cice-consortium-cice.readthedocs.io/en/main/search.html?q=icefields_nml"", ""&icefields_nml"")","=HYPERLINK(""https://cice-consortium-cice.readthedocs.io/en/main/search.html?q=f_flat"", ""f_flat"")",mxxxx,x
*,"=HYPERLINK(""https://cice-consortium-cice.readthedocs.io/en/main/search.html?q=icefields_nml"", ""&icefields_nml"")","=HYPERLINK(""https://cice-consortium-cice.readthedocs.io/en/main/search.html?q=f_flat_ai"", ""f_flat_ai"")",mxxxx,m
*,"=HYPERLINK(""https://cice-consortium-cice.readthedocs.io/en/main/search.html?q=icefields_nml"", ""&icefields_nml"")","=HYPERLINK(""https://cice-consortium-cice.readthedocs.io/en/main/search.html?q=f_flatn_ai"", ""f_flatn_ai"")",xxxxx,m
*,"=HYPERLINK(""https://cice-consortium-cice.readthedocs.io/en/main/search.html?q=icefields_nml"", ""&icefields_nml"")","=HYPERLINK(""https://cice-consortium-cice.readthedocs.io/en/main/search.html?q=f_flwdn"", ""f_flwdn"")",mxxxx,m
*,"=HYPERLINK(""https://cice-consortium-cice.readthedocs.io/en/main/search.html?q=icefields_nml"", ""&icefields_nml"")","=HYPERLINK(""https://cice-consortium-cice.readthedocs.io/en/main/search.html?q=f_flwup"", ""f_flwup"")",mxxxx,x
*,"=HYPERLINK(""https://cice-consortium-cice.readthedocs.io/en/main/search.html?q=icefields_nml"", ""&icefields_nml"")","=HYPERLINK(""https://cice-consortium-cice.readthedocs.io/en/main/search.html?q=f_flwup_ai"", ""f_flwup_ai"")",xxxxx,m
*,"=HYPERLINK(""https://cice-consortium-cice.readthedocs.io/en/main/search.html?q=icefields_nml"", ""&icefields_nml"")","=HYPERLINK(""https://cice-consortium-cice.readthedocs.io/en/main/search.html?q=f_fmeltt_ai"", ""f_fmeltt_ai"")",xxxxx,m
*,"=HYPERLINK(""https://cice-consortium-cice.readthedocs.io/en/main/search.html?q=icefields_nml"", ""&icefields_nml"")","=HYPERLINK(""https://cice-consortium-cice.readthedocs.io/en/main/search.html?q=f_fmelttn_ai"", ""f_fmelttn_ai"")",xxxxx,m
*,"=HYPERLINK(""https://cice-consortium-cice.readthedocs.io/en/main/search.html?q=icefields_nml"", ""&icefields_nml"")","=HYPERLINK(""https://cice-consortium-cice.readthedocs.io/en/main/search.html?q=f_frazil"", ""f_frazil"")",mdxxx,md
*,"=HYPERLINK(""https://cice-consortium-cice.readthedocs.io/en/main/search.html?q=icefields_nml"", ""&icefields_nml"")","=HYPERLINK(""https://cice-consortium-cice.readthedocs.io/en/main/search.html?q=f_fresh"", ""f_fresh"")",mxxxx,x
*,"=HYPERLINK(""https://cice-consortium-cice.readthedocs.io/en/main/search.html?q=icefields_nml"", ""&icefields_nml"")","=HYPERLINK(""https://cice-consortium-cice.readthedocs.io/en/main/search.html?q=f_fresh_ai"", ""f_fresh_ai"")",xxxxx,m
*,"=HYPERLINK(""https://cice-consortium-cice.readthedocs.io/en/main/search.html?q=icefields_nml"", ""&icefields_nml"")","=HYPERLINK(""https://cice-consortium-cice.readthedocs.io/en/main/search.html?q=f_frz_onset"", ""f_frz_onset"")",xxxxx,x
*,"=HYPERLINK(""https://cice-consortium-cice.readthedocs.io/en/main/search.html?q=icefields_nml"", ""&icefields_nml"")","=HYPERLINK(""https://cice-consortium-cice.readthedocs.io/en/main/search.html?q=f_frzmlt"", ""f_frzmlt"")",xxxxx,md
*,"=HYPERLINK(""https://cice-consortium-cice.readthedocs.io/en/main/search.html?q=icefields_nml"", ""&icefields_nml"")","=HYPERLINK(""https://cice-consortium-cice.readthedocs.io/en/main/search.html?q=f_fsalt"", ""f_fsalt"")",mxxxx,m
*,"=HYPERLINK(""https://cice-consortium-cice.readthedocs.io/en/main/search.html?q=icefields_nml"", ""&icefields_nml"")","=HYPERLINK(""https://cice-consortium-cice.readthedocs.io/en/main/search.html?q=f_fsalt_ai"", ""f_fsalt_ai"")",xxxxx,m
*,"=HYPERLINK(""https://cice-consortium-cice.readthedocs.io/en/main/search.html?q=icefields_nml"", ""&icefields_nml"")","=HYPERLINK(""https://cice-consortium-cice.readthedocs.io/en/main/search.html?q=f_fsens"", ""f_fsens"")",mxxxx,x
*,"=HYPERLINK(""https://cice-consortium-cice.readthedocs.io/en/main/search.html?q=icefields_nml"", ""&icefields_nml"")","=HYPERLINK(""https://cice-consortium-cice.readthedocs.io/en/main/search.html?q=f_fsens_ai"", ""f_fsens_ai"")",mxxxx,m
*,"=HYPERLINK(""https://cice-consortium-cice.readthedocs.io/en/main/search.html?q=icefields_nml"", ""&icefields_nml"")","=HYPERLINK(""https://cice-consortium-cice.readthedocs.io/en/main/search.html?q=f_fsensn_ai"", ""f_fsensn_ai"")",xxxxx,
*,"=HYPERLINK(""https://cice-consortium-cice.readthedocs.io/en/main/search.html?q=icefields_nml"", ""&icefields_nml"")","=HYPERLINK(""https://cice-consortium-cice.readthedocs.io/en/main/search.html?q=f_fsurf_ai"", ""f_fsurf_ai"")",xxxxx,x
*,"=HYPERLINK(""https://cice-consortium-cice.readthedocs.io/en/main/search.html?q=icefields_nml"", ""&icefields_nml"")","=HYPERLINK(""https://cice-consortium-cice.readthedocs.io/en/main/search.html?q=f_fsurfn_ai"", ""f_fsurfn_ai"")",xxxxx,m
*,"=HYPERLINK(""https://cice-consortium-cice.readthedocs.io/en/main/search.html?q=icefields_nml"", ""&icefields_nml"")","=HYPERLINK(""https://cice-consortium-cice.readthedocs.io/en/main/search.html?q=f_fswabs"", ""f_fswabs"")",mdhxx,x
*,"=HYPERLINK(""https://cice-consortium-cice.readthedocs.io/en/main/search.html?q=icefields_nml"", ""&icefields_nml"")","=HYPERLINK(""https://cice-consortium-cice.readthedocs.io/en/main/search.html?q=f_fswabs_ai"", ""f_fswabs_ai"")",xxxxx,m
*,"=HYPERLINK(""https://cice-consortium-cice.readthedocs.io/en/main/search.html?q=icefields_nml"", ""&icefields_nml"")","=HYPERLINK(""https://cice-consortium-cice.readthedocs.io/en/main/search.html?q=f_fswdn"", ""f_fswdn"")",mdhxx,m
*,"=HYPERLINK(""https://cice-consortium-cice.readthedocs.io/en/main/search.html?q=icefields_nml"", ""&icefields_nml"")","=HYPERLINK(""https://cice-consortium-cice.readthedocs.io/en/main/search.html?q=f_fswfac"", ""f_fswfac"")",xxxxx,m
*,"=HYPERLINK(""https://cice-consortium-cice.readthedocs.io/en/main/search.html?q=icefields_nml"", ""&icefields_nml"")","=HYPERLINK(""https://cice-consortium-cice.readthedocs.io/en/main/search.html?q=f_fswint_ai"", ""f_fswint_ai"")",xxxxx,
*,"=HYPERLINK(""https://cice-consortium-cice.readthedocs.io/en/main/search.html?q=icefields_nml"", ""&icefields_nml"")","=HYPERLINK(""https://cice-consortium-cice.readthedocs.io/en/main/search.html?q=f_fswthru"", ""f_fswthru"")",mdhxx,x
*,"=HYPERLINK(""https://cice-consortium-cice.readthedocs.io/en/main/search.html?q=icefields_nml"", ""&icefields_nml"")","=HYPERLINK(""https://cice-consortium-cice.readthedocs.io/en/main/search.html?q=f_fswthru_ai"", ""f_fswthru_ai"")",xxxxx,m
*,"=HYPERLINK(""https://cice-consortium-cice.readthedocs.io/en/main/search.html?q=icefields_nml"", ""&icefields_nml"")","=HYPERLINK(""https://cice-consortium-cice.readthedocs.io/en/main/search.html?q=f_fswup"", ""f_fswup"")",mxxxx,m
*,"=HYPERLINK(""https://cice-consortium-cice.readthedocs.io/en/main/search.html?q=icefields_nml"", ""&icefields_nml"")","=HYPERLINK(""https://cice-consortium-cice.readthedocs.io/en/main/search.html?q=f_fy"", ""f_fy"")",xxxxx,x
*,"=HYPERLINK(""https://cice-consortium-cice.readthedocs.io/en/main/search.html?q=icefields_nml"", ""&icefields_nml"")","=HYPERLINK(""https://cice-consortium-cice.readthedocs.io/en/main/search.html?q=f_hi"", ""f_hi"")",mdhxx,md
*,"=HYPERLINK(""https://cice-consortium-cice.readthedocs.io/en/main/search.html?q=icefields_nml"", ""&icefields_nml"")","=HYPERLINK(""https://cice-consortium-cice.readthedocs.io/en/main/search.html?q=f_hisnap"", ""f_hisnap"")",xxxxx,x
*,"=HYPERLINK(""https://cice-consortium-cice.readthedocs.io/en/main/search.html?q=icefields_nml"", ""&icefields_nml"")","=HYPERLINK(""https://cice-consortium-cice.readthedocs.io/en/main/search.html?q=f_hs"", ""f_hs"")",mdhxx,md
*,"=HYPERLINK(""https://cice-consortium-cice.readthedocs.io/en/main/search.html?q=icefields_nml"", ""&icefields_nml"")","=HYPERLINK(""https://cice-consortium-cice.readthedocs.io/en/main/search.html?q=f_iage"", ""f_iage"")",xxxxx,m
*,"=HYPERLINK(""https://cice-consortium-cice.readthedocs.io/en/main/search.html?q=icefields_nml"", ""&icefields_nml"")","=HYPERLINK(""https://cice-consortium-cice.readthedocs.io/en/main/search.html?q=f_icepresent"", ""f_icepresent"")",mxxxx,m
*,"=HYPERLINK(""https://cice-consortium-cice.readthedocs.io/en/main/search.html?q=icefields_nml"", ""&icefields_nml"")","=HYPERLINK(""https://cice-consortium-cice.readthedocs.io/en/main/search.html?q=f_keffn_top"", ""f_keffn_top"")",xxxxx,
*,"=HYPERLINK(""https://cice-consortium-cice.readthedocs.io/en/main/search.html?q=icefields_nml"", ""&icefields_nml"")","=HYPERLINK(""https://cice-consortium-cice.readthedocs.io/en/main/search.html?q=f_meltb"", ""f_meltb"")",mdxxx,m
*,"=HYPERLINK(""https://cice-consortium-cice.readthedocs.io/en/main/search.html?q=icefields_nml"", ""&icefields_nml"")","=HYPERLINK(""https://cice-consortium-cice.readthedocs.io/en/main/search.html?q=f_meltl"", ""f_meltl"")",mdxxx,m
*,"=HYPERLINK(""https://cice-consortium-cice.readthedocs.io/en/main/search.html?q=icefields_nml"", ""&icefields_nml"")","=HYPERLINK(""https://cice-consortium-cice.readthedocs.io/en/main/search.html?q=f_melts"", ""f_melts"")",mdxxx,m
*,"=HYPERLINK(""https://cice-consortium-cice.readthedocs.io/en/main/search.html?q=icefields_nml"", ""&icefields_nml"")","=HYPERLINK(""https://cice-consortium-cice.readthedocs.io/en/main/search.html?q=f_meltt"", ""f_meltt"")",mdxxx,m
*,"=HYPERLINK(""https://cice-consortium-cice.readthedocs.io/en/main/search.html?q=icefields_nml"", ""&icefields_nml"")","=HYPERLINK(""https://cice-consortium-cice.readthedocs.io/en/main/search.html?q=f_mlt_onset"", ""f_mlt_onset"")",xxxxx,x
*,"=HYPERLINK(""https://cice-consortium-cice.readthedocs.io/en/main/search.html?q=icefields_nml"", ""&icefields_nml"")","=HYPERLINK(""https://cice-consortium-cice.readthedocs.io/en/main/search.html?q=f_qref"", ""f_qref"")",xxxxx,x
*,"=HYPERLINK(""https://cice-consortium-cice.readthedocs.io/en/main/search.html?q=icefields_nml"", ""&icefields_nml"")","=HYPERLINK(""https://cice-consortium-cice.readthedocs.io/en/main/search.html?q=f_rain"", ""f_rain"")",mxxxx,x
*,"=HYPERLINK(""https://cice-consortium-cice.readthedocs.io/en/main/search.html?q=icefields_nml"", ""&icefields_nml"")","=HYPERLINK(""https://cice-consortium-cice.readthedocs.io/en/main/search.html?q=f_rain_ai"", ""f_rain_ai"")",xxxxx,m
*,"=HYPERLINK(""https://cice-consortium-cice.readthedocs.io/en/main/search.html?q=icefields_nml"", ""&icefields_nml"")","=HYPERLINK(""https://cice-consortium-cice.readthedocs.io/en/main/search.html?q=f_shear"", ""f_shear"")",mxxxx,m
*,"=HYPERLINK(""https://cice-consortium-cice.readthedocs.io/en/main/search.html?q=icefields_nml"", ""&icefields_nml"")","=HYPERLINK(""https://cice-consortium-cice.readthedocs.io/en/main/search.html?q=f_sice"", ""f_sice"")",xxxxx,m
*,"=HYPERLINK(""https://cice-consortium-cice.readthedocs.io/en/main/search.html?q=icefields_nml"", ""&icefields_nml"")","=HYPERLINK(""https://cice-consortium-cice.readthedocs.io/en/main/search.html?q=f_sig1"", ""f_sig1"")",mxxxx,x
*,"=HYPERLINK(""https://cice-consortium-cice.readthedocs.io/en/main/search.html?q=icefields_nml"", ""&icefields_nml"")","=HYPERLINK(""https://cice-consortium-cice.readthedocs.io/en/main/search.html?q=f_sig2"", ""f_sig2"")",mxxxx,x
*,"=HYPERLINK(""https://cice-consortium-cice.readthedocs.io/en/main/search.html?q=icefields_nml"", ""&icefields_nml"")","=HYPERLINK(""https://cice-consortium-cice.readthedocs.io/en/main/search.html?q=f_sinz"", ""f_sinz"")",xxxxx,x
*,"=HYPERLINK(""https://cice-consortium-cice.readthedocs.io/en/main/search.html?q=icefields_nml"", ""&icefields_nml"")","=HYPERLINK(""https://cice-consortium-cice.readthedocs.io/en/main/search.html?q=f_snoice"", ""f_snoice"")",mxxxx,md
*,"=HYPERLINK(""https://cice-consortium-cice.readthedocs.io/en/main/search.html?q=icefields_nml"", ""&icefields_nml"")","=HYPERLINK(""https://cice-consortium-cice.readthedocs.io/en/main/search.html?q=f_snow"", ""f_snow"")",mxxxx,x
*,"=HYPERLINK(""https://cice-consortium-cice.readthedocs.io/en/main/search.html?q=icefields_nml"", ""&icefields_nml"")","=HYPERLINK(""https://cice-consortium-cice.readthedocs.io/en/main/search.html?q=f_snow_ai"", ""f_snow_ai"")",xxxxx,m
*,"=HYPERLINK(""https://cice-consortium-cice.readthedocs.io/en/main/search.html?q=icefields_nml"", ""&icefields_nml"")","=HYPERLINK(""https://cice-consortium-cice.readthedocs.io/en/main/search.html?q=f_snowfrac"", ""f_snowfrac"")",mxxxx,
*,"=HYPERLINK(""https://cice-consortium-cice.readthedocs.io/en/main/search.html?q=icefields_nml"", ""&icefields_nml"")","=HYPERLINK(""https://cice-consortium-cice.readthedocs.io/en/main/search.html?q=f_snowfracn"", ""f_snowfracn"")",xxxxx,
*,"=HYPERLINK(""https://cice-consortium-cice.readthedocs.io/en/main/search.html?q=icefields_nml"", ""&icefields_nml"")","=HYPERLINK(""https://cice-consortium-cice.readthedocs.io/en/main/search.html?q=f_sss"", ""f_sss"")",xxxxx,x
*,"=HYPERLINK(""https://cice-consortium-cice.readthedocs.io/en/main/search.html?q=icefields_nml"", ""&icefields_nml"")","=HYPERLINK(""https://cice-consortium-cice.readthedocs.io/en/main/search.html?q=f_sst"", ""f_sst"")",xxxxx,x
*,"=HYPERLINK(""https://cice-consortium-cice.readthedocs.io/en/main/search.html?q=icefields_nml"", ""&icefields_nml"")","=HYPERLINK(""https://cice-consortium-cice.readthedocs.io/en/main/search.html?q=f_strairx"", ""f_strairx"")",mxxxx,m
*,"=HYPERLINK(""https://cice-consortium-cice.readthedocs.io/en/main/search.html?q=icefields_nml"", ""&icefields_nml"")","=HYPERLINK(""https://cice-consortium-cice.readthedocs.io/en/main/search.html?q=f_strairy"", ""f_strairy"")",mxxxx,m
*,"=HYPERLINK(""https://cice-consortium-cice.readthedocs.io/en/main/search.html?q=icefields_nml"", ""&icefields_nml"")","=HYPERLINK(""https://cice-consortium-cice.readthedocs.io/en/main/search.html?q=f_strcorx"", ""f_strcorx"")",mxxxx,m
*,"=HYPERLINK(""https://cice-consortium-cice.readthedocs.io/en/main/search.html?q=icefields_nml"", ""&icefields_nml"")","=HYPERLINK(""https://cice-consortium-cice.readthedocs.io/en/main/search.html?q=f_strcory"", ""f_strcory"")",mxxxx,m
*,"=HYPERLINK(""https://cice-consortium-cice.readthedocs.io/en/main/search.html?q=icefields_nml"", ""&icefields_nml"")","=HYPERLINK(""https://cice-consortium-cice.readthedocs.io/en/main/search.html?q=f_strength"", ""f_strength"")",mxxxx,m
*,"=HYPERLINK(""https://cice-consortium-cice.readthedocs.io/en/main/search.html?q=icefields_nml"", ""&icefields_nml"")","=HYPERLINK(""https://cice-consortium-cice.readthedocs.io/en/main/search.html?q=f_strintx"", ""f_strintx"")",mxxxx,m
*,"=HYPERLINK(""https://cice-consortium-cice.readthedocs.io/en/main/search.html?q=icefields_nml"", ""&icefields_nml"")","=HYPERLINK(""https://cice-consortium-cice.readthedocs.io/en/main/search.html?q=f_strinty"", ""f_strinty"")",mxxxx,m
*,"=HYPERLINK(""https://cice-consortium-cice.readthedocs.io/en/main/search.html?q=icefields_nml"", ""&icefields_nml"")","=HYPERLINK(""https://cice-consortium-cice.readthedocs.io/en/main/search.html?q=f_strocnx"", ""f_strocnx"")",mxxxx,m
*,"=HYPERLINK(""https://cice-consortium-cice.readthedocs.io/en/main/search.html?q=icefields_nml"", ""&icefields_nml"")","=HYPERLINK(""https://cice-consortium-cice.readthedocs.io/en/main/search.html?q=f_strocny"", ""f_strocny"")",mxxxx,m
*,"=HYPERLINK(""https://cice-consortium-cice.readthedocs.io/en/main/search.html?q=icefields_nml"", ""&icefields_nml"")","=HYPERLINK(""https://cice-consortium-cice.readthedocs.io/en/main/search.html?q=f_strtltx"", ""f_strtltx"")",mxxxx,m
*,"=HYPERLINK(""https://cice-consortium-cice.readthedocs.io/en/main/search.html?q=icefields_nml"", ""&icefields_nml"")","=HYPERLINK(""https://cice-consortium-cice.readthedocs.io/en/main/search.html?q=f_strtlty"", ""f_strtlty"")",mxxxx,m
*,"=HYPERLINK(""https://cice-consortium-cice.readthedocs.io/en/main/search.html?q=icefields_nml"", ""&icefields_nml"")","=HYPERLINK(""https://cice-consortium-cice.readthedocs.io/en/main/search.html?q=f_tair"", ""f_tair"")",xxxxx,m
*,"=HYPERLINK(""https://cice-consortium-cice.readthedocs.io/en/main/search.html?q=icefields_nml"", ""&icefields_nml"")","=HYPERLINK(""https://cice-consortium-cice.readthedocs.io/en/main/search.html?q=f_tinz"", ""f_tinz"")",xxxxx,x
*,"=HYPERLINK(""https://cice-consortium-cice.readthedocs.io/en/main/search.html?q=icefields_nml"", ""&icefields_nml"")","=HYPERLINK(""https://cice-consortium-cice.readthedocs.io/en/main/search.html?q=f_tref"", ""f_tref"")",xxxxx,x
*,"=HYPERLINK(""https://cice-consortium-cice.readthedocs.io/en/main/search.html?q=icefields_nml"", ""&icefields_nml"")","=HYPERLINK(""https://cice-consortium-cice.readthedocs.io/en/main/search.html?q=f_trsig"", ""f_trsig"")",xxxxx,m
*,"=HYPERLINK(""https://cice-consortium-cice.readthedocs.io/en/main/search.html?q=icefields_nml"", ""&icefields_nml"")","=HYPERLINK(""https://cice-consortium-cice.readthedocs.io/en/main/search.html?q=f_tsfc"", ""f_tsfc"")",mxxxx,m
*,"=HYPERLINK(""https://cice-consortium-cice.readthedocs.io/en/main/search.html?q=icefields_nml"", ""&icefields_nml"")","=HYPERLINK(""https://cice-consortium-cice.readthedocs.io/en/main/search.html?q=f_tsnz"", ""f_tsnz"")",xxxxx,x
*,"=HYPERLINK(""https://cice-consortium-cice.readthedocs.io/en/main/search.html?q=icefields_nml"", ""&icefields_nml"")","=HYPERLINK(""https://cice-consortium-cice.readthedocs.io/en/main/search.html?q=f_uatm"", ""f_uatm"")",mxxxx,x
*,"=HYPERLINK(""https://cice-consortium-cice.readthedocs.io/en/main/search.html?q=icefields_nml"", ""&icefields_nml"")","=HYPERLINK(""https://cice-consortium-cice.readthedocs.io/en/main/search.html?q=f_uocn"", ""f_uocn"")",xxxxx,x
*,"=HYPERLINK(""https://cice-consortium-cice.readthedocs.io/en/main/search.html?q=icefields_nml"", ""&icefields_nml"")","=HYPERLINK(""https://cice-consortium-cice.readthedocs.io/en/main/search.html?q=f_uvel"", ""f_uvel"")",mxxxx,md
*,"=HYPERLINK(""https://cice-consortium-cice.readthedocs.io/en/main/search.html?q=icefields_nml"", ""&icefields_nml"")","=HYPERLINK(""https://cice-consortium-cice.readthedocs.io/en/main/search.html?q=f_vatm"", ""f_vatm"")",mxxxx,x
*,"=HYPERLINK(""https://cice-consortium-cice.readthedocs.io/en/main/search.html?q=icefields_nml"", ""&icefields_nml"")","=HYPERLINK(""https://cice-consortium-cice.readthedocs.io/en/main/search.html?q=f_vgrdb"", ""f_vgrdb"")",True,False
*,"=HYPERLINK(""https://cice-consortium-cice.readthedocs.io/en/main/search.html?q=icefields_nml"", ""&icefields_nml"")","=HYPERLINK(""https://cice-consortium-cice.readthedocs.io/en/main/search.html?q=f_vgrdi"", ""f_vgrdi"")",True,False
*,"=HYPERLINK(""https://cice-consortium-cice.readthedocs.io/en/main/search.html?q=icefields_nml"", ""&icefields_nml"")","=HYPERLINK(""https://cice-consortium-cice.readthedocs.io/en/main/search.html?q=f_vgrds"", ""f_vgrds"")",True,False
*,"=HYPERLINK(""https://cice-consortium-cice.readthedocs.io/en/main/search.html?q=icefields_nml"", ""&icefields_nml"")","=HYPERLINK(""https://cice-consortium-cice.readthedocs.io/en/main/search.html?q=f_vicen"", ""f_vicen"")",mdhxx,m
*,"=HYPERLINK(""https://cice-consortium-cice.readthedocs.io/en/main/search.html?q=icefields_nml"", ""&icefields_nml"")","=HYPERLINK(""https://cice-consortium-cice.readthedocs.io/en/main/search.html?q=f_vocn"", ""f_vocn"")",xxxxx,x
*,"=HYPERLINK(""https://cice-consortium-cice.readthedocs.io/en/main/search.html?q=icefields_nml"", ""&icefields_nml"")","=HYPERLINK(""https://cice-consortium-cice.readthedocs.io/en/main/search.html?q=f_vsnon"", ""f_vsnon"")",mdhxx,
*,"=HYPERLINK(""https://cice-consortium-cice.readthedocs.io/en/main/search.html?q=icefields_nml"", ""&icefields_nml"")","=HYPERLINK(""https://cice-consortium-cice.readthedocs.io/en/main/search.html?q=f_vvel"", ""f_vvel"")",mxxxx,md
*,"=HYPERLINK(""https://cice-consortium-cice.readthedocs.io/en/main/search.html?q=icefields_pond_nml"", ""&icefields_pond_nml"")","=HYPERLINK(""https://cice-consortium-cice.readthedocs.io/en/main/search.html?q=f_apeff"", ""f_apeff"")",xxxxx,x
*,"=HYPERLINK(""https://cice-consortium-cice.readthedocs.io/en/main/search.html?q=icefields_pond_nml"", ""&icefields_pond_nml"")","=HYPERLINK(""https://cice-consortium-cice.readthedocs.io/en/main/search.html?q=f_apeff_ai"", ""f_apeff_ai"")",mxxxx,x
*,"=HYPERLINK(""https://cice-consortium-cice.readthedocs.io/en/main/search.html?q=icefields_pond_nml"", ""&icefields_pond_nml"")","=HYPERLINK(""https://cice-consortium-cice.readthedocs.io/en/main/search.html?q=f_apeffn"", ""f_apeffn"")",xxxxx,x
*,"=HYPERLINK(""https://cice-consortium-cice.readthedocs.io/en/main/search.html?q=icefields_pond_nml"", ""&icefields_pond_nml"")","=HYPERLINK(""https://cice-consortium-cice.readthedocs.io/en/main/search.html?q=f_apond"", ""f_apond"")",xxxxx,x
*,"=HYPERLINK(""https://cice-consortium-cice.readthedocs.io/en/main/search.html?q=icefields_pond_nml"", ""&icefields_pond_nml"")","=HYPERLINK(""https://cice-consortium-cice.readthedocs.io/en/main/search.html?q=f_apond_ai"", ""f_apond_ai"")",mdxxx,x
*,"=HYPERLINK(""https://cice-consortium-cice.readthedocs.io/en/main/search.html?q=icefields_pond_nml"", ""&icefields_pond_nml"")","=HYPERLINK(""https://cice-consortium-cice.readthedocs.io/en/main/search.html?q=f_apondn"", ""f_apondn"")",xxxxx,x
*,"=HYPERLINK(""https://cice-consortium-cice.readthedocs.io/en/main/search.html?q=icefields_pond_nml"", ""&icefields_pond_nml"")","=HYPERLINK(""https://cice-consortium-cice.readthedocs.io/en/main/search.html?q=f_hpond"", ""f_hpond"")",xxxxx,x
*,"=HYPERLINK(""https://cice-consortium-cice.readthedocs.io/en/main/search.html?q=icefields_pond_nml"", ""&icefields_pond_nml"")","=HYPERLINK(""https://cice-consortium-cice.readthedocs.io/en/main/search.html?q=f_hpond_ai"", ""f_hpond_ai"")",mxxxx,x
*,"=HYPERLINK(""https://cice-consortium-cice.readthedocs.io/en/main/search.html?q=icefields_pond_nml"", ""&icefields_pond_nml"")","=HYPERLINK(""https://cice-consortium-cice.readthedocs.io/en/main/search.html?q=f_hpondn"", ""f_hpondn"")",xxxxx,x
*,"=HYPERLINK(""https://cice-consortium-cice.readthedocs.io/en/main/search.html?q=icefields_pond_nml"", ""&icefields_pond_nml"")","=HYPERLINK(""https://cice-consortium-cice.readthedocs.io/en/main/search.html?q=f_ipond"", ""f_ipond"")",xxxxx,x
*,"=HYPERLINK(""https://cice-consortium-cice.readthedocs.io/en/main/search.html?q=icefields_pond_nml"", ""&icefields_pond_nml"")","=HYPERLINK(""https://cice-consortium-cice.readthedocs.io/en/main/search.html?q=f_ipond_ai"", ""f_ipond_ai"")",xxxxx,x
*,"=HYPERLINK(""https://cice-consortium-cice.readthedocs.io/en/main/search.html?q=icefields_snow_nml"", ""&icefields_snow_nml"")","=HYPERLINK(""https://cice-consortium-cice.readthedocs.io/en/main/search.html?q=f_fsloss"", ""f_fsloss"")",mxxxx,
*,"=HYPERLINK(""https://cice-consortium-cice.readthedocs.io/en/main/search.html?q=icefields_snow_nml"", ""&icefields_snow_nml"")","=HYPERLINK(""https://cice-consortium-cice.readthedocs.io/en/main/search.html?q=f_meltsliq"", ""f_meltsliq"")",mxxxx,
*,"=HYPERLINK(""https://cice-consortium-cice.readthedocs.io/en/main/search.html?q=icefields_snow_nml"", ""&icefields_snow_nml"")","=HYPERLINK(""https://cice-consortium-cice.readthedocs.io/en/main/search.html?q=f_rhos_cmp"", ""f_rhos_cmp"")",mxxxx,
*,"=HYPERLINK(""https://cice-consortium-cice.readthedocs.io/en/main/search.html?q=icefields_snow_nml"", ""&icefields_snow_nml"")","=HYPERLINK(""https://cice-consortium-cice.readthedocs.io/en/main/search.html?q=f_rhos_cmpn"", ""f_rhos_cmpn"")",xxxxx,
*,"=HYPERLINK(""https://cice-consortium-cice.readthedocs.io/en/main/search.html?q=icefields_snow_nml"", ""&icefields_snow_nml"")","=HYPERLINK(""https://cice-consortium-cice.readthedocs.io/en/main/search.html?q=f_rhos_cnt"", ""f_rhos_cnt"")",mxxxx,
*,"=HYPERLINK(""https://cice-consortium-cice.readthedocs.io/en/main/search.html?q=icefields_snow_nml"", ""&icefields_snow_nml"")","=HYPERLINK(""https://cice-consortium-cice.readthedocs.io/en/main/search.html?q=f_rhos_cntn"", ""f_rhos_cntn"")",xxxxx,
*,"=HYPERLINK(""https://cice-consortium-cice.readthedocs.io/en/main/search.html?q=icefields_snow_nml"", ""&icefields_snow_nml"")","=HYPERLINK(""https://cice-consortium-cice.readthedocs.io/en/main/search.html?q=f_rsnw"", ""f_rsnw"")",mxxxx,
*,"=HYPERLINK(""https://cice-consortium-cice.readthedocs.io/en/main/search.html?q=icefields_snow_nml"", ""&icefields_snow_nml"")","=HYPERLINK(""https://cice-consortium-cice.readthedocs.io/en/main/search.html?q=f_rsnwn"", ""f_rsnwn"")",xxxxx,
*,"=HYPERLINK(""https://cice-consortium-cice.readthedocs.io/en/main/search.html?q=icefields_snow_nml"", ""&icefields_snow_nml"")","=HYPERLINK(""https://cice-consortium-cice.readthedocs.io/en/main/search.html?q=f_smassice"", ""f_smassice"")",mxxxx,
*,"=HYPERLINK(""https://cice-consortium-cice.readthedocs.io/en/main/search.html?q=icefields_snow_nml"", ""&icefields_snow_nml"")","=HYPERLINK(""https://cice-consortium-cice.readthedocs.io/en/main/search.html?q=f_smassicen"", ""f_smassicen"")",xxxxx,
*,"=HYPERLINK(""https://cice-consortium-cice.readthedocs.io/en/main/search.html?q=icefields_snow_nml"", ""&icefields_snow_nml"")","=HYPERLINK(""https://cice-consortium-cice.readthedocs.io/en/main/search.html?q=f_smassliq"", ""f_smassliq"")",mxxxx,
*,"=HYPERLINK(""https://cice-consortium-cice.readthedocs.io/en/main/search.html?q=icefields_snow_nml"", ""&icefields_snow_nml"")","=HYPERLINK(""https://cice-consortium-cice.readthedocs.io/en/main/search.html?q=f_smassliqn"", ""f_smassliqn"")",xxxxx,
*,"=HYPERLINK(""https://cice-consortium-cice.readthedocs.io/en/main/search.html?q=ponds_nml"", ""&ponds_nml"")","=HYPERLINK(""https://cice-consortium-cice.readthedocs.io/en/main/search.html?q=frzpnd"", ""frzpnd"")",cesm,hlid
*,"=HYPERLINK(""https://cice-consortium-cice.readthedocs.io/en/main/search.html?q=ponds_nml"", ""&ponds_nml"")","=HYPERLINK(""https://cice-consortium-cice.readthedocs.io/en/main/search.html?q=rfracmax"", ""rfracmax"")",0.85,1.0
*,"=HYPERLINK(""https://cice-consortium-cice.readthedocs.io/en/main/search.html?q=setup_nml"", ""&setup_nml"")","=HYPERLINK(""https://cice-consortium-cice.readthedocs.io/en/main/search.html?q=bfbflag"", ""bfbflag"")",off,
*,"=HYPERLINK(""https://cice-consortium-cice.readthedocs.io/en/main/search.html?q=setup_nml"", ""&setup_nml"")","=HYPERLINK(""https://cice-consortium-cice.readthedocs.io/en/main/search.html?q=conserv_check"", ""conserv_check"")",False,
*,"=HYPERLINK(""https://cice-consortium-cice.readthedocs.io/en/main/search.html?q=setup_nml"", ""&setup_nml"")","=HYPERLINK(""https://cice-consortium-cice.readthedocs.io/en/main/search.html?q=dbug"", ""dbug"")",,False
*,"=HYPERLINK(""https://cice-consortium-cice.readthedocs.io/en/main/search.html?q=setup_nml"", ""&setup_nml"")","=HYPERLINK(""https://cice-consortium-cice.readthedocs.io/en/main/search.html?q=diag_file"", ""diag_file"")",,ice_diag.d
*,"=HYPERLINK(""https://cice-consortium-cice.readthedocs.io/en/main/search.html?q=setup_nml"", ""&setup_nml"")","=HYPERLINK(""https://cice-consortium-cice.readthedocs.io/en/main/search.html?q=diag_type"", ""diag_type"")",,file
*,"=HYPERLINK(""https://cice-consortium-cice.readthedocs.io/en/main/search.html?q=setup_nml"", ""&setup_nml"")","=HYPERLINK(""https://cice-consortium-cice.readthedocs.io/en/main/search.html?q=diagfreq"", ""diagfreq"")",24,960
*,"=HYPERLINK(""https://cice-consortium-cice.readthedocs.io/en/main/search.html?q=setup_nml"", ""&setup_nml"")","=HYPERLINK(""https://cice-consortium-cice.readthedocs.io/en/main/search.html?q=dt"", ""dt"")",,3600
*,"=HYPERLINK(""https://cice-consortium-cice.readthedocs.io/en/main/search.html?q=setup_nml"", ""&setup_nml"")","=HYPERLINK(""https://cice-consortium-cice.readthedocs.io/en/main/search.html?q=dump_last"", ""dump_last"")",,True
*,"=HYPERLINK(""https://cice-consortium-cice.readthedocs.io/en/main/search.html?q=setup_nml"", ""&setup_nml"")","=HYPERLINK(""https://cice-consortium-cice.readthedocs.io/en/main/search.html?q=dumpfreq"", ""dumpfreq"")",x,y
*,"=HYPERLINK(""https://cice-consortium-cice.readthedocs.io/en/main/search.html?q=setup_nml"", ""&setup_nml"")","=HYPERLINK(""https://cice-consortium-cice.readthedocs.io/en/main/search.html?q=hist_avg"", ""hist_avg"")","[True, True, True, True, True]",True
*,"=HYPERLINK(""https://cice-consortium-cice.readthedocs.io/en/main/search.html?q=setup_nml"", ""&setup_nml"")","=HYPERLINK(""https://cice-consortium-cice.readthedocs.io/en/main/search.html?q=histfreq"", ""histfreq"")","['m', 'x', 'x', 'x', 'x']","['d', 'm', 'x', 'x', 'x']"
*,"=HYPERLINK(""https://cice-consortium-cice.readthedocs.io/en/main/search.html?q=setup_nml"", ""&setup_nml"")","=HYPERLINK(""https://cice-consortium-cice.readthedocs.io/en/main/search.html?q=histfreq_n"", ""histfreq_n"")","[1, 0, 0, 0, 0]","[1, 1, 1, 1, 1]"
*,"=HYPERLINK(""https://cice-consortium-cice.readthedocs.io/en/main/search.html?q=setup_nml"", ""&setup_nml"")","=HYPERLINK(""https://cice-consortium-cice.readthedocs.io/en/main/search.html?q=history_chunksize_x"", ""history_chunksize_x"")",,180
*,"=HYPERLINK(""https://cice-consortium-cice.readthedocs.io/en/main/search.html?q=setup_nml"", ""&setup_nml"")","=HYPERLINK(""https://cice-consortium-cice.readthedocs.io/en/main/search.html?q=history_chunksize_y"", ""history_chunksize_y"")",,150
*,"=HYPERLINK(""https://cice-consortium-cice.readthedocs.io/en/main/search.html?q=setup_nml"", ""&setup_nml"")","=HYPERLINK(""https://cice-consortium-cice.readthedocs.io/en/main/search.html?q=history_deflate_level"", ""history_deflate_level"")",,1
*,"=HYPERLINK(""https://cice-consortium-cice.readthedocs.io/en/main/search.html?q=setup_nml"", ""&setup_nml"")","=HYPERLINK(""https://cice-consortium-cice.readthedocs.io/en/main/search.html?q=history_dir"", ""history_dir"")",,./OUTPUT/
*,"=HYPERLINK(""https://cice-consortium-cice.readthedocs.io/en/main/search.html?q=setup_nml"", ""&setup_nml"")","=HYPERLINK(""https://cice-consortium-cice.readthedocs.io/en/main/search.html?q=history_file"", ""history_file"")",unknown,iceh
*,"=HYPERLINK(""https://cice-consortium-cice.readthedocs.io/en/main/search.html?q=setup_nml"", ""&setup_nml"")","=HYPERLINK(""https://cice-consortium-cice.readthedocs.io/en/main/search.html?q=history_format"", ""history_format"")",default,
*,"=HYPERLINK(""https://cice-consortium-cice.readthedocs.io/en/main/search.html?q=setup_nml"", ""&setup_nml"")","=HYPERLINK(""https://cice-consortium-cice.readthedocs.io/en/main/search.html?q=history_precision"", ""history_precision"")",4,
*,"=HYPERLINK(""https://cice-consortium-cice.readthedocs.io/en/main/search.html?q=setup_nml"", ""&setup_nml"")","=HYPERLINK(""https://cice-consortium-cice.readthedocs.io/en/main/search.html?q=ice_ic"", ""ice_ic"")",./input/iced.1900-01-01-10800.nc,default
*,"=HYPERLINK(""https://cice-consortium-cice.readthedocs.io/en/main/search.html?q=setup_nml"", ""&setup_nml"")","=HYPERLINK(""https://cice-consortium-cice.readthedocs.io/en/main/search.html?q=incond_dir"", ""incond_dir"")",,./OUTPUT/
*,"=HYPERLINK(""https://cice-consortium-cice.readthedocs.io/en/main/search.html?q=setup_nml"", ""&setup_nml"")","=HYPERLINK(""https://cice-consortium-cice.readthedocs.io/en/main/search.html?q=incond_file"", ""incond_file"")",,iceh_ic
*,"=HYPERLINK(""https://cice-consortium-cice.readthedocs.io/en/main/search.html?q=setup_nml"", ""&setup_nml"")","=HYPERLINK(""https://cice-consortium-cice.readthedocs.io/en/main/search.html?q=istep0"", ""istep0"")",,0
*,"=HYPERLINK(""https://cice-consortium-cice.readthedocs.io/en/main/search.html?q=setup_nml"", ""&setup_nml"")","=HYPERLINK(""https://cice-consortium-cice.readthedocs.io/en/main/search.html?q=lcdf64"", ""lcdf64"")",True,
*,"=HYPERLINK(""https://cice-consortium-cice.readthedocs.io/en/main/search.html?q=setup_nml"", ""&setup_nml"")","=HYPERLINK(""https://cice-consortium-cice.readthedocs.io/en/main/search.html?q=npt"", ""npt"")",,35040
*,"=HYPERLINK(""https://cice-consortium-cice.readthedocs.io/en/main/search.html?q=setup_nml"", ""&setup_nml"")","=HYPERLINK(""https://cice-consortium-cice.readthedocs.io/en/main/search.html?q=numax"", ""numax"")",99,
*,"=HYPERLINK(""https://cice-consortium-cice.readthedocs.io/en/main/search.html?q=setup_nml"", ""&setup_nml"")","=HYPERLINK(""https://cice-consortium-cice.readthedocs.io/en/main/search.html?q=numin"", ""numin"")",11,
*,"=HYPERLINK(""https://cice-consortium-cice.readthedocs.io/en/main/search.html?q=setup_nml"", ""&setup_nml"")","=HYPERLINK(""https://cice-consortium-cice.readthedocs.io/en/main/search.html?q=pointer_file"", ""pointer_file"")",./rpointer.ice,./RESTART/ice.restart_file
*,"=HYPERLINK(""https://cice-consortium-cice.readthedocs.io/en/main/search.html?q=setup_nml"", ""&setup_nml"")","=HYPERLINK(""https://cice-consortium-cice.readthedocs.io/en/main/search.html?q=print_global"", ""print_global"")",True,False
*,"=HYPERLINK(""https://cice-consortium-cice.readthedocs.io/en/main/search.html?q=setup_nml"", ""&setup_nml"")","=HYPERLINK(""https://cice-consortium-cice.readthedocs.io/en/main/search.html?q=restart"", ""restart"")",,False
*,"=HYPERLINK(""https://cice-consortium-cice.readthedocs.io/en/main/search.html?q=setup_nml"", ""&setup_nml"")","=HYPERLINK(""https://cice-consortium-cice.readthedocs.io/en/main/search.html?q=restart_dir"", ""restart_dir"")",,./RESTART/
*,"=HYPERLINK(""https://cice-consortium-cice.readthedocs.io/en/main/search.html?q=setup_nml"", ""&setup_nml"")","=HYPERLINK(""https://cice-consortium-cice.readthedocs.io/en/main/search.html?q=restart_file"", ""restart_file"")",,iced
*,"=HYPERLINK(""https://cice-consortium-cice.readthedocs.io/en/main/search.html?q=setup_nml"", ""&setup_nml"")","=HYPERLINK(""https://cice-consortium-cice.readthedocs.io/en/main/search.html?q=restart_format"", ""restart_format"")",default,
*,"=HYPERLINK(""https://cice-consortium-cice.readthedocs.io/en/main/search.html?q=setup_nml"", ""&setup_nml"")","=HYPERLINK(""https://cice-consortium-cice.readthedocs.io/en/main/search.html?q=runtype"", ""runtype"")",,initial
*,"=HYPERLINK(""https://cice-consortium-cice.readthedocs.io/en/main/search.html?q=setup_nml"", ""&setup_nml"")","=HYPERLINK(""https://cice-consortium-cice.readthedocs.io/en/main/search.html?q=use_restart_time"", ""use_restart_time"")",,True
*,"=HYPERLINK(""https://cice-consortium-cice.readthedocs.io/en/main/search.html?q=setup_nml"", ""&setup_nml"")","=HYPERLINK(""https://cice-consortium-cice.readthedocs.io/en/main/search.html?q=version_name"", ""version_name"")",undefined_version_name,
*,"=HYPERLINK(""https://cice-consortium-cice.readthedocs.io/en/main/search.html?q=shortwave_nml"", ""&shortwave_nml"")","=HYPERLINK(""https://cice-consortium-cice.readthedocs.io/en/main/search.html?q=ahmax"", ""ahmax"")",0.3,0.1
*,"=HYPERLINK(""https://cice-consortium-cice.readthedocs.io/en/main/search.html?q=shortwave_nml"", ""&shortwave_nml"")","=HYPERLINK(""https://cice-consortium-cice.readthedocs.io/en/main/search.html?q=albicei"", ""albicei"")",0.45,0.44
*,"=HYPERLINK(""https://cice-consortium-cice.readthedocs.io/en/main/search.html?q=shortwave_nml"", ""&shortwave_nml"")","=HYPERLINK(""https://cice-consortium-cice.readthedocs.io/en/main/search.html?q=albicev"", ""albicev"")",0.75,0.86
*,"=HYPERLINK(""https://cice-consortium-cice.readthedocs.io/en/main/search.html?q=shortwave_nml"", ""&shortwave_nml"")","=HYPERLINK(""https://cice-consortium-cice.readthedocs.io/en/main/search.html?q=albsnowi"", ""albsnowi"")",0.73,0.7
*,"=HYPERLINK(""https://cice-consortium-cice.readthedocs.io/en/main/search.html?q=shortwave_nml"", ""&shortwave_nml"")","=HYPERLINK(""https://cice-consortium-cice.readthedocs.io/en/main/search.html?q=dalb_mlt"", ""dalb_mlt"")",,-0.02
*,"=HYPERLINK(""https://cice-consortium-cice.readthedocs.io/en/main/search.html?q=shortwave_nml"", ""&shortwave_nml"")","=HYPERLINK(""https://cice-consortium-cice.readthedocs.io/en/main/search.html?q=dt_mlt"", ""dt_mlt"")",1.5,1.0
*,"=HYPERLINK(""https://cice-consortium-cice.readthedocs.io/en/main/search.html?q=shortwave_nml"", ""&shortwave_nml"")","=HYPERLINK(""https://cice-consortium-cice.readthedocs.io/en/main/search.html?q=kalg"", ""kalg"")",0.0,
*,"=HYPERLINK(""https://cice-consortium-cice.readthedocs.io/en/main/search.html?q=shortwave_nml"", ""&shortwave_nml"")","=HYPERLINK(""https://cice-consortium-cice.readthedocs.io/en/main/search.html?q=r_snw"", ""r_snw"")",1.25,0.0
*,"=HYPERLINK(""https://cice-consortium-cice.readthedocs.io/en/main/search.html?q=shortwave_nml"", ""&shortwave_nml"")","=HYPERLINK(""https://cice-consortium-cice.readthedocs.io/en/main/search.html?q=shortwave"", ""shortwave"")",dEdd,default
*,"=HYPERLINK(""https://cice-consortium-cice.readthedocs.io/en/main/search.html?q=shortwave_nml"", ""&shortwave_nml"")","=HYPERLINK(""https://cice-consortium-cice.readthedocs.io/en/main/search.html?q=snowpatch"", ""snowpatch"")",,0.02
*,"=HYPERLINK(""https://cice-consortium-cice.readthedocs.io/en/main/search.html?q=shortwave_nml"", ""&shortwave_nml"")","=HYPERLINK(""https://cice-consortium-cice.readthedocs.io/en/main/search.html?q=sw_dtemp"", ""sw_dtemp"")",0.01,
*,"=HYPERLINK(""https://cice-consortium-cice.readthedocs.io/en/main/search.html?q=shortwave_nml"", ""&shortwave_nml"")","=HYPERLINK(""https://cice-consortium-cice.readthedocs.io/en/main/search.html?q=sw_frac"", ""sw_frac"")",1.0,
*,"=HYPERLINK(""https://cice-consortium-cice.readthedocs.io/en/main/search.html?q=shortwave_nml"", ""&shortwave_nml"")","=HYPERLINK(""https://cice-consortium-cice.readthedocs.io/en/main/search.html?q=sw_redist"", ""sw_redist"")",True,
*,"=HYPERLINK(""https://cice-consortium-cice.readthedocs.io/en/main/search.html?q=shortwave_nml"", ""&shortwave_nml"")","=HYPERLINK(""https://cice-consortium-cice.readthedocs.io/en/main/search.html?q=tocnfrz"", ""tocnfrz"")",,-1.8
*,"=HYPERLINK(""https://cice-consortium-cice.readthedocs.io/en/main/search.html?q=snow_nml"", ""&snow_nml"")","=HYPERLINK(""https://cice-consortium-cice.readthedocs.io/en/main/search.html?q=drhosdwind"", ""drhosdwind"")",27.3,
*,"=HYPERLINK(""https://cice-consortium-cice.readthedocs.io/en/main/search.html?q=snow_nml"", ""&snow_nml"")","=HYPERLINK(""https://cice-consortium-cice.readthedocs.io/en/main/search.html?q=rhosmax"", ""rhosmax"")",450.0,
*,"=HYPERLINK(""https://cice-consortium-cice.readthedocs.io/en/main/search.html?q=snow_nml"", ""&snow_nml"")","=HYPERLINK(""https://cice-consortium-cice.readthedocs.io/en/main/search.html?q=rhosmin"", ""rhosmin"")",100.0,
*,"=HYPERLINK(""https://cice-consortium-cice.readthedocs.io/en/main/search.html?q=snow_nml"", ""&snow_nml"")","=HYPERLINK(""https://cice-consortium-cice.readthedocs.io/en/main/search.html?q=rhosnew"", ""rhosnew"")",100.0,
*,"=HYPERLINK(""https://cice-consortium-cice.readthedocs.io/en/main/search.html?q=snow_nml"", ""&snow_nml"")","=HYPERLINK(""https://cice-consortium-cice.readthedocs.io/en/main/search.html?q=rsnw_fall"", ""rsnw_fall"")",100.0,
*,"=HYPERLINK(""https://cice-consortium-cice.readthedocs.io/en/main/search.html?q=snow_nml"", ""&snow_nml"")","=HYPERLINK(""https://cice-consortium-cice.readthedocs.io/en/main/search.html?q=rsnw_tmax"", ""rsnw_tmax"")",1500.0,
*,"=HYPERLINK(""https://cice-consortium-cice.readthedocs.io/en/main/search.html?q=snow_nml"", ""&snow_nml"")","=HYPERLINK(""https://cice-consortium-cice.readthedocs.io/en/main/search.html?q=snw_aging_table"", ""snw_aging_table"")",test,
*,"=HYPERLINK(""https://cice-consortium-cice.readthedocs.io/en/main/search.html?q=snow_nml"", ""&snow_nml"")","=HYPERLINK(""https://cice-consortium-cice.readthedocs.io/en/main/search.html?q=snw_drdt0_fname"", ""snw_drdt0_fname"")",unknown,
*,"=HYPERLINK(""https://cice-consortium-cice.readthedocs.io/en/main/search.html?q=snow_nml"", ""&snow_nml"")","=HYPERLINK(""https://cice-consortium-cice.readthedocs.io/en/main/search.html?q=snw_filename"", ""snw_filename"")",unknown,
*,"=HYPERLINK(""https://cice-consortium-cice.readthedocs.io/en/main/search.html?q=snow_nml"", ""&snow_nml"")","=HYPERLINK(""https://cice-consortium-cice.readthedocs.io/en/main/search.html?q=snw_kappa_fname"", ""snw_kappa_fname"")",unknown,
*,"=HYPERLINK(""https://cice-consortium-cice.readthedocs.io/en/main/search.html?q=snow_nml"", ""&snow_nml"")","=HYPERLINK(""https://cice-consortium-cice.readthedocs.io/en/main/search.html?q=snw_rhos_fname"", ""snw_rhos_fname"")",unknown,
*,"=HYPERLINK(""https://cice-consortium-cice.readthedocs.io/en/main/search.html?q=snow_nml"", ""&snow_nml"")","=HYPERLINK(""https://cice-consortium-cice.readthedocs.io/en/main/search.html?q=snw_t_fname"", ""snw_t_fname"")",unknown,
*,"=HYPERLINK(""https://cice-consortium-cice.readthedocs.io/en/main/search.html?q=snow_nml"", ""&snow_nml"")","=HYPERLINK(""https://cice-consortium-cice.readthedocs.io/en/main/search.html?q=snw_tau_fname"", ""snw_tau_fname"")",unknown,
*,"=HYPERLINK(""https://cice-consortium-cice.readthedocs.io/en/main/search.html?q=snow_nml"", ""&snow_nml"")","=HYPERLINK(""https://cice-consortium-cice.readthedocs.io/en/main/search.html?q=snw_tgrd_fname"", ""snw_tgrd_fname"")",unknown,
*,"=HYPERLINK(""https://cice-consortium-cice.readthedocs.io/en/main/search.html?q=snow_nml"", ""&snow_nml"")","=HYPERLINK(""https://cice-consortium-cice.readthedocs.io/en/main/search.html?q=snwgrain"", ""snwgrain"")",False,
*,"=HYPERLINK(""https://cice-consortium-cice.readthedocs.io/en/main/search.html?q=snow_nml"", ""&snow_nml"")","=HYPERLINK(""https://cice-consortium-cice.readthedocs.io/en/main/search.html?q=snwlvlfac"", ""snwlvlfac"")",0.3,
*,"=HYPERLINK(""https://cice-consortium-cice.readthedocs.io/en/main/search.html?q=snow_nml"", ""&snow_nml"")","=HYPERLINK(""https://cice-consortium-cice.readthedocs.io/en/main/search.html?q=snwredist"", ""snwredist"")",none,
*,"=HYPERLINK(""https://cice-consortium-cice.readthedocs.io/en/main/search.html?q=snow_nml"", ""&snow_nml"")","=HYPERLINK(""https://cice-consortium-cice.readthedocs.io/en/main/search.html?q=use_smliq_pnd"", ""use_smliq_pnd"")",False,
*,"=HYPERLINK(""https://cice-consortium-cice.readthedocs.io/en/main/search.html?q=snow_nml"", ""&snow_nml"")","=HYPERLINK(""https://cice-consortium-cice.readthedocs.io/en/main/search.html?q=windmin"", ""windmin"")",10.0,
*,"=HYPERLINK(""https://cice-consortium-cice.readthedocs.io/en/main/search.html?q=thermo_nml"", ""&thermo_nml"")","=HYPERLINK(""https://cice-consortium-cice.readthedocs.io/en/main/search.html?q=chio"", ""chio"")",,0.006
*,"=HYPERLINK(""https://cice-consortium-cice.readthedocs.io/en/main/search.html?q=thermo_nml"", ""&thermo_nml"")","=HYPERLINK(""https://cice-consortium-cice.readthedocs.io/en/main/search.html?q=conduct"", ""conduct"")",MU71,bubbly
*,"=HYPERLINK(""https://cice-consortium-cice.readthedocs.io/en/main/search.html?q=thermo_nml"", ""&thermo_nml"")","=HYPERLINK(""https://cice-consortium-cice.readthedocs.io/en/main/search.html?q=dsdt_slow_mode"", ""dsdt_slow_mode"")",-1.5e-07,-5e-08
*,"=HYPERLINK(""https://cice-consortium-cice.readthedocs.io/en/main/search.html?q=thermo_nml"", ""&thermo_nml"")","=HYPERLINK(""https://cice-consortium-cice.readthedocs.io/en/main/search.html?q=ktherm"", ""ktherm"")",2,1
*,"=HYPERLINK(""https://cice-consortium-cice.readthedocs.io/en/main/search.html?q=tracer_nml"", ""&tracer_nml"")","=HYPERLINK(""https://cice-consortium-cice.readthedocs.io/en/main/search.html?q=n_aero"", ""n_aero"")",3,
*,"=HYPERLINK(""https://cice-consortium-cice.readthedocs.io/en/main/search.html?q=tracer_nml"", ""&tracer_nml"")","=HYPERLINK(""https://cice-consortium-cice.readthedocs.io/en/main/search.html?q=n_algae"", ""n_algae"")",0,
*,"=HYPERLINK(""https://cice-consortium-cice.readthedocs.io/en/main/search.html?q=tracer_nml"", ""&tracer_nml"")","=HYPERLINK(""https://cice-consortium-cice.readthedocs.io/en/main/search.html?q=n_dic"", ""n_dic"")",0,
*,"=HYPERLINK(""https://cice-consortium-cice.readthedocs.io/en/main/search.html?q=tracer_nml"", ""&tracer_nml"")","=HYPERLINK(""https://cice-consortium-cice.readthedocs.io/en/main/search.html?q=n_doc"", ""n_doc"")",0,
*,"=HYPERLINK(""https://cice-consortium-cice.readthedocs.io/en/main/search.html?q=tracer_nml"", ""&tracer_nml"")","=HYPERLINK(""https://cice-consortium-cice.readthedocs.io/en/main/search.html?q=n_don"", ""n_don"")",0,
*,"=HYPERLINK(""https://cice-consortium-cice.readthedocs.io/en/main/search.html?q=tracer_nml"", ""&tracer_nml"")","=HYPERLINK(""https://cice-consortium-cice.readthedocs.io/en/main/search.html?q=n_fed"", ""n_fed"")",0,
*,"=HYPERLINK(""https://cice-consortium-cice.readthedocs.io/en/main/search.html?q=tracer_nml"", ""&tracer_nml"")","=HYPERLINK(""https://cice-consortium-cice.readthedocs.io/en/main/search.html?q=n_fep"", ""n_fep"")",0,
*,"=HYPERLINK(""https://cice-consortium-cice.readthedocs.io/en/main/search.html?q=tracer_nml"", ""&tracer_nml"")","=HYPERLINK(""https://cice-consortium-cice.readthedocs.io/en/main/search.html?q=n_iso"", ""n_iso"")",3,
*,"=HYPERLINK(""https://cice-consortium-cice.readthedocs.io/en/main/search.html?q=tracer_nml"", ""&tracer_nml"")","=HYPERLINK(""https://cice-consortium-cice.readthedocs.io/en/main/search.html?q=n_zaero"", ""n_zaero"")",0,
*,"=HYPERLINK(""https://cice-consortium-cice.readthedocs.io/en/main/search.html?q=tracer_nml"", ""&tracer_nml"")","=HYPERLINK(""https://cice-consortium-cice.readthedocs.io/en/main/search.html?q=restart_fsd"", ""restart_fsd"")",False,
*,"=HYPERLINK(""https://cice-consortium-cice.readthedocs.io/en/main/search.html?q=tracer_nml"", ""&tracer_nml"")","=HYPERLINK(""https://cice-consortium-cice.readthedocs.io/en/main/search.html?q=restart_iso"", ""restart_iso"")",False,
*,"=HYPERLINK(""https://cice-consortium-cice.readthedocs.io/en/main/search.html?q=tracer_nml"", ""&tracer_nml"")","=HYPERLINK(""https://cice-consortium-cice.readthedocs.io/en/main/search.html?q=restart_pond_cesm"", ""restart_pond_cesm"")",,False
*,"=HYPERLINK(""https://cice-consortium-cice.readthedocs.io/en/main/search.html?q=tracer_nml"", ""&tracer_nml"")","=HYPERLINK(""https://cice-consortium-cice.readthedocs.io/en/main/search.html?q=restart_snow"", ""restart_snow"")",False,
*,"=HYPERLINK(""https://cice-consortium-cice.readthedocs.io/en/main/search.html?q=tracer_nml"", ""&tracer_nml"")","=HYPERLINK(""https://cice-consortium-cice.readthedocs.io/en/main/search.html?q=tr_fsd"", ""tr_fsd"")",False,
*,"=HYPERLINK(""https://cice-consortium-cice.readthedocs.io/en/main/search.html?q=tracer_nml"", ""&tracer_nml"")","=HYPERLINK(""https://cice-consortium-cice.readthedocs.io/en/main/search.html?q=tr_fy"", ""tr_fy"")",True,False
*,"=HYPERLINK(""https://cice-consortium-cice.readthedocs.io/en/main/search.html?q=tracer_nml"", ""&tracer_nml"")","=HYPERLINK(""https://cice-consortium-cice.readthedocs.io/en/main/search.html?q=tr_iage"", ""tr_iage"")",True,False
*,"=HYPERLINK(""https://cice-consortium-cice.readthedocs.io/en/main/search.html?q=tracer_nml"", ""&tracer_nml"")","=HYPERLINK(""https://cice-consortium-cice.readthedocs.io/en/main/search.html?q=tr_iso"", ""tr_iso"")",False,
*,"=HYPERLINK(""https://cice-consortium-cice.readthedocs.io/en/main/search.html?q=tracer_nml"", ""&tracer_nml"")","=HYPERLINK(""https://cice-consortium-cice.readthedocs.io/en/main/search.html?q=tr_lvl"", ""tr_lvl"")",True,False
*,"=HYPERLINK(""https://cice-consortium-cice.readthedocs.io/en/main/search.html?q=tracer_nml"", ""&tracer_nml"")","=HYPERLINK(""https://cice-consortium-cice.readthedocs.io/en/main/search.html?q=tr_pond_cesm"", ""tr_pond_cesm"")",,False
*,"=HYPERLINK(""https://cice-consortium-cice.readthedocs.io/en/main/search.html?q=tracer_nml"", ""&tracer_nml"")","=HYPERLINK(""https://cice-consortium-cice.readthedocs.io/en/main/search.html?q=tr_pond_lvl"", ""tr_pond_lvl"")",True,False
*,"=HYPERLINK(""https://cice-consortium-cice.readthedocs.io/en/main/search.html?q=tracer_nml"", ""&tracer_nml"")","=HYPERLINK(""https://cice-consortium-cice.readthedocs.io/en/main/search.html?q=tr_snow"", ""tr_snow"")",False,
*,"=HYPERLINK(""https://cice-consortium-cice.readthedocs.io/en/main/search.html?q=zbgc_nml"", ""&zbgc_nml"")","=HYPERLINK(""https://cice-consortium-cice.readthedocs.io/en/main/search.html?q=bgc_data_dir"", ""bgc_data_dir"")",,unknown_bgc_data_dir
*,"=HYPERLINK(""https://cice-consortium-cice.readthedocs.io/en/main/search.html?q=zbgc_nml"", ""&zbgc_nml"")","=HYPERLINK(""https://cice-consortium-cice.readthedocs.io/en/main/search.html?q=dedd_algae"", ""dedd_algae"")",False,
*,"=HYPERLINK(""https://cice-consortium-cice.readthedocs.io/en/main/search.html?q=zbgc_nml"", ""&zbgc_nml"")","=HYPERLINK(""https://cice-consortium-cice.readthedocs.io/en/main/search.html?q=modal_aero"", ""modal_aero"")",False,
*,"=HYPERLINK(""https://cice-consortium-cice.readthedocs.io/en/main/search.html?q=zbgc_nml"", ""&zbgc_nml"")","=HYPERLINK(""https://cice-consortium-cice.readthedocs.io/en/main/search.html?q=nit_data_type"", ""nit_data_type"")",,default
*,"=HYPERLINK(""https://cice-consortium-cice.readthedocs.io/en/main/search.html?q=zbgc_nml"", ""&zbgc_nml"")","=HYPERLINK(""https://cice-consortium-cice.readthedocs.io/en/main/search.html?q=phi_snow"", ""phi_snow"")",,0.5
*,"=HYPERLINK(""https://cice-consortium-cice.readthedocs.io/en/main/search.html?q=zbgc_nml"", ""&zbgc_nml"")","=HYPERLINK(""https://cice-consortium-cice.readthedocs.io/en/main/search.html?q=restart_zsal"", ""restart_zsal"")",False,
*,"=HYPERLINK(""https://cice-consortium-cice.readthedocs.io/en/main/search.html?q=zbgc_nml"", ""&zbgc_nml"")","=HYPERLINK(""https://cice-consortium-cice.readthedocs.io/en/main/search.html?q=scale_bgc"", ""scale_bgc"")",False,
*,"=HYPERLINK(""https://cice-consortium-cice.readthedocs.io/en/main/search.html?q=zbgc_nml"", ""&zbgc_nml"")","=HYPERLINK(""https://cice-consortium-cice.readthedocs.io/en/main/search.html?q=sil_data_type"", ""sil_data_type"")",,default
*,"=HYPERLINK(""https://cice-consortium-cice.readthedocs.io/en/main/search.html?q=zbgc_nml"", ""&zbgc_nml"")","=HYPERLINK(""https://cice-consortium-cice.readthedocs.io/en/main/search.html?q=solve_zbgc"", ""solve_zbgc"")",False,
*,"=HYPERLINK(""https://cice-consortium-cice.readthedocs.io/en/main/search.html?q=zbgc_nml"", ""&zbgc_nml"")","=HYPERLINK(""https://cice-consortium-cice.readthedocs.io/en/main/search.html?q=solve_zsal"", ""solve_zsal"")",False,
*,"=HYPERLINK(""https://cice-consortium-cice.readthedocs.io/en/main/search.html?q=zbgc_nml"", ""&zbgc_nml"")","=HYPERLINK(""https://cice-consortium-cice.readthedocs.io/en/main/search.html?q=tr_bgc_am"", ""tr_bgc_am"")",False,
*,"=HYPERLINK(""https://cice-consortium-cice.readthedocs.io/en/main/search.html?q=zbgc_nml"", ""&zbgc_nml"")","=HYPERLINK(""https://cice-consortium-cice.readthedocs.io/en/main/search.html?q=tr_bgc_am_sk"", ""tr_bgc_am_sk"")",,False
*,"=HYPERLINK(""https://cice-consortium-cice.readthedocs.io/en/main/search.html?q=zbgc_nml"", ""&zbgc_nml"")","=HYPERLINK(""https://cice-consortium-cice.readthedocs.io/en/main/search.html?q=tr_bgc_c"", ""tr_bgc_c"")",False,
*,"=HYPERLINK(""https://cice-consortium-cice.readthedocs.io/en/main/search.html?q=zbgc_nml"", ""&zbgc_nml"")","=HYPERLINK(""https://cice-consortium-cice.readthedocs.io/en/main/search.html?q=tr_bgc_c_sk"", ""tr_bgc_c_sk"")",,False
*,"=HYPERLINK(""https://cice-consortium-cice.readthedocs.io/en/main/search.html?q=zbgc_nml"", ""&zbgc_nml"")","=HYPERLINK(""https://cice-consortium-cice.readthedocs.io/en/main/search.html?q=tr_bgc_chl"", ""tr_bgc_chl"")",False,
*,"=HYPERLINK(""https://cice-consortium-cice.readthedocs.io/en/main/search.html?q=zbgc_nml"", ""&zbgc_nml"")","=HYPERLINK(""https://cice-consortium-cice.readthedocs.io/en/main/search.html?q=tr_bgc_chl_sk"", ""tr_bgc_chl_sk"")",,False
*,"=HYPERLINK(""https://cice-consortium-cice.readthedocs.io/en/main/search.html?q=zbgc_nml"", ""&zbgc_nml"")","=HYPERLINK(""https://cice-consortium-cice.readthedocs.io/en/main/search.html?q=tr_bgc_dms"", ""tr_bgc_dms"")",False,
*,"=HYPERLINK(""https://cice-consortium-cice.readthedocs.io/en/main/search.html?q=zbgc_nml"", ""&zbgc_nml"")","=HYPERLINK(""https://cice-consortium-cice.readthedocs.io/en/main/search.html?q=tr_bgc_dms_sk"", ""tr_bgc_dms_sk"")",,False
*,"=HYPERLINK(""https://cice-consortium-cice.readthedocs.io/en/main/search.html?q=zbgc_nml"", ""&zbgc_nml"")","=HYPERLINK(""https://cice-consortium-cice.readthedocs.io/en/main/search.html?q=tr_bgc_dmspd_sk"", ""tr_bgc_dmspd_sk"")",,False
*,"=HYPERLINK(""https://cice-consortium-cice.readthedocs.io/en/main/search.html?q=zbgc_nml"", ""&zbgc_nml"")","=HYPERLINK(""https://cice-consortium-cice.readthedocs.io/en/main/search.html?q=tr_bgc_dmspp_sk"", ""tr_bgc_dmspp_sk"")",,False
*,"=HYPERLINK(""https://cice-consortium-cice.readthedocs.io/en/main/search.html?q=zbgc_nml"", ""&zbgc_nml"")","=HYPERLINK(""https://cice-consortium-cice.readthedocs.io/en/main/search.html?q=tr_bgc_don"", ""tr_bgc_don"")",False,
*,"=HYPERLINK(""https://cice-consortium-cice.readthedocs.io/en/main/search.html?q=zbgc_nml"", ""&zbgc_nml"")","=HYPERLINK(""https://cice-consortium-cice.readthedocs.io/en/main/search.html?q=tr_bgc_fe"", ""tr_bgc_fe"")",False,
*,"=HYPERLINK(""https://cice-consortium-cice.readthedocs.io/en/main/search.html?q=zbgc_nml"", ""&zbgc_nml"")","=HYPERLINK(""https://cice-consortium-cice.readthedocs.io/en/main/search.html?q=tr_bgc_hum"", ""tr_bgc_hum"")",False,
*,"=HYPERLINK(""https://cice-consortium-cice.readthedocs.io/en/main/search.html?q=zbgc_nml"", ""&zbgc_nml"")","=HYPERLINK(""https://cice-consortium-cice.readthedocs.io/en/main/search.html?q=tr_bgc_nit"", ""tr_bgc_nit"")",False,
*,"=HYPERLINK(""https://cice-consortium-cice.readthedocs.io/en/main/search.html?q=zbgc_nml"", ""&zbgc_nml"")","=HYPERLINK(""https://cice-consortium-cice.readthedocs.io/en/main/search.html?q=tr_bgc_pon"", ""tr_bgc_pon"")",False,
*,"=HYPERLINK(""https://cice-consortium-cice.readthedocs.io/en/main/search.html?q=zbgc_nml"", ""&zbgc_nml"")","=HYPERLINK(""https://cice-consortium-cice.readthedocs.io/en/main/search.html?q=tr_bgc_sil"", ""tr_bgc_sil"")",False,
*,"=HYPERLINK(""https://cice-consortium-cice.readthedocs.io/en/main/search.html?q=zbgc_nml"", ""&zbgc_nml"")","=HYPERLINK(""https://cice-consortium-cice.readthedocs.io/en/main/search.html?q=tr_bgc_sil_sk"", ""tr_bgc_sil_sk"")",,False
*,"=HYPERLINK(""https://cice-consortium-cice.readthedocs.io/en/main/search.html?q=zbgc_nml"", ""&zbgc_nml"")","=HYPERLINK(""https://cice-consortium-cice.readthedocs.io/en/main/search.html?q=tr_zaero"", ""tr_zaero"")",False,
*,"=HYPERLINK(""https://cice-consortium-cice.readthedocs.io/en/main/search.html?q=zbgc_nml"", ""&zbgc_nml"")","=HYPERLINK(""https://cice-consortium-cice.readthedocs.io/en/main/search.html?q=z_tracers"", ""z_tracers"")",False,
