diff,group,variable,MOM6-CICE6_1deg_jra55do_ryf/ice_in,MOM6-CICE6_025deg_jra55do_ryf_iss101/ice_in,ACCESS-OM2_025deg_jra55_ryf/ice/cice_in.nml
*,"=HYPERLINK(""https://cice-consortium-cice.readthedocs.io/en/main/search.html?q=domain_nml"", ""&domain_nml"")","=HYPERLINK(""https://cice-consortium-cice.readthedocs.io/en/main/search.html?q=block_size_x"", ""block_size_x"")",16,30,
*,"=HYPERLINK(""https://cice-consortium-cice.readthedocs.io/en/main/search.html?q=domain_nml"", ""&domain_nml"")","=HYPERLINK(""https://cice-consortium-cice.readthedocs.io/en/main/search.html?q=block_size_y"", ""block_size_y"")",15,27,
*,"=HYPERLINK(""https://cice-consortium-cice.readthedocs.io/en/main/search.html?q=domain_nml"", ""&domain_nml"")","=HYPERLINK(""https://cice-consortium-cice.readthedocs.io/en/main/search.html?q=distribution_type"", ""distribution_type"")",cartesian,roundrobin,roundrobin
,"=HYPERLINK(""https://cice-consortium-cice.readthedocs.io/en/main/search.html?q=domain_nml"", ""&domain_nml"")","=HYPERLINK(""https://cice-consortium-cice.readthedocs.io/en/main/search.html?q=distribution_wght"", ""distribution_wght"")",latitude,latitude,latitude
*,"=HYPERLINK(""https://cice-consortium-cice.readthedocs.io/en/main/search.html?q=domain_nml"", ""&domain_nml"")","=HYPERLINK(""https://cice-consortium-cice.readthedocs.io/en/main/search.html?q=ew_boundary_type"", ""ew_boundary_type"")",,,cyclic
,"=HYPERLINK(""https://cice-consortium-cice.readthedocs.io/en/main/search.html?q=domain_nml"", ""&domain_nml"")","=HYPERLINK(""https://cice-consortium-cice.readthedocs.io/en/main/search.html?q=maskhalo_bound"", ""maskhalo_bound"")",True,True,True
,"=HYPERLINK(""https://cice-consortium-cice.readthedocs.io/en/main/search.html?q=domain_nml"", ""&domain_nml"")","=HYPERLINK(""https://cice-consortium-cice.readthedocs.io/en/main/search.html?q=maskhalo_dyn"", ""maskhalo_dyn"")",True,True,True
,"=HYPERLINK(""https://cice-consortium-cice.readthedocs.io/en/main/search.html?q=domain_nml"", ""&domain_nml"")","=HYPERLINK(""https://cice-consortium-cice.readthedocs.io/en/main/search.html?q=maskhalo_remap"", ""maskhalo_remap"")",True,True,True
*,"=HYPERLINK(""https://cice-consortium-cice.readthedocs.io/en/main/search.html?q=domain_nml"", ""&domain_nml"")","=HYPERLINK(""https://cice-consortium-cice.readthedocs.io/en/main/search.html?q=max_blocks"", ""max_blocks"")",10,10,
*,"=HYPERLINK(""https://cice-consortium-cice.readthedocs.io/en/main/search.html?q=domain_nml"", ""&domain_nml"")","=HYPERLINK(""https://cice-consortium-cice.readthedocs.io/en/main/search.html?q=nprocs"", ""nprocs"")",,,361
,"=HYPERLINK(""https://cice-consortium-cice.readthedocs.io/en/main/search.html?q=domain_nml"", ""&domain_nml"")","=HYPERLINK(""https://cice-consortium-cice.readthedocs.io/en/main/search.html?q=ns_boundary_type"", ""ns_boundary_type"")",tripole,tripole,tripole
*,"=HYPERLINK(""https://cice-consortium-cice.readthedocs.io/en/main/search.html?q=domain_nml"", ""&domain_nml"")","=HYPERLINK(""https://cice-consortium-cice.readthedocs.io/en/main/search.html?q=nx_global"", ""nx_global"")",360,1440,
*,"=HYPERLINK(""https://cice-consortium-cice.readthedocs.io/en/main/search.html?q=domain_nml"", ""&domain_nml"")","=HYPERLINK(""https://cice-consortium-cice.readthedocs.io/en/main/search.html?q=ny_global"", ""ny_global"")",300,1080,
*,"=HYPERLINK(""https://cice-consortium-cice.readthedocs.io/en/main/search.html?q=domain_nml"", ""&domain_nml"")","=HYPERLINK(""https://cice-consortium-cice.readthedocs.io/en/main/search.html?q=processor_shape"", ""processor_shape"")",slenderX2,square-ice,square-ice
,"=HYPERLINK(""https://cice-consortium-cice.readthedocs.io/en/main/search.html?q=dynamics_nml"", ""&dynamics_nml"")","=HYPERLINK(""https://cice-consortium-cice.readthedocs.io/en/main/search.html?q=advection"", ""advection"")",remap,remap,remap
*,"=HYPERLINK(""https://cice-consortium-cice.readthedocs.io/en/main/search.html?q=dynamics_nml"", ""&dynamics_nml"")","=HYPERLINK(""https://cice-consortium-cice.readthedocs.io/en/main/search.html?q=cosw"", ""cosw"")",,,1.0
*,"=HYPERLINK(""https://cice-consortium-cice.readthedocs.io/en/main/search.html?q=dynamics_nml"", ""&dynamics_nml"")","=HYPERLINK(""https://cice-consortium-cice.readthedocs.io/en/main/search.html?q=dragio"", ""dragio"")",,,0.00536
*,"=HYPERLINK(""https://cice-consortium-cice.readthedocs.io/en/main/search.html?q=dynamics_nml"", ""&dynamics_nml"")","=HYPERLINK(""https://cice-consortium-cice.readthedocs.io/en/main/search.html?q=iceruf"", ""iceruf"")",,,0.0005
*,"=HYPERLINK(""https://cice-consortium-cice.readthedocs.io/en/main/search.html?q=dynamics_nml"", ""&dynamics_nml"")","=HYPERLINK(""https://cice-consortium-cice.readthedocs.io/en/main/search.html?q=kdyn"", ""kdyn"")",,,1
*,"=HYPERLINK(""https://cice-consortium-cice.readthedocs.io/en/main/search.html?q=dynamics_nml"", ""&dynamics_nml"")","=HYPERLINK(""https://cice-consortium-cice.readthedocs.io/en/main/search.html?q=krdg_partic"", ""krdg_partic"")",,,1
*,"=HYPERLINK(""https://cice-consortium-cice.readthedocs.io/en/main/search.html?q=dynamics_nml"", ""&dynamics_nml"")","=HYPERLINK(""https://cice-consortium-cice.readthedocs.io/en/main/search.html?q=krdg_redist"", ""krdg_redist"")",,,1
*,"=HYPERLINK(""https://cice-consortium-cice.readthedocs.io/en/main/search.html?q=dynamics_nml"", ""&dynamics_nml"")","=HYPERLINK(""https://cice-consortium-cice.readthedocs.io/en/main/search.html?q=kstrength"", ""kstrength"")",,,1
*,"=HYPERLINK(""https://cice-consortium-cice.readthedocs.io/en/main/search.html?q=dynamics_nml"", ""&dynamics_nml"")","=HYPERLINK(""https://cice-consortium-cice.readthedocs.io/en/main/search.html?q=mu_rdg"", ""mu_rdg"")",,,3
*,"=HYPERLINK(""https://cice-consortium-cice.readthedocs.io/en/main/search.html?q=dynamics_nml"", ""&dynamics_nml"")","=HYPERLINK(""https://cice-consortium-cice.readthedocs.io/en/main/search.html?q=ndte"", ""ndte"")",,,120
*,"=HYPERLINK(""https://cice-consortium-cice.readthedocs.io/en/main/search.html?q=dynamics_nml"", ""&dynamics_nml"")","=HYPERLINK(""https://cice-consortium-cice.readthedocs.io/en/main/search.html?q=revised_evp"", ""revised_evp"")",,,False
*,"=HYPERLINK(""https://cice-consortium-cice.readthedocs.io/en/main/search.html?q=dynamics_nml"", ""&dynamics_nml"")","=HYPERLINK(""https://cice-consortium-cice.readthedocs.io/en/main/search.html?q=sinw"", ""sinw"")",,,0.0
*,"=HYPERLINK(""https://cice-consortium-cice.readthedocs.io/en/main/search.html?q=dynamics_nml"", ""&dynamics_nml"")","=HYPERLINK(""https://cice-consortium-cice.readthedocs.io/en/main/search.html?q=ssh_stress"", ""ssh_stress"")",coupled,coupled,
*,"=HYPERLINK(""https://cice-consortium-cice.readthedocs.io/en/main/search.html?q=forcing_nml"", ""&forcing_nml"")","=HYPERLINK(""https://cice-consortium-cice.readthedocs.io/en/main/search.html?q=atm_data_dir"", ""atm_data_dir"")",,,unknown_atm_data_dir
*,"=HYPERLINK(""https://cice-consortium-cice.readthedocs.io/en/main/search.html?q=forcing_nml"", ""&forcing_nml"")","=HYPERLINK(""https://cice-consortium-cice.readthedocs.io/en/main/search.html?q=atm_data_format"", ""atm_data_format"")",,,nc
*,"=HYPERLINK(""https://cice-consortium-cice.readthedocs.io/en/main/search.html?q=forcing_nml"", ""&forcing_nml"")","=HYPERLINK(""https://cice-consortium-cice.readthedocs.io/en/main/search.html?q=atm_data_type"", ""atm_data_type"")",,,default
*,"=HYPERLINK(""https://cice-consortium-cice.readthedocs.io/en/main/search.html?q=forcing_nml"", ""&forcing_nml"")","=HYPERLINK(""https://cice-consortium-cice.readthedocs.io/en/main/search.html?q=atmbndy"", ""atmbndy"")",,,default
*,"=HYPERLINK(""https://cice-consortium-cice.readthedocs.io/en/main/search.html?q=forcing_nml"", ""&forcing_nml"")","=HYPERLINK(""https://cice-consortium-cice.readthedocs.io/en/main/search.html?q=calc_strair"", ""calc_strair"")",,,True
*,"=HYPERLINK(""https://cice-consortium-cice.readthedocs.io/en/main/search.html?q=forcing_nml"", ""&forcing_nml"")","=HYPERLINK(""https://cice-consortium-cice.readthedocs.io/en/main/search.html?q=calc_tsfc"", ""calc_tsfc"")",,,True
*,"=HYPERLINK(""https://cice-consortium-cice.readthedocs.io/en/main/search.html?q=forcing_nml"", ""&forcing_nml"")","=HYPERLINK(""https://cice-consortium-cice.readthedocs.io/en/main/search.html?q=emissivity"", ""emissivity"")",0.95,0.95,
*,"=HYPERLINK(""https://cice-consortium-cice.readthedocs.io/en/main/search.html?q=forcing_nml"", ""&forcing_nml"")","=HYPERLINK(""https://cice-consortium-cice.readthedocs.io/en/main/search.html?q=formdrag"", ""formdrag"")",,,False
*,"=HYPERLINK(""https://cice-consortium-cice.readthedocs.io/en/main/search.html?q=forcing_nml"", ""&forcing_nml"")","=HYPERLINK(""https://cice-consortium-cice.readthedocs.io/en/main/search.html?q=fyear_init"", ""fyear_init"")",,,1
,"=HYPERLINK(""https://cice-consortium-cice.readthedocs.io/en/main/search.html?q=forcing_nml"", ""&forcing_nml"")","=HYPERLINK(""https://cice-consortium-cice.readthedocs.io/en/main/search.html?q=highfreq"", ""highfreq"")",True,True,True
*,"=HYPERLINK(""https://cice-consortium-cice.readthedocs.io/en/main/search.html?q=forcing_nml"", ""&forcing_nml"")","=HYPERLINK(""https://cice-consortium-cice.readthedocs.io/en/main/search.html?q=ice_ref_salinity"", ""ice_ref_salinity"")",5.0,5.0,
*,"=HYPERLINK(""https://cice-consortium-cice.readthedocs.io/en/main/search.html?q=forcing_nml"", ""&forcing_nml"")","=HYPERLINK(""https://cice-consortium-cice.readthedocs.io/en/main/search.html?q=oceanmixed_file"", ""oceanmixed_file"")",,,unknown_oceanmixed_file
*,"=HYPERLINK(""https://cice-consortium-cice.readthedocs.io/en/main/search.html?q=forcing_nml"", ""&forcing_nml"")","=HYPERLINK(""https://cice-consortium-cice.readthedocs.io/en/main/search.html?q=oceanmixed_ice"", ""oceanmixed_ice"")",,,False
*,"=HYPERLINK(""https://cice-consortium-cice.readthedocs.io/en/main/search.html?q=forcing_nml"", ""&forcing_nml"")","=HYPERLINK(""https://cice-consortium-cice.readthedocs.io/en/main/search.html?q=ocn_data_dir"", ""ocn_data_dir"")",,,unknown_ocn_data_dir
*,"=HYPERLINK(""https://cice-consortium-cice.readthedocs.io/en/main/search.html?q=forcing_nml"", ""&forcing_nml"")","=HYPERLINK(""https://cice-consortium-cice.readthedocs.io/en/main/search.html?q=ocn_data_format"", ""ocn_data_format"")",,,nc
*,"=HYPERLINK(""https://cice-consortium-cice.readthedocs.io/en/main/search.html?q=forcing_nml"", ""&forcing_nml"")","=HYPERLINK(""https://cice-consortium-cice.readthedocs.io/en/main/search.html?q=precip_units"", ""precip_units"")",,,mks
*,"=HYPERLINK(""https://cice-consortium-cice.readthedocs.io/en/main/search.html?q=forcing_nml"", ""&forcing_nml"")","=HYPERLINK(""https://cice-consortium-cice.readthedocs.io/en/main/search.html?q=restore_ice"", ""restore_ice"")",,,False
*,"=HYPERLINK(""https://cice-consortium-cice.readthedocs.io/en/main/search.html?q=forcing_nml"", ""&forcing_nml"")","=HYPERLINK(""https://cice-consortium-cice.readthedocs.io/en/main/search.html?q=restore_sst"", ""restore_sst"")",,,False
*,"=HYPERLINK(""https://cice-consortium-cice.readthedocs.io/en/main/search.html?q=forcing_nml"", ""&forcing_nml"")","=HYPERLINK(""https://cice-consortium-cice.readthedocs.io/en/main/search.html?q=sss_data_type"", ""sss_data_type"")",,,default
*,"=HYPERLINK(""https://cice-consortium-cice.readthedocs.io/en/main/search.html?q=forcing_nml"", ""&forcing_nml"")","=HYPERLINK(""https://cice-consortium-cice.readthedocs.io/en/main/search.html?q=sst_data_type"", ""sst_data_type"")",,,default
,"=HYPERLINK(""https://cice-consortium-cice.readthedocs.io/en/main/search.html?q=forcing_nml"", ""&forcing_nml"")","=HYPERLINK(""https://cice-consortium-cice.readthedocs.io/en/main/search.html?q=tfrz_option"", ""tfrz_option"")",linear_salt,linear_salt,linear_salt
*,"=HYPERLINK(""https://cice-consortium-cice.readthedocs.io/en/main/search.html?q=forcing_nml"", ""&forcing_nml"")","=HYPERLINK(""https://cice-consortium-cice.readthedocs.io/en/main/search.html?q=trestore"", ""trestore"")",,,0
,"=HYPERLINK(""https://cice-consortium-cice.readthedocs.io/en/main/search.html?q=forcing_nml"", ""&forcing_nml"")","=HYPERLINK(""https://cice-consortium-cice.readthedocs.io/en/main/search.html?q=update_ocn_f"", ""update_ocn_f"")",True,True,True
,"=HYPERLINK(""https://cice-consortium-cice.readthedocs.io/en/main/search.html?q=forcing_nml"", ""&forcing_nml"")","=HYPERLINK(""https://cice-consortium-cice.readthedocs.io/en/main/search.html?q=ustar_min"", ""ustar_min"")",0.0005,0.0005,0.0005
*,"=HYPERLINK(""https://cice-consortium-cice.readthedocs.io/en/main/search.html?q=forcing_nml"", ""&forcing_nml"")","=HYPERLINK(""https://cice-consortium-cice.readthedocs.io/en/main/search.html?q=ycycle"", ""ycycle"")",,,1
*,"=HYPERLINK(""https://cice-consortium-cice.readthedocs.io/en/main/search.html?q=grid_nml"", ""&grid_nml"")","=HYPERLINK(""https://cice-consortium-cice.readthedocs.io/en/main/search.html?q=bathymetry_file"", ""bathymetry_file"")",./input/topog.nc,./input/topog.nc,
*,"=HYPERLINK(""https://cice-consortium-cice.readthedocs.io/en/main/search.html?q=grid_nml"", ""&grid_nml"")","=HYPERLINK(""https://cice-consortium-cice.readthedocs.io/en/main/search.html?q=grid_atm"", ""grid_atm"")",A,A,
*,"=HYPERLINK(""https://cice-consortium-cice.readthedocs.io/en/main/search.html?q=grid_nml"", ""&grid_nml"")","=HYPERLINK(""https://cice-consortium-cice.readthedocs.io/en/main/search.html?q=grid_file"", ""grid_file"")",./input/grid.nc,./input/grid.nc,RESTART/grid.nc
,"=HYPERLINK(""https://cice-consortium-cice.readthedocs.io/en/main/search.html?q=grid_nml"", ""&grid_nml"")","=HYPERLINK(""https://cice-consortium-cice.readthedocs.io/en/main/search.html?q=grid_format"", ""grid_format"")",nc,nc,nc
*,"=HYPERLINK(""https://cice-consortium-cice.readthedocs.io/en/main/search.html?q=grid_nml"", ""&grid_nml"")","=HYPERLINK(""https://cice-consortium-cice.readthedocs.io/en/main/search.html?q=grid_ice"", ""grid_ice"")",B,B,
*,"=HYPERLINK(""https://cice-consortium-cice.readthedocs.io/en/main/search.html?q=grid_nml"", ""&grid_nml"")","=HYPERLINK(""https://cice-consortium-cice.readthedocs.io/en/main/search.html?q=grid_ocn"", ""grid_ocn"")",A,A,
,"=HYPERLINK(""https://cice-consortium-cice.readthedocs.io/en/main/search.html?q=grid_nml"", ""&grid_nml"")","=HYPERLINK(""https://cice-consortium-cice.readthedocs.io/en/main/search.html?q=grid_type"", ""grid_type"")",tripole,tripole,tripole
,"=HYPERLINK(""https://cice-consortium-cice.readthedocs.io/en/main/search.html?q=grid_nml"", ""&grid_nml"")","=HYPERLINK(""https://cice-consortium-cice.readthedocs.io/en/main/search.html?q=kcatbound"", ""kcatbound"")",0,0,0
*,"=HYPERLINK(""https://cice-consortium-cice.readthedocs.io/en/main/search.html?q=grid_nml"", ""&grid_nml"")","=HYPERLINK(""https://cice-consortium-cice.readthedocs.io/en/main/search.html?q=kmt_file"", ""kmt_file"")",./input/kmt.nc,./input/kmt.nc,RESTART/kmt.nc
*,"=HYPERLINK(""https://cice-consortium-cice.readthedocs.io/en/main/search.html?q=grid_nml"", ""&grid_nml"")","=HYPERLINK(""https://cice-consortium-cice.readthedocs.io/en/main/search.html?q=nblyr"", ""nblyr"")",1,1,
*,"=HYPERLINK(""https://cice-consortium-cice.readthedocs.io/en/main/search.html?q=grid_nml"", ""&grid_nml"")","=HYPERLINK(""https://cice-consortium-cice.readthedocs.io/en/main/search.html?q=ncat"", ""ncat"")",5,5,
*,"=HYPERLINK(""https://cice-consortium-cice.readthedocs.io/en/main/search.html?q=grid_nml"", ""&grid_nml"")","=HYPERLINK(""https://cice-consortium-cice.readthedocs.io/en/main/search.html?q=nfsd"", ""nfsd"")",1,1,
*,"=HYPERLINK(""https://cice-consortium-cice.readthedocs.io/en/main/search.html?q=grid_nml"", ""&grid_nml"")","=HYPERLINK(""https://cice-consortium-cice.readthedocs.io/en/main/search.html?q=nilyr"", ""nilyr"")",4,4,
*,"=HYPERLINK(""https://cice-consortium-cice.readthedocs.io/en/main/search.html?q=grid_nml"", ""&grid_nml"")","=HYPERLINK(""https://cice-consortium-cice.readthedocs.io/en/main/search.html?q=nslyr"", ""nslyr"")",1,1,
*,"=HYPERLINK(""https://cice-consortium-cice.readthedocs.io/en/main/search.html?q=icefields_bgc_nml"", ""&icefields_bgc_nml"")","=HYPERLINK(""https://cice-consortium-cice.readthedocs.io/en/main/search.html?q=f_aero"", ""f_aero"")",,,x
*,"=HYPERLINK(""https://cice-consortium-cice.readthedocs.io/en/main/search.html?q=icefields_bgc_nml"", ""&icefields_bgc_nml"")","=HYPERLINK(""https://cice-consortium-cice.readthedocs.io/en/main/search.html?q=f_bgc_am_ml"", ""f_bgc_am_ml"")",,,x
*,"=HYPERLINK(""https://cice-consortium-cice.readthedocs.io/en/main/search.html?q=icefields_bgc_nml"", ""&icefields_bgc_nml"")","=HYPERLINK(""https://cice-consortium-cice.readthedocs.io/en/main/search.html?q=f_bgc_am_sk"", ""f_bgc_am_sk"")",,,x
*,"=HYPERLINK(""https://cice-consortium-cice.readthedocs.io/en/main/search.html?q=icefields_bgc_nml"", ""&icefields_bgc_nml"")","=HYPERLINK(""https://cice-consortium-cice.readthedocs.io/en/main/search.html?q=f_bgc_c_sk"", ""f_bgc_c_sk"")",,,x
*,"=HYPERLINK(""https://cice-consortium-cice.readthedocs.io/en/main/search.html?q=icefields_bgc_nml"", ""&icefields_bgc_nml"")","=HYPERLINK(""https://cice-consortium-cice.readthedocs.io/en/main/search.html?q=f_bgc_chl_sk"", ""f_bgc_chl_sk"")",,,x
*,"=HYPERLINK(""https://cice-consortium-cice.readthedocs.io/en/main/search.html?q=icefields_bgc_nml"", ""&icefields_bgc_nml"")","=HYPERLINK(""https://cice-consortium-cice.readthedocs.io/en/main/search.html?q=f_bgc_dms_sk"", ""f_bgc_dms_sk"")",,,x
*,"=HYPERLINK(""https://cice-consortium-cice.readthedocs.io/en/main/search.html?q=icefields_bgc_nml"", ""&icefields_bgc_nml"")","=HYPERLINK(""https://cice-consortium-cice.readthedocs.io/en/main/search.html?q=f_bgc_dmsp_ml"", ""f_bgc_dmsp_ml"")",,,x
*,"=HYPERLINK(""https://cice-consortium-cice.readthedocs.io/en/main/search.html?q=icefields_bgc_nml"", ""&icefields_bgc_nml"")","=HYPERLINK(""https://cice-consortium-cice.readthedocs.io/en/main/search.html?q=f_bgc_dmspd_sk"", ""f_bgc_dmspd_sk"")",,,x
*,"=HYPERLINK(""https://cice-consortium-cice.readthedocs.io/en/main/search.html?q=icefields_bgc_nml"", ""&icefields_bgc_nml"")","=HYPERLINK(""https://cice-consortium-cice.readthedocs.io/en/main/search.html?q=f_bgc_dmspp_sk"", ""f_bgc_dmspp_sk"")",,,x
*,"=HYPERLINK(""https://cice-consortium-cice.readthedocs.io/en/main/search.html?q=icefields_bgc_nml"", ""&icefields_bgc_nml"")","=HYPERLINK(""https://cice-consortium-cice.readthedocs.io/en/main/search.html?q=f_bgc_n_sk"", ""f_bgc_n_sk"")",,,x
*,"=HYPERLINK(""https://cice-consortium-cice.readthedocs.io/en/main/search.html?q=icefields_bgc_nml"", ""&icefields_bgc_nml"")","=HYPERLINK(""https://cice-consortium-cice.readthedocs.io/en/main/search.html?q=f_bgc_nit_ml"", ""f_bgc_nit_ml"")",,,x
*,"=HYPERLINK(""https://cice-consortium-cice.readthedocs.io/en/main/search.html?q=icefields_bgc_nml"", ""&icefields_bgc_nml"")","=HYPERLINK(""https://cice-consortium-cice.readthedocs.io/en/main/search.html?q=f_bgc_nit_sk"", ""f_bgc_nit_sk"")",,,x
*,"=HYPERLINK(""https://cice-consortium-cice.readthedocs.io/en/main/search.html?q=icefields_bgc_nml"", ""&icefields_bgc_nml"")","=HYPERLINK(""https://cice-consortium-cice.readthedocs.io/en/main/search.html?q=f_bgc_sil_ml"", ""f_bgc_sil_ml"")",,,x
*,"=HYPERLINK(""https://cice-consortium-cice.readthedocs.io/en/main/search.html?q=icefields_bgc_nml"", ""&icefields_bgc_nml"")","=HYPERLINK(""https://cice-consortium-cice.readthedocs.io/en/main/search.html?q=f_bgc_sil_sk"", ""f_bgc_sil_sk"")",,,x
*,"=HYPERLINK(""https://cice-consortium-cice.readthedocs.io/en/main/search.html?q=icefields_bgc_nml"", ""&icefields_bgc_nml"")","=HYPERLINK(""https://cice-consortium-cice.readthedocs.io/en/main/search.html?q=f_bphi"", ""f_bphi"")",,,x
*,"=HYPERLINK(""https://cice-consortium-cice.readthedocs.io/en/main/search.html?q=icefields_bgc_nml"", ""&icefields_bgc_nml"")","=HYPERLINK(""https://cice-consortium-cice.readthedocs.io/en/main/search.html?q=f_btin"", ""f_btin"")",,,x
*,"=HYPERLINK(""https://cice-consortium-cice.readthedocs.io/en/main/search.html?q=icefields_bgc_nml"", ""&icefields_bgc_nml"")","=HYPERLINK(""https://cice-consortium-cice.readthedocs.io/en/main/search.html?q=f_faero_atm"", ""f_faero_atm"")",,,x
*,"=HYPERLINK(""https://cice-consortium-cice.readthedocs.io/en/main/search.html?q=icefields_bgc_nml"", ""&icefields_bgc_nml"")","=HYPERLINK(""https://cice-consortium-cice.readthedocs.io/en/main/search.html?q=f_faero_ocn"", ""f_faero_ocn"")",,,x
*,"=HYPERLINK(""https://cice-consortium-cice.readthedocs.io/en/main/search.html?q=icefields_bgc_nml"", ""&icefields_bgc_nml"")","=HYPERLINK(""https://cice-consortium-cice.readthedocs.io/en/main/search.html?q=f_fbri"", ""f_fbri"")",,,x
*,"=HYPERLINK(""https://cice-consortium-cice.readthedocs.io/en/main/search.html?q=icefields_bgc_nml"", ""&icefields_bgc_nml"")","=HYPERLINK(""https://cice-consortium-cice.readthedocs.io/en/main/search.html?q=f_fn"", ""f_fn"")",,,x
*,"=HYPERLINK(""https://cice-consortium-cice.readthedocs.io/en/main/search.html?q=icefields_bgc_nml"", ""&icefields_bgc_nml"")","=HYPERLINK(""https://cice-consortium-cice.readthedocs.io/en/main/search.html?q=f_fn_ai"", ""f_fn_ai"")",,,x
*,"=HYPERLINK(""https://cice-consortium-cice.readthedocs.io/en/main/search.html?q=icefields_bgc_nml"", ""&icefields_bgc_nml"")","=HYPERLINK(""https://cice-consortium-cice.readthedocs.io/en/main/search.html?q=f_fnh"", ""f_fnh"")",,,x
*,"=HYPERLINK(""https://cice-consortium-cice.readthedocs.io/en/main/search.html?q=icefields_bgc_nml"", ""&icefields_bgc_nml"")","=HYPERLINK(""https://cice-consortium-cice.readthedocs.io/en/main/search.html?q=f_fnh_ai"", ""f_fnh_ai"")",,,x
*,"=HYPERLINK(""https://cice-consortium-cice.readthedocs.io/en/main/search.html?q=icefields_bgc_nml"", ""&icefields_bgc_nml"")","=HYPERLINK(""https://cice-consortium-cice.readthedocs.io/en/main/search.html?q=f_fno"", ""f_fno"")",,,x
*,"=HYPERLINK(""https://cice-consortium-cice.readthedocs.io/en/main/search.html?q=icefields_bgc_nml"", ""&icefields_bgc_nml"")","=HYPERLINK(""https://cice-consortium-cice.readthedocs.io/en/main/search.html?q=f_fno_ai"", ""f_fno_ai"")",,,x
*,"=HYPERLINK(""https://cice-consortium-cice.readthedocs.io/en/main/search.html?q=icefields_bgc_nml"", ""&icefields_bgc_nml"")","=HYPERLINK(""https://cice-consortium-cice.readthedocs.io/en/main/search.html?q=f_fsil"", ""f_fsil"")",,,x
*,"=HYPERLINK(""https://cice-consortium-cice.readthedocs.io/en/main/search.html?q=icefields_bgc_nml"", ""&icefields_bgc_nml"")","=HYPERLINK(""https://cice-consortium-cice.readthedocs.io/en/main/search.html?q=f_fsil_ai"", ""f_fsil_ai"")",,,x
*,"=HYPERLINK(""https://cice-consortium-cice.readthedocs.io/en/main/search.html?q=icefields_bgc_nml"", ""&icefields_bgc_nml"")","=HYPERLINK(""https://cice-consortium-cice.readthedocs.io/en/main/search.html?q=f_grownet"", ""f_grownet"")",,,x
*,"=HYPERLINK(""https://cice-consortium-cice.readthedocs.io/en/main/search.html?q=icefields_bgc_nml"", ""&icefields_bgc_nml"")","=HYPERLINK(""https://cice-consortium-cice.readthedocs.io/en/main/search.html?q=f_hbri"", ""f_hbri"")",,,x
*,"=HYPERLINK(""https://cice-consortium-cice.readthedocs.io/en/main/search.html?q=icefields_bgc_nml"", ""&icefields_bgc_nml"")","=HYPERLINK(""https://cice-consortium-cice.readthedocs.io/en/main/search.html?q=f_ppnet"", ""f_ppnet"")",,,x
*,"=HYPERLINK(""https://cice-consortium-cice.readthedocs.io/en/main/search.html?q=icefields_drag_nml"", ""&icefields_drag_nml"")","=HYPERLINK(""https://cice-consortium-cice.readthedocs.io/en/main/search.html?q=f_cdn_atm"", ""f_cdn_atm"")",,,x
*,"=HYPERLINK(""https://cice-consortium-cice.readthedocs.io/en/main/search.html?q=icefields_drag_nml"", ""&icefields_drag_nml"")","=HYPERLINK(""https://cice-consortium-cice.readthedocs.io/en/main/search.html?q=f_cdn_ocn"", ""f_cdn_ocn"")",,,x
*,"=HYPERLINK(""https://cice-consortium-cice.readthedocs.io/en/main/search.html?q=icefields_drag_nml"", ""&icefields_drag_nml"")","=HYPERLINK(""https://cice-consortium-cice.readthedocs.io/en/main/search.html?q=f_drag"", ""f_drag"")",,,x
*,"=HYPERLINK(""https://cice-consortium-cice.readthedocs.io/en/main/search.html?q=icefields_mechred_nml"", ""&icefields_mechred_nml"")","=HYPERLINK(""https://cice-consortium-cice.readthedocs.io/en/main/search.html?q=f_alvl"", ""f_alvl"")",,,m
*,"=HYPERLINK(""https://cice-consortium-cice.readthedocs.io/en/main/search.html?q=icefields_mechred_nml"", ""&icefields_mechred_nml"")","=HYPERLINK(""https://cice-consortium-cice.readthedocs.io/en/main/search.html?q=f_aparticn"", ""f_aparticn"")",,,x
*,"=HYPERLINK(""https://cice-consortium-cice.readthedocs.io/en/main/search.html?q=icefields_mechred_nml"", ""&icefields_mechred_nml"")","=HYPERLINK(""https://cice-consortium-cice.readthedocs.io/en/main/search.html?q=f_araftn"", ""f_araftn"")",,,x
*,"=HYPERLINK(""https://cice-consortium-cice.readthedocs.io/en/main/search.html?q=icefields_mechred_nml"", ""&icefields_mechred_nml"")","=HYPERLINK(""https://cice-consortium-cice.readthedocs.io/en/main/search.html?q=f_ardg"", ""f_ardg"")",,,m
*,"=HYPERLINK(""https://cice-consortium-cice.readthedocs.io/en/main/search.html?q=icefields_mechred_nml"", ""&icefields_mechred_nml"")","=HYPERLINK(""https://cice-consortium-cice.readthedocs.io/en/main/search.html?q=f_ardgn"", ""f_ardgn"")",,,x
*,"=HYPERLINK(""https://cice-consortium-cice.readthedocs.io/en/main/search.html?q=icefields_mechred_nml"", ""&icefields_mechred_nml"")","=HYPERLINK(""https://cice-consortium-cice.readthedocs.io/en/main/search.html?q=f_aredistn"", ""f_aredistn"")",,,x
,"=HYPERLINK(""https://cice-consortium-cice.readthedocs.io/en/main/search.html?q=icefields_mechred_nml"", ""&icefields_mechred_nml"")","=HYPERLINK(""https://cice-consortium-cice.readthedocs.io/en/main/search.html?q=f_dardg1dt"", ""f_dardg1dt"")",x,x,x
*,"=HYPERLINK(""https://cice-consortium-cice.readthedocs.io/en/main/search.html?q=icefields_mechred_nml"", ""&icefields_mechred_nml"")","=HYPERLINK(""https://cice-consortium-cice.readthedocs.io/en/main/search.html?q=f_dardg1ndt"", ""f_dardg1ndt"")",,,x
,"=HYPERLINK(""https://cice-consortium-cice.readthedocs.io/en/main/search.html?q=icefields_mechred_nml"", ""&icefields_mechred_nml"")","=HYPERLINK(""https://cice-consortium-cice.readthedocs.io/en/main/search.html?q=f_dardg2dt"", ""f_dardg2dt"")",x,x,x
*,"=HYPERLINK(""https://cice-consortium-cice.readthedocs.io/en/main/search.html?q=icefields_mechred_nml"", ""&icefields_mechred_nml"")","=HYPERLINK(""https://cice-consortium-cice.readthedocs.io/en/main/search.html?q=f_dardg2ndt"", ""f_dardg2ndt"")",,,x
,"=HYPERLINK(""https://cice-consortium-cice.readthedocs.io/en/main/search.html?q=icefields_mechred_nml"", ""&icefields_mechred_nml"")","=HYPERLINK(""https://cice-consortium-cice.readthedocs.io/en/main/search.html?q=f_dvirdgdt"", ""f_dvirdgdt"")",x,x,x
*,"=HYPERLINK(""https://cice-consortium-cice.readthedocs.io/en/main/search.html?q=icefields_mechred_nml"", ""&icefields_mechred_nml"")","=HYPERLINK(""https://cice-consortium-cice.readthedocs.io/en/main/search.html?q=f_dvirdgndt"", ""f_dvirdgndt"")",,,x
*,"=HYPERLINK(""https://cice-consortium-cice.readthedocs.io/en/main/search.html?q=icefields_mechred_nml"", ""&icefields_mechred_nml"")","=HYPERLINK(""https://cice-consortium-cice.readthedocs.io/en/main/search.html?q=f_krdgn"", ""f_krdgn"")",,,x
*,"=HYPERLINK(""https://cice-consortium-cice.readthedocs.io/en/main/search.html?q=icefields_mechred_nml"", ""&icefields_mechred_nml"")","=HYPERLINK(""https://cice-consortium-cice.readthedocs.io/en/main/search.html?q=f_opening"", ""f_opening"")",,,m
*,"=HYPERLINK(""https://cice-consortium-cice.readthedocs.io/en/main/search.html?q=icefields_mechred_nml"", ""&icefields_mechred_nml"")","=HYPERLINK(""https://cice-consortium-cice.readthedocs.io/en/main/search.html?q=f_vlvl"", ""f_vlvl"")",,,m
*,"=HYPERLINK(""https://cice-consortium-cice.readthedocs.io/en/main/search.html?q=icefields_mechred_nml"", ""&icefields_mechred_nml"")","=HYPERLINK(""https://cice-consortium-cice.readthedocs.io/en/main/search.html?q=f_vraftn"", ""f_vraftn"")",,,x
*,"=HYPERLINK(""https://cice-consortium-cice.readthedocs.io/en/main/search.html?q=icefields_mechred_nml"", ""&icefields_mechred_nml"")","=HYPERLINK(""https://cice-consortium-cice.readthedocs.io/en/main/search.html?q=f_vrdg"", ""f_vrdg"")",,,m
*,"=HYPERLINK(""https://cice-consortium-cice.readthedocs.io/en/main/search.html?q=icefields_mechred_nml"", ""&icefields_mechred_nml"")","=HYPERLINK(""https://cice-consortium-cice.readthedocs.io/en/main/search.html?q=f_vrdgn"", ""f_vrdgn"")",,,x
*,"=HYPERLINK(""https://cice-consortium-cice.readthedocs.io/en/main/search.html?q=icefields_mechred_nml"", ""&icefields_mechred_nml"")","=HYPERLINK(""https://cice-consortium-cice.readthedocs.io/en/main/search.html?q=f_vredistn"", ""f_vredistn"")",,,x
,"=HYPERLINK(""https://cice-consortium-cice.readthedocs.io/en/main/search.html?q=icefields_nml"", ""&icefields_nml"")","=HYPERLINK(""https://cice-consortium-cice.readthedocs.io/en/main/search.html?q=f_aice"", ""f_aice"")",md,md,md
,"=HYPERLINK(""https://cice-consortium-cice.readthedocs.io/en/main/search.html?q=icefields_nml"", ""&icefields_nml"")","=HYPERLINK(""https://cice-consortium-cice.readthedocs.io/en/main/search.html?q=f_aicen"", ""f_aicen"")",m,m,m
,"=HYPERLINK(""https://cice-consortium-cice.readthedocs.io/en/main/search.html?q=icefields_nml"", ""&icefields_nml"")","=HYPERLINK(""https://cice-consortium-cice.readthedocs.io/en/main/search.html?q=f_aisnap"", ""f_aisnap"")",x,x,x
*,"=HYPERLINK(""https://cice-consortium-cice.readthedocs.io/en/main/search.html?q=icefields_nml"", ""&icefields_nml"")","=HYPERLINK(""https://cice-consortium-cice.readthedocs.io/en/main/search.html?q=f_albice"", ""f_albice"")",,,m
,"=HYPERLINK(""https://cice-consortium-cice.readthedocs.io/en/main/search.html?q=icefields_nml"", ""&icefields_nml"")","=HYPERLINK(""https://cice-consortium-cice.readthedocs.io/en/main/search.html?q=f_albpnd"", ""f_albpnd"")",x,x,x
*,"=HYPERLINK(""https://cice-consortium-cice.readthedocs.io/en/main/search.html?q=icefields_nml"", ""&icefields_nml"")","=HYPERLINK(""https://cice-consortium-cice.readthedocs.io/en/main/search.html?q=f_albsni"", ""f_albsni"")",,,m
*,"=HYPERLINK(""https://cice-consortium-cice.readthedocs.io/en/main/search.html?q=icefields_nml"", ""&icefields_nml"")","=HYPERLINK(""https://cice-consortium-cice.readthedocs.io/en/main/search.html?q=f_albsno"", ""f_albsno"")",,,m
*,"=HYPERLINK(""https://cice-consortium-cice.readthedocs.io/en/main/search.html?q=icefields_nml"", ""&icefields_nml"")","=HYPERLINK(""https://cice-consortium-cice.readthedocs.io/en/main/search.html?q=f_alidf_ai"", ""f_alidf_ai"")",,,x
*,"=HYPERLINK(""https://cice-consortium-cice.readthedocs.io/en/main/search.html?q=icefields_nml"", ""&icefields_nml"")","=HYPERLINK(""https://cice-consortium-cice.readthedocs.io/en/main/search.html?q=f_alidr"", ""f_alidr"")",,,x
*,"=HYPERLINK(""https://cice-consortium-cice.readthedocs.io/en/main/search.html?q=icefields_nml"", ""&icefields_nml"")","=HYPERLINK(""https://cice-consortium-cice.readthedocs.io/en/main/search.html?q=f_alidr_ai"", ""f_alidr_ai"")",,,x
*,"=HYPERLINK(""https://cice-consortium-cice.readthedocs.io/en/main/search.html?q=icefields_nml"", ""&icefields_nml"")","=HYPERLINK(""https://cice-consortium-cice.readthedocs.io/en/main/search.html?q=f_alvdf_ai"", ""f_alvdf_ai"")",,,x
*,"=HYPERLINK(""https://cice-consortium-cice.readthedocs.io/en/main/search.html?q=icefields_nml"", ""&icefields_nml"")","=HYPERLINK(""https://cice-consortium-cice.readthedocs.io/en/main/search.html?q=f_alvdr"", ""f_alvdr"")",,,x
*,"=HYPERLINK(""https://cice-consortium-cice.readthedocs.io/en/main/search.html?q=icefields_nml"", ""&icefields_nml"")","=HYPERLINK(""https://cice-consortium-cice.readthedocs.io/en/main/search.html?q=f_alvdr_ai"", ""f_alvdr_ai"")",,,x
*,"=HYPERLINK(""https://cice-consortium-cice.readthedocs.io/en/main/search.html?q=icefields_nml"", ""&icefields_nml"")","=HYPERLINK(""https://cice-consortium-cice.readthedocs.io/en/main/search.html?q=f_angle"", ""f_angle"")",,,True
*,"=HYPERLINK(""https://cice-consortium-cice.readthedocs.io/en/main/search.html?q=icefields_nml"", ""&icefields_nml"")","=HYPERLINK(""https://cice-consortium-cice.readthedocs.io/en/main/search.html?q=f_anglet"", ""f_anglet"")",,,True
*,"=HYPERLINK(""https://cice-consortium-cice.readthedocs.io/en/main/search.html?q=icefields_nml"", ""&icefields_nml"")","=HYPERLINK(""https://cice-consortium-cice.readthedocs.io/en/main/search.html?q=f_atmdir"", ""f_atmdir"")",x,x,
*,"=HYPERLINK(""https://cice-consortium-cice.readthedocs.io/en/main/search.html?q=icefields_nml"", ""&icefields_nml"")","=HYPERLINK(""https://cice-consortium-cice.readthedocs.io/en/main/search.html?q=f_atmspd"", ""f_atmspd"")",x,x,
,"=HYPERLINK(""https://cice-consortium-cice.readthedocs.io/en/main/search.html?q=icefields_nml"", ""&icefields_nml"")","=HYPERLINK(""https://cice-consortium-cice.readthedocs.io/en/main/search.html?q=f_bounds"", ""f_bounds"")",False,False,False
,"=HYPERLINK(""https://cice-consortium-cice.readthedocs.io/en/main/search.html?q=icefields_nml"", ""&icefields_nml"")","=HYPERLINK(""https://cice-consortium-cice.readthedocs.io/en/main/search.html?q=f_congel"", ""f_congel"")",md,md,md
,"=HYPERLINK(""https://cice-consortium-cice.readthedocs.io/en/main/search.html?q=icefields_nml"", ""&icefields_nml"")","=HYPERLINK(""https://cice-consortium-cice.readthedocs.io/en/main/search.html?q=f_coszen"", ""f_coszen"")",x,x,x
*,"=HYPERLINK(""https://cice-consortium-cice.readthedocs.io/en/main/search.html?q=icefields_nml"", ""&icefields_nml"")","=HYPERLINK(""https://cice-consortium-cice.readthedocs.io/en/main/search.html?q=f_dagedtd"", ""f_dagedtd"")",,,x
*,"=HYPERLINK(""https://cice-consortium-cice.readthedocs.io/en/main/search.html?q=icefields_nml"", ""&icefields_nml"")","=HYPERLINK(""https://cice-consortium-cice.readthedocs.io/en/main/search.html?q=f_dagedtt"", ""f_dagedtt"")",,,x
*,"=HYPERLINK(""https://cice-consortium-cice.readthedocs.io/en/main/search.html?q=icefields_nml"", ""&icefields_nml"")","=HYPERLINK(""https://cice-consortium-cice.readthedocs.io/en/main/search.html?q=f_daidtd"", ""f_daidtd"")",,,m
*,"=HYPERLINK(""https://cice-consortium-cice.readthedocs.io/en/main/search.html?q=icefields_nml"", ""&icefields_nml"")","=HYPERLINK(""https://cice-consortium-cice.readthedocs.io/en/main/search.html?q=f_daidtt"", ""f_daidtt"")",,,m
*,"=HYPERLINK(""https://cice-consortium-cice.readthedocs.io/en/main/search.html?q=icefields_nml"", ""&icefields_nml"")","=HYPERLINK(""https://cice-consortium-cice.readthedocs.io/en/main/search.html?q=f_divu"", ""f_divu"")",,,m
,"=HYPERLINK(""https://cice-consortium-cice.readthedocs.io/en/main/search.html?q=icefields_nml"", ""&icefields_nml"")","=HYPERLINK(""https://cice-consortium-cice.readthedocs.io/en/main/search.html?q=f_dsnow"", ""f_dsnow"")",x,x,x
,"=HYPERLINK(""https://cice-consortium-cice.readthedocs.io/en/main/search.html?q=icefields_nml"", ""&icefields_nml"")","=HYPERLINK(""https://cice-consortium-cice.readthedocs.io/en/main/search.html?q=f_dvidtd"", ""f_dvidtd"")",md,md,md
,"=HYPERLINK(""https://cice-consortium-cice.readthedocs.io/en/main/search.html?q=icefields_nml"", ""&icefields_nml"")","=HYPERLINK(""https://cice-consortium-cice.readthedocs.io/en/main/search.html?q=f_dvidtt"", ""f_dvidtt"")",md,md,md
*,"=HYPERLINK(""https://cice-consortium-cice.readthedocs.io/en/main/search.html?q=icefields_nml"", ""&icefields_nml"")","=HYPERLINK(""https://cice-consortium-cice.readthedocs.io/en/main/search.html?q=f_dxt"", ""f_dxt"")",,,True
*,"=HYPERLINK(""https://cice-consortium-cice.readthedocs.io/en/main/search.html?q=icefields_nml"", ""&icefields_nml"")","=HYPERLINK(""https://cice-consortium-cice.readthedocs.io/en/main/search.html?q=f_dxu"", ""f_dxu"")",,,True
*,"=HYPERLINK(""https://cice-consortium-cice.readthedocs.io/en/main/search.html?q=icefields_nml"", ""&icefields_nml"")","=HYPERLINK(""https://cice-consortium-cice.readthedocs.io/en/main/search.html?q=f_dyt"", ""f_dyt"")",,,True
*,"=HYPERLINK(""https://cice-consortium-cice.readthedocs.io/en/main/search.html?q=icefields_nml"", ""&icefields_nml"")","=HYPERLINK(""https://cice-consortium-cice.readthedocs.io/en/main/search.html?q=f_dyu"", ""f_dyu"")",,,True
,"=HYPERLINK(""https://cice-consortium-cice.readthedocs.io/en/main/search.html?q=icefields_nml"", ""&icefields_nml"")","=HYPERLINK(""https://cice-consortium-cice.readthedocs.io/en/main/search.html?q=f_evap"", ""f_evap"")",x,x,x
*,"=HYPERLINK(""https://cice-consortium-cice.readthedocs.io/en/main/search.html?q=icefields_nml"", ""&icefields_nml"")","=HYPERLINK(""https://cice-consortium-cice.readthedocs.io/en/main/search.html?q=f_evap_ai"", ""f_evap_ai"")",,,m
*,"=HYPERLINK(""https://cice-consortium-cice.readthedocs.io/en/main/search.html?q=icefields_nml"", ""&icefields_nml"")","=HYPERLINK(""https://cice-consortium-cice.readthedocs.io/en/main/search.html?q=f_fbot"", ""f_fbot"")",x,x,
*,"=HYPERLINK(""https://cice-consortium-cice.readthedocs.io/en/main/search.html?q=icefields_nml"", ""&icefields_nml"")","=HYPERLINK(""https://cice-consortium-cice.readthedocs.io/en/main/search.html?q=f_fcondtop_ai"", ""f_fcondtop_ai"")",,,m
,"=HYPERLINK(""https://cice-consortium-cice.readthedocs.io/en/main/search.html?q=icefields_nml"", ""&icefields_nml"")","=HYPERLINK(""https://cice-consortium-cice.readthedocs.io/en/main/search.html?q=f_fcondtopn_ai"", ""f_fcondtopn_ai"")",m,m,m
,"=HYPERLINK(""https://cice-consortium-cice.readthedocs.io/en/main/search.html?q=icefields_nml"", ""&icefields_nml"")","=HYPERLINK(""https://cice-consortium-cice.readthedocs.io/en/main/search.html?q=f_fhocn"", ""f_fhocn"")",x,x,x
*,"=HYPERLINK(""https://cice-consortium-cice.readthedocs.io/en/main/search.html?q=icefields_nml"", ""&icefields_nml"")","=HYPERLINK(""https://cice-consortium-cice.readthedocs.io/en/main/search.html?q=f_fhocn_ai"", ""f_fhocn_ai"")",,,m
,"=HYPERLINK(""https://cice-consortium-cice.readthedocs.io/en/main/search.html?q=icefields_nml"", ""&icefields_nml"")","=HYPERLINK(""https://cice-consortium-cice.readthedocs.io/en/main/search.html?q=f_flat"", ""f_flat"")",x,x,x
*,"=HYPERLINK(""https://cice-consortium-cice.readthedocs.io/en/main/search.html?q=icefields_nml"", ""&icefields_nml"")","=HYPERLINK(""https://cice-consortium-cice.readthedocs.io/en/main/search.html?q=f_flat_ai"", ""f_flat_ai"")",,,m
,"=HYPERLINK(""https://cice-consortium-cice.readthedocs.io/en/main/search.html?q=icefields_nml"", ""&icefields_nml"")","=HYPERLINK(""https://cice-consortium-cice.readthedocs.io/en/main/search.html?q=f_flatn_ai"", ""f_flatn_ai"")",m,m,m
*,"=HYPERLINK(""https://cice-consortium-cice.readthedocs.io/en/main/search.html?q=icefields_nml"", ""&icefields_nml"")","=HYPERLINK(""https://cice-consortium-cice.readthedocs.io/en/main/search.html?q=f_flwdn"", ""f_flwdn"")",,,m
,"=HYPERLINK(""https://cice-consortium-cice.readthedocs.io/en/main/search.html?q=icefields_nml"", ""&icefields_nml"")","=HYPERLINK(""https://cice-consortium-cice.readthedocs.io/en/main/search.html?q=f_flwup"", ""f_flwup"")",x,x,x
*,"=HYPERLINK(""https://cice-consortium-cice.readthedocs.io/en/main/search.html?q=icefields_nml"", ""&icefields_nml"")","=HYPERLINK(""https://cice-consortium-cice.readthedocs.io/en/main/search.html?q=f_flwup_ai"", ""f_flwup_ai"")",,,m
*,"=HYPERLINK(""https://cice-consortium-cice.readthedocs.io/en/main/search.html?q=icefields_nml"", ""&icefields_nml"")","=HYPERLINK(""https://cice-consortium-cice.readthedocs.io/en/main/search.html?q=f_fmeltt_ai"", ""f_fmeltt_ai"")",,,m
,"=HYPERLINK(""https://cice-consortium-cice.readthedocs.io/en/main/search.html?q=icefields_nml"", ""&icefields_nml"")","=HYPERLINK(""https://cice-consortium-cice.readthedocs.io/en/main/search.html?q=f_fmelttn_ai"", ""f_fmelttn_ai"")",m,m,m
,"=HYPERLINK(""https://cice-consortium-cice.readthedocs.io/en/main/search.html?q=icefields_nml"", ""&icefields_nml"")","=HYPERLINK(""https://cice-consortium-cice.readthedocs.io/en/main/search.html?q=f_frazil"", ""f_frazil"")",md,md,md
,"=HYPERLINK(""https://cice-consortium-cice.readthedocs.io/en/main/search.html?q=icefields_nml"", ""&icefields_nml"")","=HYPERLINK(""https://cice-consortium-cice.readthedocs.io/en/main/search.html?q=f_fresh"", ""f_fresh"")",x,x,x
*,"=HYPERLINK(""https://cice-consortium-cice.readthedocs.io/en/main/search.html?q=icefields_nml"", ""&icefields_nml"")","=HYPERLINK(""https://cice-consortium-cice.readthedocs.io/en/main/search.html?q=f_fresh_ai"", ""f_fresh_ai"")",,,m
,"=HYPERLINK(""https://cice-consortium-cice.readthedocs.io/en/main/search.html?q=icefields_nml"", ""&icefields_nml"")","=HYPERLINK(""https://cice-consortium-cice.readthedocs.io/en/main/search.html?q=f_frz_onset"", ""f_frz_onset"")",x,x,x
,"=HYPERLINK(""https://cice-consortium-cice.readthedocs.io/en/main/search.html?q=icefields_nml"", ""&icefields_nml"")","=HYPERLINK(""https://cice-consortium-cice.readthedocs.io/en/main/search.html?q=f_frzmlt"", ""f_frzmlt"")",md,md,md
*,"=HYPERLINK(""https://cice-consortium-cice.readthedocs.io/en/main/search.html?q=icefields_nml"", ""&icefields_nml"")","=HYPERLINK(""https://cice-consortium-cice.readthedocs.io/en/main/search.html?q=f_fsalt"", ""f_fsalt"")",,,m
*,"=HYPERLINK(""https://cice-consortium-cice.readthedocs.io/en/main/search.html?q=icefields_nml"", ""&icefields_nml"")","=HYPERLINK(""https://cice-consortium-cice.readthedocs.io/en/main/search.html?q=f_fsalt_ai"", ""f_fsalt_ai"")",,,m
,"=HYPERLINK(""https://cice-consortium-cice.readthedocs.io/en/main/search.html?q=icefields_nml"", ""&icefields_nml"")","=HYPERLINK(""https://cice-consortium-cice.readthedocs.io/en/main/search.html?q=f_fsens"", ""f_fsens"")",x,x,x
,"=HYPERLINK(""https://cice-consortium-cice.readthedocs.io/en/main/search.html?q=icefields_nml"", ""&icefields_nml"")","=HYPERLINK(""https://cice-consortium-cice.readthedocs.io/en/main/search.html?q=f_fsens_ai"", ""f_fsens_ai"")",m,m,m
*,"=HYPERLINK(""https://cice-consortium-cice.readthedocs.io/en/main/search.html?q=icefields_nml"", ""&icefields_nml"")","=HYPERLINK(""https://cice-consortium-cice.readthedocs.io/en/main/search.html?q=f_fsensn_ai"", ""f_fsensn_ai"")",m,m,
,"=HYPERLINK(""https://cice-consortium-cice.readthedocs.io/en/main/search.html?q=icefields_nml"", ""&icefields_nml"")","=HYPERLINK(""https://cice-consortium-cice.readthedocs.io/en/main/search.html?q=f_fsurf_ai"", ""f_fsurf_ai"")",x,x,x
,"=HYPERLINK(""https://cice-consortium-cice.readthedocs.io/en/main/search.html?q=icefields_nml"", ""&icefields_nml"")","=HYPERLINK(""https://cice-consortium-cice.readthedocs.io/en/main/search.html?q=f_fsurfn_ai"", ""f_fsurfn_ai"")",m,m,m
,"=HYPERLINK(""https://cice-consortium-cice.readthedocs.io/en/main/search.html?q=icefields_nml"", ""&icefields_nml"")","=HYPERLINK(""https://cice-consortium-cice.readthedocs.io/en/main/search.html?q=f_fswabs"", ""f_fswabs"")",x,x,x
*,"=HYPERLINK(""https://cice-consortium-cice.readthedocs.io/en/main/search.html?q=icefields_nml"", ""&icefields_nml"")","=HYPERLINK(""https://cice-consortium-cice.readthedocs.io/en/main/search.html?q=f_fswabs_ai"", ""f_fswabs_ai"")",,,m
*,"=HYPERLINK(""https://cice-consortium-cice.readthedocs.io/en/main/search.html?q=icefields_nml"", ""&icefields_nml"")","=HYPERLINK(""https://cice-consortium-cice.readthedocs.io/en/main/search.html?q=f_fswdn"", ""f_fswdn"")",,,m
*,"=HYPERLINK(""https://cice-consortium-cice.readthedocs.io/en/main/search.html?q=icefields_nml"", ""&icefields_nml"")","=HYPERLINK(""https://cice-consortium-cice.readthedocs.io/en/main/search.html?q=f_fswfac"", ""f_fswfac"")",,,m
,"=HYPERLINK(""https://cice-consortium-cice.readthedocs.io/en/main/search.html?q=icefields_nml"", ""&icefields_nml"")","=HYPERLINK(""https://cice-consortium-cice.readthedocs.io/en/main/search.html?q=f_fswthru"", ""f_fswthru"")",x,x,x
*,"=HYPERLINK(""https://cice-consortium-cice.readthedocs.io/en/main/search.html?q=icefields_nml"", ""&icefields_nml"")","=HYPERLINK(""https://cice-consortium-cice.readthedocs.io/en/main/search.html?q=f_fswthru_ai"", ""f_fswthru_ai"")",,,m
*,"=HYPERLINK(""https://cice-consortium-cice.readthedocs.io/en/main/search.html?q=icefields_nml"", ""&icefields_nml"")","=HYPERLINK(""https://cice-consortium-cice.readthedocs.io/en/main/search.html?q=f_fswup"", ""f_fswup"")",,,m
*,"=HYPERLINK(""https://cice-consortium-cice.readthedocs.io/en/main/search.html?q=icefields_nml"", ""&icefields_nml"")","=HYPERLINK(""https://cice-consortium-cice.readthedocs.io/en/main/search.html?q=f_fy"", ""f_fy"")",,,x
,"=HYPERLINK(""https://cice-consortium-cice.readthedocs.io/en/main/search.html?q=icefields_nml"", ""&icefields_nml"")","=HYPERLINK(""https://cice-consortium-cice.readthedocs.io/en/main/search.html?q=f_hi"", ""f_hi"")",md,md,md
,"=HYPERLINK(""https://cice-consortium-cice.readthedocs.io/en/main/search.html?q=icefields_nml"", ""&icefields_nml"")","=HYPERLINK(""https://cice-consortium-cice.readthedocs.io/en/main/search.html?q=f_hisnap"", ""f_hisnap"")",x,x,x
,"=HYPERLINK(""https://cice-consortium-cice.readthedocs.io/en/main/search.html?q=icefields_nml"", ""&icefields_nml"")","=HYPERLINK(""https://cice-consortium-cice.readthedocs.io/en/main/search.html?q=f_hs"", ""f_hs"")",md,md,md
*,"=HYPERLINK(""https://cice-consortium-cice.readthedocs.io/en/main/search.html?q=icefields_nml"", ""&icefields_nml"")","=HYPERLINK(""https://cice-consortium-cice.readthedocs.io/en/main/search.html?q=f_hte"", ""f_hte"")",,,True
*,"=HYPERLINK(""https://cice-consortium-cice.readthedocs.io/en/main/search.html?q=icefields_nml"", ""&icefields_nml"")","=HYPERLINK(""https://cice-consortium-cice.readthedocs.io/en/main/search.html?q=f_htn"", ""f_htn"")",,,True
*,"=HYPERLINK(""https://cice-consortium-cice.readthedocs.io/en/main/search.html?q=icefields_nml"", ""&icefields_nml"")","=HYPERLINK(""https://cice-consortium-cice.readthedocs.io/en/main/search.html?q=f_iage"", ""f_iage"")",,,m
*,"=HYPERLINK(""https://cice-consortium-cice.readthedocs.io/en/main/search.html?q=icefields_nml"", ""&icefields_nml"")","=HYPERLINK(""https://cice-consortium-cice.readthedocs.io/en/main/search.html?q=f_icedir"", ""f_icedir"")",x,x,
*,"=HYPERLINK(""https://cice-consortium-cice.readthedocs.io/en/main/search.html?q=icefields_nml"", ""&icefields_nml"")","=HYPERLINK(""https://cice-consortium-cice.readthedocs.io/en/main/search.html?q=f_icepresent"", ""f_icepresent"")",,,m
*,"=HYPERLINK(""https://cice-consortium-cice.readthedocs.io/en/main/search.html?q=icefields_nml"", ""&icefields_nml"")","=HYPERLINK(""https://cice-consortium-cice.readthedocs.io/en/main/search.html?q=f_icespd"", ""f_icespd"")",x,x,
*,"=HYPERLINK(""https://cice-consortium-cice.readthedocs.io/en/main/search.html?q=icefields_nml"", ""&icefields_nml"")","=HYPERLINK(""https://cice-consortium-cice.readthedocs.io/en/main/search.html?q=f_meltb"", ""f_meltb"")",,,m
*,"=HYPERLINK(""https://cice-consortium-cice.readthedocs.io/en/main/search.html?q=icefields_nml"", ""&icefields_nml"")","=HYPERLINK(""https://cice-consortium-cice.readthedocs.io/en/main/search.html?q=f_meltl"", ""f_meltl"")",,,m
*,"=HYPERLINK(""https://cice-consortium-cice.readthedocs.io/en/main/search.html?q=icefields_nml"", ""&icefields_nml"")","=HYPERLINK(""https://cice-consortium-cice.readthedocs.io/en/main/search.html?q=f_melts"", ""f_melts"")",,,m
*,"=HYPERLINK(""https://cice-consortium-cice.readthedocs.io/en/main/search.html?q=icefields_nml"", ""&icefields_nml"")","=HYPERLINK(""https://cice-consortium-cice.readthedocs.io/en/main/search.html?q=f_meltt"", ""f_meltt"")",,,m
,"=HYPERLINK(""https://cice-consortium-cice.readthedocs.io/en/main/search.html?q=icefields_nml"", ""&icefields_nml"")","=HYPERLINK(""https://cice-consortium-cice.readthedocs.io/en/main/search.html?q=f_mlt_onset"", ""f_mlt_onset"")",x,x,x
*,"=HYPERLINK(""https://cice-consortium-cice.readthedocs.io/en/main/search.html?q=icefields_nml"", ""&icefields_nml"")","=HYPERLINK(""https://cice-consortium-cice.readthedocs.io/en/main/search.html?q=f_ncat"", ""f_ncat"")",,,True
*,"=HYPERLINK(""https://cice-consortium-cice.readthedocs.io/en/main/search.html?q=icefields_nml"", ""&icefields_nml"")","=HYPERLINK(""https://cice-consortium-cice.readthedocs.io/en/main/search.html?q=f_ocndir"", ""f_ocndir"")",x,x,
*,"=HYPERLINK(""https://cice-consortium-cice.readthedocs.io/en/main/search.html?q=icefields_nml"", ""&icefields_nml"")","=HYPERLINK(""https://cice-consortium-cice.readthedocs.io/en/main/search.html?q=f_ocnspd"", ""f_ocnspd"")",x,x,
,"=HYPERLINK(""https://cice-consortium-cice.readthedocs.io/en/main/search.html?q=icefields_nml"", ""&icefields_nml"")","=HYPERLINK(""https://cice-consortium-cice.readthedocs.io/en/main/search.html?q=f_qref"", ""f_qref"")",x,x,x
,"=HYPERLINK(""https://cice-consortium-cice.readthedocs.io/en/main/search.html?q=icefields_nml"", ""&icefields_nml"")","=HYPERLINK(""https://cice-consortium-cice.readthedocs.io/en/main/search.html?q=f_rain"", ""f_rain"")",x,x,x
*,"=HYPERLINK(""https://cice-consortium-cice.readthedocs.io/en/main/search.html?q=icefields_nml"", ""&icefields_nml"")","=HYPERLINK(""https://cice-consortium-cice.readthedocs.io/en/main/search.html?q=f_rain_ai"", ""f_rain_ai"")",,,m
*,"=HYPERLINK(""https://cice-consortium-cice.readthedocs.io/en/main/search.html?q=icefields_nml"", ""&icefields_nml"")","=HYPERLINK(""https://cice-consortium-cice.readthedocs.io/en/main/search.html?q=f_shear"", ""f_shear"")",,,m
*,"=HYPERLINK(""https://cice-consortium-cice.readthedocs.io/en/main/search.html?q=icefields_nml"", ""&icefields_nml"")","=HYPERLINK(""https://cice-consortium-cice.readthedocs.io/en/main/search.html?q=f_sice"", ""f_sice"")",,,m
,"=HYPERLINK(""https://cice-consortium-cice.readthedocs.io/en/main/search.html?q=icefields_nml"", ""&icefields_nml"")","=HYPERLINK(""https://cice-consortium-cice.readthedocs.io/en/main/search.html?q=f_sig1"", ""f_sig1"")",x,x,x
,"=HYPERLINK(""https://cice-consortium-cice.readthedocs.io/en/main/search.html?q=icefields_nml"", ""&icefields_nml"")","=HYPERLINK(""https://cice-consortium-cice.readthedocs.io/en/main/search.html?q=f_sig2"", ""f_sig2"")",x,x,x
*,"=HYPERLINK(""https://cice-consortium-cice.readthedocs.io/en/main/search.html?q=icefields_nml"", ""&icefields_nml"")","=HYPERLINK(""https://cice-consortium-cice.readthedocs.io/en/main/search.html?q=f_sigp"", ""f_sigp"")",x,x,
*,"=HYPERLINK(""https://cice-consortium-cice.readthedocs.io/en/main/search.html?q=icefields_nml"", ""&icefields_nml"")","=HYPERLINK(""https://cice-consortium-cice.readthedocs.io/en/main/search.html?q=f_sinz"", ""f_sinz"")",,,x
,"=HYPERLINK(""https://cice-consortium-cice.readthedocs.io/en/main/search.html?q=icefields_nml"", ""&icefields_nml"")","=HYPERLINK(""https://cice-consortium-cice.readthedocs.io/en/main/search.html?q=f_snoice"", ""f_snoice"")",md,md,md
,"=HYPERLINK(""https://cice-consortium-cice.readthedocs.io/en/main/search.html?q=icefields_nml"", ""&icefields_nml"")","=HYPERLINK(""https://cice-consortium-cice.readthedocs.io/en/main/search.html?q=f_snow"", ""f_snow"")",x,x,x
*,"=HYPERLINK(""https://cice-consortium-cice.readthedocs.io/en/main/search.html?q=icefields_nml"", ""&icefields_nml"")","=HYPERLINK(""https://cice-consortium-cice.readthedocs.io/en/main/search.html?q=f_snow_ai"", ""f_snow_ai"")",,,m
,"=HYPERLINK(""https://cice-consortium-cice.readthedocs.io/en/main/search.html?q=icefields_nml"", ""&icefields_nml"")","=HYPERLINK(""https://cice-consortium-cice.readthedocs.io/en/main/search.html?q=f_sss"", ""f_sss"")",x,x,x
,"=HYPERLINK(""https://cice-consortium-cice.readthedocs.io/en/main/search.html?q=icefields_nml"", ""&icefields_nml"")","=HYPERLINK(""https://cice-consortium-cice.readthedocs.io/en/main/search.html?q=f_sst"", ""f_sst"")",x,x,x
*,"=HYPERLINK(""https://cice-consortium-cice.readthedocs.io/en/main/search.html?q=icefields_nml"", ""&icefields_nml"")","=HYPERLINK(""https://cice-consortium-cice.readthedocs.io/en/main/search.html?q=f_strairx"", ""f_strairx"")",,,m
*,"=HYPERLINK(""https://cice-consortium-cice.readthedocs.io/en/main/search.html?q=icefields_nml"", ""&icefields_nml"")","=HYPERLINK(""https://cice-consortium-cice.readthedocs.io/en/main/search.html?q=f_strairy"", ""f_strairy"")",,,m
*,"=HYPERLINK(""https://cice-consortium-cice.readthedocs.io/en/main/search.html?q=icefields_nml"", ""&icefields_nml"")","=HYPERLINK(""https://cice-consortium-cice.readthedocs.io/en/main/search.html?q=f_strcorx"", ""f_strcorx"")",,,m
*,"=HYPERLINK(""https://cice-consortium-cice.readthedocs.io/en/main/search.html?q=icefields_nml"", ""&icefields_nml"")","=HYPERLINK(""https://cice-consortium-cice.readthedocs.io/en/main/search.html?q=f_strcory"", ""f_strcory"")",,,m
*,"=HYPERLINK(""https://cice-consortium-cice.readthedocs.io/en/main/search.html?q=icefields_nml"", ""&icefields_nml"")","=HYPERLINK(""https://cice-consortium-cice.readthedocs.io/en/main/search.html?q=f_strength"", ""f_strength"")",,,m
*,"=HYPERLINK(""https://cice-consortium-cice.readthedocs.io/en/main/search.html?q=icefields_nml"", ""&icefields_nml"")","=HYPERLINK(""https://cice-consortium-cice.readthedocs.io/en/main/search.html?q=f_strintx"", ""f_strintx"")",,,m
*,"=HYPERLINK(""https://cice-consortium-cice.readthedocs.io/en/main/search.html?q=icefields_nml"", ""&icefields_nml"")","=HYPERLINK(""https://cice-consortium-cice.readthedocs.io/en/main/search.html?q=f_strinty"", ""f_strinty"")",,,m
*,"=HYPERLINK(""https://cice-consortium-cice.readthedocs.io/en/main/search.html?q=icefields_nml"", ""&icefields_nml"")","=HYPERLINK(""https://cice-consortium-cice.readthedocs.io/en/main/search.html?q=f_strocnx"", ""f_strocnx"")",,,m
*,"=HYPERLINK(""https://cice-consortium-cice.readthedocs.io/en/main/search.html?q=icefields_nml"", ""&icefields_nml"")","=HYPERLINK(""https://cice-consortium-cice.readthedocs.io/en/main/search.html?q=f_strocny"", ""f_strocny"")",,,m
*,"=HYPERLINK(""https://cice-consortium-cice.readthedocs.io/en/main/search.html?q=icefields_nml"", ""&icefields_nml"")","=HYPERLINK(""https://cice-consortium-cice.readthedocs.io/en/main/search.html?q=f_strtltx"", ""f_strtltx"")",,,m
*,"=HYPERLINK(""https://cice-consortium-cice.readthedocs.io/en/main/search.html?q=icefields_nml"", ""&icefields_nml"")","=HYPERLINK(""https://cice-consortium-cice.readthedocs.io/en/main/search.html?q=f_strtlty"", ""f_strtlty"")",,,m
*,"=HYPERLINK(""https://cice-consortium-cice.readthedocs.io/en/main/search.html?q=icefields_nml"", ""&icefields_nml"")","=HYPERLINK(""https://cice-consortium-cice.readthedocs.io/en/main/search.html?q=f_tair"", ""f_tair"")",,,m
*,"=HYPERLINK(""https://cice-consortium-cice.readthedocs.io/en/main/search.html?q=icefields_nml"", ""&icefields_nml"")","=HYPERLINK(""https://cice-consortium-cice.readthedocs.io/en/main/search.html?q=f_tarea"", ""f_tarea"")",,,True
*,"=HYPERLINK(""https://cice-consortium-cice.readthedocs.io/en/main/search.html?q=icefields_nml"", ""&icefields_nml"")","=HYPERLINK(""https://cice-consortium-cice.readthedocs.io/en/main/search.html?q=f_taubx"", ""f_taubx"")",x,x,
*,"=HYPERLINK(""https://cice-consortium-cice.readthedocs.io/en/main/search.html?q=icefields_nml"", ""&icefields_nml"")","=HYPERLINK(""https://cice-consortium-cice.readthedocs.io/en/main/search.html?q=f_tauby"", ""f_tauby"")",x,x,
*,"=HYPERLINK(""https://cice-consortium-cice.readthedocs.io/en/main/search.html?q=icefields_nml"", ""&icefields_nml"")","=HYPERLINK(""https://cice-consortium-cice.readthedocs.io/en/main/search.html?q=f_tinz"", ""f_tinz"")",,,x
*,"=HYPERLINK(""https://cice-consortium-cice.readthedocs.io/en/main/search.html?q=icefields_nml"", ""&icefields_nml"")","=HYPERLINK(""https://cice-consortium-cice.readthedocs.io/en/main/search.html?q=f_tmask"", ""f_tmask"")",,,True
,"=HYPERLINK(""https://cice-consortium-cice.readthedocs.io/en/main/search.html?q=icefields_nml"", ""&icefields_nml"")","=HYPERLINK(""https://cice-consortium-cice.readthedocs.io/en/main/search.html?q=f_tref"", ""f_tref"")",x,x,x
*,"=HYPERLINK(""https://cice-consortium-cice.readthedocs.io/en/main/search.html?q=icefields_nml"", ""&icefields_nml"")","=HYPERLINK(""https://cice-consortium-cice.readthedocs.io/en/main/search.html?q=f_trsig"", ""f_trsig"")",,,m
*,"=HYPERLINK(""https://cice-consortium-cice.readthedocs.io/en/main/search.html?q=icefields_nml"", ""&icefields_nml"")","=HYPERLINK(""https://cice-consortium-cice.readthedocs.io/en/main/search.html?q=f_tsfc"", ""f_tsfc"")",,,m
*,"=HYPERLINK(""https://cice-consortium-cice.readthedocs.io/en/main/search.html?q=icefields_nml"", ""&icefields_nml"")","=HYPERLINK(""https://cice-consortium-cice.readthedocs.io/en/main/search.html?q=f_tsnz"", ""f_tsnz"")",,,x
*,"=HYPERLINK(""https://cice-consortium-cice.readthedocs.io/en/main/search.html?q=icefields_nml"", ""&icefields_nml"")","=HYPERLINK(""https://cice-consortium-cice.readthedocs.io/en/main/search.html?q=f_uarea"", ""f_uarea"")",,,True
*,"=HYPERLINK(""https://cice-consortium-cice.readthedocs.io/en/main/search.html?q=icefields_nml"", ""&icefields_nml"")","=HYPERLINK(""https://cice-consortium-cice.readthedocs.io/en/main/search.html?q=f_uatm"", ""f_uatm"")",,,x
,"=HYPERLINK(""https://cice-consortium-cice.readthedocs.io/en/main/search.html?q=icefields_nml"", ""&icefields_nml"")","=HYPERLINK(""https://cice-consortium-cice.readthedocs.io/en/main/search.html?q=f_uocn"", ""f_uocn"")",x,x,x
,"=HYPERLINK(""https://cice-consortium-cice.readthedocs.io/en/main/search.html?q=icefields_nml"", ""&icefields_nml"")","=HYPERLINK(""https://cice-consortium-cice.readthedocs.io/en/main/search.html?q=f_uvel"", ""f_uvel"")",md,md,md
*,"=HYPERLINK(""https://cice-consortium-cice.readthedocs.io/en/main/search.html?q=icefields_nml"", ""&icefields_nml"")","=HYPERLINK(""https://cice-consortium-cice.readthedocs.io/en/main/search.html?q=f_vatm"", ""f_vatm"")",,,x
*,"=HYPERLINK(""https://cice-consortium-cice.readthedocs.io/en/main/search.html?q=icefields_nml"", ""&icefields_nml"")","=HYPERLINK(""https://cice-consortium-cice.readthedocs.io/en/main/search.html?q=f_vgrdb"", ""f_vgrdb"")",,,False
*,"=HYPERLINK(""https://cice-consortium-cice.readthedocs.io/en/main/search.html?q=icefields_nml"", ""&icefields_nml"")","=HYPERLINK(""https://cice-consortium-cice.readthedocs.io/en/main/search.html?q=f_vgrdi"", ""f_vgrdi"")",,,False
*,"=HYPERLINK(""https://cice-consortium-cice.readthedocs.io/en/main/search.html?q=icefields_nml"", ""&icefields_nml"")","=HYPERLINK(""https://cice-consortium-cice.readthedocs.io/en/main/search.html?q=f_vgrds"", ""f_vgrds"")",,,False
,"=HYPERLINK(""https://cice-consortium-cice.readthedocs.io/en/main/search.html?q=icefields_nml"", ""&icefields_nml"")","=HYPERLINK(""https://cice-consortium-cice.readthedocs.io/en/main/search.html?q=f_vicen"", ""f_vicen"")",m,m,m
,"=HYPERLINK(""https://cice-consortium-cice.readthedocs.io/en/main/search.html?q=icefields_nml"", ""&icefields_nml"")","=HYPERLINK(""https://cice-consortium-cice.readthedocs.io/en/main/search.html?q=f_vocn"", ""f_vocn"")",x,x,x
,"=HYPERLINK(""https://cice-consortium-cice.readthedocs.io/en/main/search.html?q=icefields_nml"", ""&icefields_nml"")","=HYPERLINK(""https://cice-consortium-cice.readthedocs.io/en/main/search.html?q=f_vvel"", ""f_vvel"")",md,md,md
*,"=HYPERLINK(""https://cice-consortium-cice.readthedocs.io/en/main/search.html?q=icefields_pond_nml"", ""&icefields_pond_nml"")","=HYPERLINK(""https://cice-consortium-cice.readthedocs.io/en/main/search.html?q=f_apeff"", ""f_apeff"")",,,x
*,"=HYPERLINK(""https://cice-consortium-cice.readthedocs.io/en/main/search.html?q=icefields_pond_nml"", ""&icefields_pond_nml"")","=HYPERLINK(""https://cice-consortium-cice.readthedocs.io/en/main/search.html?q=f_apeff_ai"", ""f_apeff_ai"")",,,x
*,"=HYPERLINK(""https://cice-consortium-cice.readthedocs.io/en/main/search.html?q=icefields_pond_nml"", ""&icefields_pond_nml"")","=HYPERLINK(""https://cice-consortium-cice.readthedocs.io/en/main/search.html?q=f_apeffn"", ""f_apeffn"")",,,x
*,"=HYPERLINK(""https://cice-consortium-cice.readthedocs.io/en/main/search.html?q=icefields_pond_nml"", ""&icefields_pond_nml"")","=HYPERLINK(""https://cice-consortium-cice.readthedocs.io/en/main/search.html?q=f_apond"", ""f_apond"")",,,x
*,"=HYPERLINK(""https://cice-consortium-cice.readthedocs.io/en/main/search.html?q=icefields_pond_nml"", ""&icefields_pond_nml"")","=HYPERLINK(""https://cice-consortium-cice.readthedocs.io/en/main/search.html?q=f_apond_ai"", ""f_apond_ai"")",,,x
*,"=HYPERLINK(""https://cice-consortium-cice.readthedocs.io/en/main/search.html?q=icefields_pond_nml"", ""&icefields_pond_nml"")","=HYPERLINK(""https://cice-consortium-cice.readthedocs.io/en/main/search.html?q=f_apondn"", ""f_apondn"")",,,x
*,"=HYPERLINK(""https://cice-consortium-cice.readthedocs.io/en/main/search.html?q=icefields_pond_nml"", ""&icefields_pond_nml"")","=HYPERLINK(""https://cice-consortium-cice.readthedocs.io/en/main/search.html?q=f_hpond"", ""f_hpond"")",,,x
*,"=HYPERLINK(""https://cice-consortium-cice.readthedocs.io/en/main/search.html?q=icefields_pond_nml"", ""&icefields_pond_nml"")","=HYPERLINK(""https://cice-consortium-cice.readthedocs.io/en/main/search.html?q=f_hpond_ai"", ""f_hpond_ai"")",,,x
*,"=HYPERLINK(""https://cice-consortium-cice.readthedocs.io/en/main/search.html?q=icefields_pond_nml"", ""&icefields_pond_nml"")","=HYPERLINK(""https://cice-consortium-cice.readthedocs.io/en/main/search.html?q=f_hpondn"", ""f_hpondn"")",,,x
*,"=HYPERLINK(""https://cice-consortium-cice.readthedocs.io/en/main/search.html?q=icefields_pond_nml"", ""&icefields_pond_nml"")","=HYPERLINK(""https://cice-consortium-cice.readthedocs.io/en/main/search.html?q=f_ipond"", ""f_ipond"")",,,x
*,"=HYPERLINK(""https://cice-consortium-cice.readthedocs.io/en/main/search.html?q=icefields_pond_nml"", ""&icefields_pond_nml"")","=HYPERLINK(""https://cice-consortium-cice.readthedocs.io/en/main/search.html?q=f_ipond_ai"", ""f_ipond_ai"")",,,x
*,"=HYPERLINK(""https://cice-consortium-cice.readthedocs.io/en/main/search.html?q=icefields_snow_nml"", ""&icefields_snow_nml"")","=HYPERLINK(""https://cice-consortium-cice.readthedocs.io/en/main/search.html?q=f_fsloss"", ""f_fsloss"")",m,m,
*,"=HYPERLINK(""https://cice-consortium-cice.readthedocs.io/en/main/search.html?q=icefields_snow_nml"", ""&icefields_snow_nml"")","=HYPERLINK(""https://cice-consortium-cice.readthedocs.io/en/main/search.html?q=f_meltsliq"", ""f_meltsliq"")",m,m,
*,"=HYPERLINK(""https://cice-consortium-cice.readthedocs.io/en/main/search.html?q=icefields_snow_nml"", ""&icefields_snow_nml"")","=HYPERLINK(""https://cice-consortium-cice.readthedocs.io/en/main/search.html?q=f_rhos_cmp"", ""f_rhos_cmp"")",m,m,
*,"=HYPERLINK(""https://cice-consortium-cice.readthedocs.io/en/main/search.html?q=icefields_snow_nml"", ""&icefields_snow_nml"")","=HYPERLINK(""https://cice-consortium-cice.readthedocs.io/en/main/search.html?q=f_rhos_cnt"", ""f_rhos_cnt"")",m,m,
*,"=HYPERLINK(""https://cice-consortium-cice.readthedocs.io/en/main/search.html?q=icefields_snow_nml"", ""&icefields_snow_nml"")","=HYPERLINK(""https://cice-consortium-cice.readthedocs.io/en/main/search.html?q=f_rsnw"", ""f_rsnw"")",m,m,
*,"=HYPERLINK(""https://cice-consortium-cice.readthedocs.io/en/main/search.html?q=icefields_snow_nml"", ""&icefields_snow_nml"")","=HYPERLINK(""https://cice-consortium-cice.readthedocs.io/en/main/search.html?q=f_smassice"", ""f_smassice"")",m,m,
*,"=HYPERLINK(""https://cice-consortium-cice.readthedocs.io/en/main/search.html?q=icefields_snow_nml"", ""&icefields_snow_nml"")","=HYPERLINK(""https://cice-consortium-cice.readthedocs.io/en/main/search.html?q=f_smassliq"", ""f_smassliq"")",m,m,
,"=HYPERLINK(""https://cice-consortium-cice.readthedocs.io/en/main/search.html?q=ponds_nml"", ""&ponds_nml"")","=HYPERLINK(""https://cice-consortium-cice.readthedocs.io/en/main/search.html?q=dpscale"", ""dpscale"")",0.001,0.001,0.001
,"=HYPERLINK(""https://cice-consortium-cice.readthedocs.io/en/main/search.html?q=ponds_nml"", ""&ponds_nml"")","=HYPERLINK(""https://cice-consortium-cice.readthedocs.io/en/main/search.html?q=frzpnd"", ""frzpnd"")",hlid,hlid,hlid
*,"=HYPERLINK(""https://cice-consortium-cice.readthedocs.io/en/main/search.html?q=ponds_nml"", ""&ponds_nml"")","=HYPERLINK(""https://cice-consortium-cice.readthedocs.io/en/main/search.html?q=hp1"", ""hp1"")",,,0.01
*,"=HYPERLINK(""https://cice-consortium-cice.readthedocs.io/en/main/search.html?q=ponds_nml"", ""&ponds_nml"")","=HYPERLINK(""https://cice-consortium-cice.readthedocs.io/en/main/search.html?q=hs0"", ""hs0"")",,,0.0
*,"=HYPERLINK(""https://cice-consortium-cice.readthedocs.io/en/main/search.html?q=ponds_nml"", ""&ponds_nml"")","=HYPERLINK(""https://cice-consortium-cice.readthedocs.io/en/main/search.html?q=hs1"", ""hs1"")",,,0.03
*,"=HYPERLINK(""https://cice-consortium-cice.readthedocs.io/en/main/search.html?q=ponds_nml"", ""&ponds_nml"")","=HYPERLINK(""https://cice-consortium-cice.readthedocs.io/en/main/search.html?q=pndaspect"", ""pndaspect"")",,,0.8
,"=HYPERLINK(""https://cice-consortium-cice.readthedocs.io/en/main/search.html?q=ponds_nml"", ""&ponds_nml"")","=HYPERLINK(""https://cice-consortium-cice.readthedocs.io/en/main/search.html?q=rfracmax"", ""rfracmax"")",1.0,1.0,1.0
*,"=HYPERLINK(""https://cice-consortium-cice.readthedocs.io/en/main/search.html?q=ponds_nml"", ""&ponds_nml"")","=HYPERLINK(""https://cice-consortium-cice.readthedocs.io/en/main/search.html?q=rfracmin"", ""rfracmin"")",,,0.15
*,"=HYPERLINK(""https://cice-consortium-cice.readthedocs.io/en/main/search.html?q=setup_nml"", ""&setup_nml"")","=HYPERLINK(""https://cice-consortium-cice.readthedocs.io/en/main/search.html?q=bfbflag"", ""bfbflag"")",off,off,
*,"=HYPERLINK(""https://cice-consortium-cice.readthedocs.io/en/main/search.html?q=setup_nml"", ""&setup_nml"")","=HYPERLINK(""https://cice-consortium-cice.readthedocs.io/en/main/search.html?q=conserv_check"", ""conserv_check"")",False,False,
*,"=HYPERLINK(""https://cice-consortium-cice.readthedocs.io/en/main/search.html?q=setup_nml"", ""&setup_nml"")","=HYPERLINK(""https://cice-consortium-cice.readthedocs.io/en/main/search.html?q=days_per_year"", ""days_per_year"")",,,365
*,"=HYPERLINK(""https://cice-consortium-cice.readthedocs.io/en/main/search.html?q=setup_nml"", ""&setup_nml"")","=HYPERLINK(""https://cice-consortium-cice.readthedocs.io/en/main/search.html?q=dbug"", ""dbug"")",,,False
*,"=HYPERLINK(""https://cice-consortium-cice.readthedocs.io/en/main/search.html?q=setup_nml"", ""&setup_nml"")","=HYPERLINK(""https://cice-consortium-cice.readthedocs.io/en/main/search.html?q=debug_forcing"", ""debug_forcing"")",True,True,
*,"=HYPERLINK(""https://cice-consortium-cice.readthedocs.io/en/main/search.html?q=setup_nml"", ""&setup_nml"")","=HYPERLINK(""https://cice-consortium-cice.readthedocs.io/en/main/search.html?q=debug_model"", ""debug_model"")",True,True,
*,"=HYPERLINK(""https://cice-consortium-cice.readthedocs.io/en/main/search.html?q=setup_nml"", ""&setup_nml"")","=HYPERLINK(""https://cice-consortium-cice.readthedocs.io/en/main/search.html?q=diag_file"", ""diag_file"")",,,ice_diag.d
*,"=HYPERLINK(""https://cice-consortium-cice.readthedocs.io/en/main/search.html?q=setup_nml"", ""&setup_nml"")","=HYPERLINK(""https://cice-consortium-cice.readthedocs.io/en/main/search.html?q=diag_type"", ""diag_type"")",,,file
,"=HYPERLINK(""https://cice-consortium-cice.readthedocs.io/en/main/search.html?q=setup_nml"", ""&setup_nml"")","=HYPERLINK(""https://cice-consortium-cice.readthedocs.io/en/main/search.html?q=diagfreq"", ""diagfreq"")",960,960,960
*,"=HYPERLINK(""https://cice-consortium-cice.readthedocs.io/en/main/search.html?q=setup_nml"", ""&setup_nml"")","=HYPERLINK(""https://cice-consortium-cice.readthedocs.io/en/main/search.html?q=dt"", ""dt"")",,,1800
,"=HYPERLINK(""https://cice-consortium-cice.readthedocs.io/en/main/search.html?q=setup_nml"", ""&setup_nml"")","=HYPERLINK(""https://cice-consortium-cice.readthedocs.io/en/main/search.html?q=dump_last"", ""dump_last"")",True,True,True
,"=HYPERLINK(""https://cice-consortium-cice.readthedocs.io/en/main/search.html?q=setup_nml"", ""&setup_nml"")","=HYPERLINK(""https://cice-consortium-cice.readthedocs.io/en/main/search.html?q=dumpfreq"", ""dumpfreq"")",y,y,y
*,"=HYPERLINK(""https://cice-consortium-cice.readthedocs.io/en/main/search.html?q=setup_nml"", ""&setup_nml"")","=HYPERLINK(""https://cice-consortium-cice.readthedocs.io/en/main/search.html?q=dumpfreq_n"", ""dumpfreq_n"")",,,1
*,"=HYPERLINK(""https://cice-consortium-cice.readthedocs.io/en/main/search.html?q=setup_nml"", ""&setup_nml"")","=HYPERLINK(""https://cice-consortium-cice.readthedocs.io/en/main/search.html?q=hist_avg"", ""hist_avg"")",,,True
,"=HYPERLINK(""https://cice-consortium-cice.readthedocs.io/en/main/search.html?q=setup_nml"", ""&setup_nml"")","=HYPERLINK(""https://cice-consortium-cice.readthedocs.io/en/main/search.html?q=histfreq"", ""histfreq"")","['d', 'm', 'x', 'x', 'x']","['d', 'm', 'x', 'x', 'x']","['d', 'm', 'x', 'x', 'x']"
*,"=HYPERLINK(""https://cice-consortium-cice.readthedocs.io/en/main/search.html?q=setup_nml"", ""&setup_nml"")","=HYPERLINK(""https://cice-consortium-cice.readthedocs.io/en/main/search.html?q=histfreq_n"", ""histfreq_n"")",,,"[1, 1, 1, 1, 1]"
*,"=HYPERLINK(""https://cice-consortium-cice.readthedocs.io/en/main/search.html?q=setup_nml"", ""&setup_nml"")","=HYPERLINK(""https://cice-consortium-cice.readthedocs.io/en/main/search.html?q=history_chunksize_x"", ""history_chunksize_x"")",,,720
*,"=HYPERLINK(""https://cice-consortium-cice.readthedocs.io/en/main/search.html?q=setup_nml"", ""&setup_nml"")","=HYPERLINK(""https://cice-consortium-cice.readthedocs.io/en/main/search.html?q=history_chunksize_y"", ""history_chunksize_y"")",,,540
*,"=HYPERLINK(""https://cice-consortium-cice.readthedocs.io/en/main/search.html?q=setup_nml"", ""&setup_nml"")","=HYPERLINK(""https://cice-consortium-cice.readthedocs.io/en/main/search.html?q=history_deflate_level"", ""history_deflate_level"")",,,1
*,"=HYPERLINK(""https://cice-consortium-cice.readthedocs.io/en/main/search.html?q=setup_nml"", ""&setup_nml"")","=HYPERLINK(""https://cice-consortium-cice.readthedocs.io/en/main/search.html?q=history_dir"", ""history_dir"")",,,./OUTPUT/
*,"=HYPERLINK(""https://cice-consortium-cice.readthedocs.io/en/main/search.html?q=setup_nml"", ""&setup_nml"")","=HYPERLINK(""https://cice-consortium-cice.readthedocs.io/en/main/search.html?q=history_file"", ""history_file"")",,,iceh
*,"=HYPERLINK(""https://cice-consortium-cice.readthedocs.io/en/main/search.html?q=setup_nml"", ""&setup_nml"")","=HYPERLINK(""https://cice-consortium-cice.readthedocs.io/en/main/search.html?q=history_precision"", ""history_precision"")",8,8,
*,"=HYPERLINK(""https://cice-consortium-cice.readthedocs.io/en/main/search.html?q=setup_nml"", ""&setup_nml"")","=HYPERLINK(""https://cice-consortium-cice.readthedocs.io/en/main/search.html?q=ice_ic"", ""ice_ic"")",./input/iced.1900-01-01-10800.nc,default,default
*,"=HYPERLINK(""https://cice-consortium-cice.readthedocs.io/en/main/search.html?q=setup_nml"", ""&setup_nml"")","=HYPERLINK(""https://cice-consortium-cice.readthedocs.io/en/main/search.html?q=incond_dir"", ""incond_dir"")",,,./OUTPUT/
*,"=HYPERLINK(""https://cice-consortium-cice.readthedocs.io/en/main/search.html?q=setup_nml"", ""&setup_nml"")","=HYPERLINK(""https://cice-consortium-cice.readthedocs.io/en/main/search.html?q=incond_file"", ""incond_file"")",,,iceh_ic
*,"=HYPERLINK(""https://cice-consortium-cice.readthedocs.io/en/main/search.html?q=setup_nml"", ""&setup_nml"")","=HYPERLINK(""https://cice-consortium-cice.readthedocs.io/en/main/search.html?q=istep0"", ""istep0"")",,,0
*,"=HYPERLINK(""https://cice-consortium-cice.readthedocs.io/en/main/search.html?q=setup_nml"", ""&setup_nml"")","=HYPERLINK(""https://cice-consortium-cice.readthedocs.io/en/main/search.html?q=latpnt"", ""latpnt"")",,,"[90.0, -65.0]"
*,"=HYPERLINK(""https://cice-consortium-cice.readthedocs.io/en/main/search.html?q=setup_nml"", ""&setup_nml"")","=HYPERLINK(""https://cice-consortium-cice.readthedocs.io/en/main/search.html?q=lcdf64"", ""lcdf64"")",False,False,
*,"=HYPERLINK(""https://cice-consortium-cice.readthedocs.io/en/main/search.html?q=setup_nml"", ""&setup_nml"")","=HYPERLINK(""https://cice-consortium-cice.readthedocs.io/en/main/search.html?q=lonpnt"", ""lonpnt"")",,,"[0.0, -45.0]"
*,"=HYPERLINK(""https://cice-consortium-cice.readthedocs.io/en/main/search.html?q=setup_nml"", ""&setup_nml"")","=HYPERLINK(""https://cice-consortium-cice.readthedocs.io/en/main/search.html?q=ndtd"", ""ndtd"")",,,1
*,"=HYPERLINK(""https://cice-consortium-cice.readthedocs.io/en/main/search.html?q=setup_nml"", ""&setup_nml"")","=HYPERLINK(""https://cice-consortium-cice.readthedocs.io/en/main/search.html?q=npt"", ""npt"")",35040,35040,2232
*,"=HYPERLINK(""https://cice-consortium-cice.readthedocs.io/en/main/search.html?q=setup_nml"", ""&setup_nml"")","=HYPERLINK(""https://cice-consortium-cice.readthedocs.io/en/main/search.html?q=pointer_file"", ""pointer_file"")",./rpointer.ice,./rpointer.ice,./RESTART/ice.restart_file
,"=HYPERLINK(""https://cice-consortium-cice.readthedocs.io/en/main/search.html?q=setup_nml"", ""&setup_nml"")","=HYPERLINK(""https://cice-consortium-cice.readthedocs.io/en/main/search.html?q=print_global"", ""print_global"")",False,False,False
*,"=HYPERLINK(""https://cice-consortium-cice.readthedocs.io/en/main/search.html?q=setup_nml"", ""&setup_nml"")","=HYPERLINK(""https://cice-consortium-cice.readthedocs.io/en/main/search.html?q=print_points"", ""print_points"")",,,False
*,"=HYPERLINK(""https://cice-consortium-cice.readthedocs.io/en/main/search.html?q=setup_nml"", ""&setup_nml"")","=HYPERLINK(""https://cice-consortium-cice.readthedocs.io/en/main/search.html?q=restart"", ""restart"")",,,False
*,"=HYPERLINK(""https://cice-consortium-cice.readthedocs.io/en/main/search.html?q=setup_nml"", ""&setup_nml"")","=HYPERLINK(""https://cice-consortium-cice.readthedocs.io/en/main/search.html?q=restart_dir"", ""restart_dir"")",,,./RESTART/
*,"=HYPERLINK(""https://cice-consortium-cice.readthedocs.io/en/main/search.html?q=setup_nml"", ""&setup_nml"")","=HYPERLINK(""https://cice-consortium-cice.readthedocs.io/en/main/search.html?q=restart_ext"", ""restart_ext"")",,,False
*,"=HYPERLINK(""https://cice-consortium-cice.readthedocs.io/en/main/search.html?q=setup_nml"", ""&setup_nml"")","=HYPERLINK(""https://cice-consortium-cice.readthedocs.io/en/main/search.html?q=restart_file"", ""restart_file"")",,,iced
*,"=HYPERLINK(""https://cice-consortium-cice.readthedocs.io/en/main/search.html?q=setup_nml"", ""&setup_nml"")","=HYPERLINK(""https://cice-consortium-cice.readthedocs.io/en/main/search.html?q=runtype"", ""runtype"")",,,initial
*,"=HYPERLINK(""https://cice-consortium-cice.readthedocs.io/en/main/search.html?q=setup_nml"", ""&setup_nml"")","=HYPERLINK(""https://cice-consortium-cice.readthedocs.io/en/main/search.html?q=use_leap_years"", ""use_leap_years"")",,,False
*,"=HYPERLINK(""https://cice-consortium-cice.readthedocs.io/en/main/search.html?q=setup_nml"", ""&setup_nml"")","=HYPERLINK(""https://cice-consortium-cice.readthedocs.io/en/main/search.html?q=use_restart_time"", ""use_restart_time"")",,,True
*,"=HYPERLINK(""https://cice-consortium-cice.readthedocs.io/en/main/search.html?q=setup_nml"", ""&setup_nml"")","=HYPERLINK(""https://cice-consortium-cice.readthedocs.io/en/main/search.html?q=write_ic"", ""write_ic"")",,,False
*,"=HYPERLINK(""https://cice-consortium-cice.readthedocs.io/en/main/search.html?q=setup_nml"", ""&setup_nml"")","=HYPERLINK(""https://cice-consortium-cice.readthedocs.io/en/main/search.html?q=year_init"", ""year_init"")",,,1
,"=HYPERLINK(""https://cice-consortium-cice.readthedocs.io/en/main/search.html?q=shortwave_nml"", ""&shortwave_nml"")","=HYPERLINK(""https://cice-consortium-cice.readthedocs.io/en/main/search.html?q=ahmax"", ""ahmax"")",0.1,0.1,0.1
*,"=HYPERLINK(""https://cice-consortium-cice.readthedocs.io/en/main/search.html?q=shortwave_nml"", ""&shortwave_nml"")","=HYPERLINK(""https://cice-consortium-cice.readthedocs.io/en/main/search.html?q=albedo_type"", ""albedo_type"")",,,default
,"=HYPERLINK(""https://cice-consortium-cice.readthedocs.io/en/main/search.html?q=shortwave_nml"", ""&shortwave_nml"")","=HYPERLINK(""https://cice-consortium-cice.readthedocs.io/en/main/search.html?q=albicei"", ""albicei"")",0.44,0.44,0.44
,"=HYPERLINK(""https://cice-consortium-cice.readthedocs.io/en/main/search.html?q=shortwave_nml"", ""&shortwave_nml"")","=HYPERLINK(""https://cice-consortium-cice.readthedocs.io/en/main/search.html?q=albicev"", ""albicev"")",0.86,0.86,0.86
,"=HYPERLINK(""https://cice-consortium-cice.readthedocs.io/en/main/search.html?q=shortwave_nml"", ""&shortwave_nml"")","=HYPERLINK(""https://cice-consortium-cice.readthedocs.io/en/main/search.html?q=albsnowi"", ""albsnowi"")",0.7,0.7,0.7
,"=HYPERLINK(""https://cice-consortium-cice.readthedocs.io/en/main/search.html?q=shortwave_nml"", ""&shortwave_nml"")","=HYPERLINK(""https://cice-consortium-cice.readthedocs.io/en/main/search.html?q=albsnowv"", ""albsnowv"")",0.98,0.98,0.98
*,"=HYPERLINK(""https://cice-consortium-cice.readthedocs.io/en/main/search.html?q=shortwave_nml"", ""&shortwave_nml"")","=HYPERLINK(""https://cice-consortium-cice.readthedocs.io/en/main/search.html?q=dalb_mlt"", ""dalb_mlt"")",,,-0.02
*,"=HYPERLINK(""https://cice-consortium-cice.readthedocs.io/en/main/search.html?q=shortwave_nml"", ""&shortwave_nml"")","=HYPERLINK(""https://cice-consortium-cice.readthedocs.io/en/main/search.html?q=dt_mlt"", ""dt_mlt"")",,,1.0
*,"=HYPERLINK(""https://cice-consortium-cice.readthedocs.io/en/main/search.html?q=shortwave_nml"", ""&shortwave_nml"")","=HYPERLINK(""https://cice-consortium-cice.readthedocs.io/en/main/search.html?q=kalg"", ""kalg"")",0.0,0.0,
*,"=HYPERLINK(""https://cice-consortium-cice.readthedocs.io/en/main/search.html?q=shortwave_nml"", ""&shortwave_nml"")","=HYPERLINK(""https://cice-consortium-cice.readthedocs.io/en/main/search.html?q=r_ice"", ""r_ice"")",,,0.0
*,"=HYPERLINK(""https://cice-consortium-cice.readthedocs.io/en/main/search.html?q=shortwave_nml"", ""&shortwave_nml"")","=HYPERLINK(""https://cice-consortium-cice.readthedocs.io/en/main/search.html?q=r_pnd"", ""r_pnd"")",,,0.0
,"=HYPERLINK(""https://cice-consortium-cice.readthedocs.io/en/main/search.html?q=shortwave_nml"", ""&shortwave_nml"")","=HYPERLINK(""https://cice-consortium-cice.readthedocs.io/en/main/search.html?q=r_snw"", ""r_snw"")",0.0,0.0,0.0
*,"=HYPERLINK(""https://cice-consortium-cice.readthedocs.io/en/main/search.html?q=shortwave_nml"", ""&shortwave_nml"")","=HYPERLINK(""https://cice-consortium-cice.readthedocs.io/en/main/search.html?q=rsnw_mlt"", ""rsnw_mlt"")",,,1500.0
*,"=HYPERLINK(""https://cice-consortium-cice.readthedocs.io/en/main/search.html?q=shortwave_nml"", ""&shortwave_nml"")","=HYPERLINK(""https://cice-consortium-cice.readthedocs.io/en/main/search.html?q=shortwave"", ""shortwave"")",,,default
*,"=HYPERLINK(""https://cice-consortium-cice.readthedocs.io/en/main/search.html?q=shortwave_nml"", ""&shortwave_nml"")","=HYPERLINK(""https://cice-consortium-cice.readthedocs.io/en/main/search.html?q=snowpatch"", ""snowpatch"")",,,0.02
*,"=HYPERLINK(""https://cice-consortium-cice.readthedocs.io/en/main/search.html?q=shortwave_nml"", ""&shortwave_nml"")","=HYPERLINK(""https://cice-consortium-cice.readthedocs.io/en/main/search.html?q=sw_redist"", ""sw_redist"")",True,True,
*,"=HYPERLINK(""https://cice-consortium-cice.readthedocs.io/en/main/search.html?q=shortwave_nml"", ""&shortwave_nml"")","=HYPERLINK(""https://cice-consortium-cice.readthedocs.io/en/main/search.html?q=tocnfrz"", ""tocnfrz"")",,,-1.8
*,"=HYPERLINK(""https://cice-consortium-cice.readthedocs.io/en/main/search.html?q=thermo_nml"", ""&thermo_nml"")","=HYPERLINK(""https://cice-consortium-cice.readthedocs.io/en/main/search.html?q=a_rapid_mode"", ""a_rapid_mode"")",,,0.0005
*,"=HYPERLINK(""https://cice-consortium-cice.readthedocs.io/en/main/search.html?q=thermo_nml"", ""&thermo_nml"")","=HYPERLINK(""https://cice-consortium-cice.readthedocs.io/en/main/search.html?q=aspect_rapid_mode"", ""aspect_rapid_mode"")",,,1.0
*,"=HYPERLINK(""https://cice-consortium-cice.readthedocs.io/en/main/search.html?q=thermo_nml"", ""&thermo_nml"")","=HYPERLINK(""https://cice-consortium-cice.readthedocs.io/en/main/search.html?q=chio"", ""chio"")",,,0.006
*,"=HYPERLINK(""https://cice-consortium-cice.readthedocs.io/en/main/search.html?q=thermo_nml"", ""&thermo_nml"")","=HYPERLINK(""https://cice-consortium-cice.readthedocs.io/en/main/search.html?q=conduct"", ""conduct"")",,,bubbly
,"=HYPERLINK(""https://cice-consortium-cice.readthedocs.io/en/main/search.html?q=thermo_nml"", ""&thermo_nml"")","=HYPERLINK(""https://cice-consortium-cice.readthedocs.io/en/main/search.html?q=dsdt_slow_mode"", ""dsdt_slow_mode"")",-5e-08,-5e-08,-5e-08
*,"=HYPERLINK(""https://cice-consortium-cice.readthedocs.io/en/main/search.html?q=thermo_nml"", ""&thermo_nml"")","=HYPERLINK(""https://cice-consortium-cice.readthedocs.io/en/main/search.html?q=kitd"", ""kitd"")",,,1
*,"=HYPERLINK(""https://cice-consortium-cice.readthedocs.io/en/main/search.html?q=thermo_nml"", ""&thermo_nml"")","=HYPERLINK(""https://cice-consortium-cice.readthedocs.io/en/main/search.html?q=ktherm"", ""ktherm"")",,,1
*,"=HYPERLINK(""https://cice-consortium-cice.readthedocs.io/en/main/search.html?q=thermo_nml"", ""&thermo_nml"")","=HYPERLINK(""https://cice-consortium-cice.readthedocs.io/en/main/search.html?q=phi_c_slow_mode"", ""phi_c_slow_mode"")",,,0.05
*,"=HYPERLINK(""https://cice-consortium-cice.readthedocs.io/en/main/search.html?q=thermo_nml"", ""&thermo_nml"")","=HYPERLINK(""https://cice-consortium-cice.readthedocs.io/en/main/search.html?q=phi_i_mushy"", ""phi_i_mushy"")",,,0.85
*,"=HYPERLINK(""https://cice-consortium-cice.readthedocs.io/en/main/search.html?q=thermo_nml"", ""&thermo_nml"")","=HYPERLINK(""https://cice-consortium-cice.readthedocs.io/en/main/search.html?q=rac_rapid_mode"", ""rac_rapid_mode"")",,,10.0
*,"=HYPERLINK(""https://cice-consortium-cice.readthedocs.io/en/main/search.html?q=tracer_nml"", ""&tracer_nml"")","=HYPERLINK(""https://cice-consortium-cice.readthedocs.io/en/main/search.html?q=restart_aero"", ""restart_aero"")",,,False
*,"=HYPERLINK(""https://cice-consortium-cice.readthedocs.io/en/main/search.html?q=tracer_nml"", ""&tracer_nml"")","=HYPERLINK(""https://cice-consortium-cice.readthedocs.io/en/main/search.html?q=restart_age"", ""restart_age"")",,,False
*,"=HYPERLINK(""https://cice-consortium-cice.readthedocs.io/en/main/search.html?q=tracer_nml"", ""&tracer_nml"")","=HYPERLINK(""https://cice-consortium-cice.readthedocs.io/en/main/search.html?q=restart_fy"", ""restart_fy"")",,,False
*,"=HYPERLINK(""https://cice-consortium-cice.readthedocs.io/en/main/search.html?q=tracer_nml"", ""&tracer_nml"")","=HYPERLINK(""https://cice-consortium-cice.readthedocs.io/en/main/search.html?q=restart_lvl"", ""restart_lvl"")",,,False
*,"=HYPERLINK(""https://cice-consortium-cice.readthedocs.io/en/main/search.html?q=tracer_nml"", ""&tracer_nml"")","=HYPERLINK(""https://cice-consortium-cice.readthedocs.io/en/main/search.html?q=restart_pond_cesm"", ""restart_pond_cesm"")",,,False
*,"=HYPERLINK(""https://cice-consortium-cice.readthedocs.io/en/main/search.html?q=tracer_nml"", ""&tracer_nml"")","=HYPERLINK(""https://cice-consortium-cice.readthedocs.io/en/main/search.html?q=restart_pond_lvl"", ""restart_pond_lvl"")",,,False
*,"=HYPERLINK(""https://cice-consortium-cice.readthedocs.io/en/main/search.html?q=tracer_nml"", ""&tracer_nml"")","=HYPERLINK(""https://cice-consortium-cice.readthedocs.io/en/main/search.html?q=restart_pond_topo"", ""restart_pond_topo"")",,,False
*,"=HYPERLINK(""https://cice-consortium-cice.readthedocs.io/en/main/search.html?q=tracer_nml"", ""&tracer_nml"")","=HYPERLINK(""https://cice-consortium-cice.readthedocs.io/en/main/search.html?q=tr_aero"", ""tr_aero"")",,,False
*,"=HYPERLINK(""https://cice-consortium-cice.readthedocs.io/en/main/search.html?q=tracer_nml"", ""&tracer_nml"")","=HYPERLINK(""https://cice-consortium-cice.readthedocs.io/en/main/search.html?q=tr_fy"", ""tr_fy"")",,,False
*,"=HYPERLINK(""https://cice-consortium-cice.readthedocs.io/en/main/search.html?q=tracer_nml"", ""&tracer_nml"")","=HYPERLINK(""https://cice-consortium-cice.readthedocs.io/en/main/search.html?q=tr_iage"", ""tr_iage"")",,,False
*,"=HYPERLINK(""https://cice-consortium-cice.readthedocs.io/en/main/search.html?q=tracer_nml"", ""&tracer_nml"")","=HYPERLINK(""https://cice-consortium-cice.readthedocs.io/en/main/search.html?q=tr_lvl"", ""tr_lvl"")",,,False
*,"=HYPERLINK(""https://cice-consortium-cice.readthedocs.io/en/main/search.html?q=tracer_nml"", ""&tracer_nml"")","=HYPERLINK(""https://cice-consortium-cice.readthedocs.io/en/main/search.html?q=tr_pond_cesm"", ""tr_pond_cesm"")",,,False
*,"=HYPERLINK(""https://cice-consortium-cice.readthedocs.io/en/main/search.html?q=tracer_nml"", ""&tracer_nml"")","=HYPERLINK(""https://cice-consortium-cice.readthedocs.io/en/main/search.html?q=tr_pond_lvl"", ""tr_pond_lvl"")",,,False
*,"=HYPERLINK(""https://cice-consortium-cice.readthedocs.io/en/main/search.html?q=tracer_nml"", ""&tracer_nml"")","=HYPERLINK(""https://cice-consortium-cice.readthedocs.io/en/main/search.html?q=tr_pond_topo"", ""tr_pond_topo"")",,,False
*,"=HYPERLINK(""https://cice-consortium-cice.readthedocs.io/en/main/search.html?q=zbgc_nml"", ""&zbgc_nml"")","=HYPERLINK(""https://cice-consortium-cice.readthedocs.io/en/main/search.html?q=bgc_data_dir"", ""bgc_data_dir"")",,,unknown_bgc_data_dir
*,"=HYPERLINK(""https://cice-consortium-cice.readthedocs.io/en/main/search.html?q=zbgc_nml"", ""&zbgc_nml"")","=HYPERLINK(""https://cice-consortium-cice.readthedocs.io/en/main/search.html?q=bgc_flux_type"", ""bgc_flux_type"")",,,Jin2006
*,"=HYPERLINK(""https://cice-consortium-cice.readthedocs.io/en/main/search.html?q=zbgc_nml"", ""&zbgc_nml"")","=HYPERLINK(""https://cice-consortium-cice.readthedocs.io/en/main/search.html?q=nit_data_type"", ""nit_data_type"")",,,default
*,"=HYPERLINK(""https://cice-consortium-cice.readthedocs.io/en/main/search.html?q=zbgc_nml"", ""&zbgc_nml"")","=HYPERLINK(""https://cice-consortium-cice.readthedocs.io/en/main/search.html?q=phi_snow"", ""phi_snow"")",,,0.5
*,"=HYPERLINK(""https://cice-consortium-cice.readthedocs.io/en/main/search.html?q=zbgc_nml"", ""&zbgc_nml"")","=HYPERLINK(""https://cice-consortium-cice.readthedocs.io/en/main/search.html?q=restart_bgc"", ""restart_bgc"")",,,False
*,"=HYPERLINK(""https://cice-consortium-cice.readthedocs.io/en/main/search.html?q=zbgc_nml"", ""&zbgc_nml"")","=HYPERLINK(""https://cice-consortium-cice.readthedocs.io/en/main/search.html?q=restart_hbrine"", ""restart_hbrine"")",,,False
*,"=HYPERLINK(""https://cice-consortium-cice.readthedocs.io/en/main/search.html?q=zbgc_nml"", ""&zbgc_nml"")","=HYPERLINK(""https://cice-consortium-cice.readthedocs.io/en/main/search.html?q=restore_bgc"", ""restore_bgc"")",,,False
*,"=HYPERLINK(""https://cice-consortium-cice.readthedocs.io/en/main/search.html?q=zbgc_nml"", ""&zbgc_nml"")","=HYPERLINK(""https://cice-consortium-cice.readthedocs.io/en/main/search.html?q=sil_data_type"", ""sil_data_type"")",,,default
*,"=HYPERLINK(""https://cice-consortium-cice.readthedocs.io/en/main/search.html?q=zbgc_nml"", ""&zbgc_nml"")","=HYPERLINK(""https://cice-consortium-cice.readthedocs.io/en/main/search.html?q=skl_bgc"", ""skl_bgc"")",,,False
*,"=HYPERLINK(""https://cice-consortium-cice.readthedocs.io/en/main/search.html?q=zbgc_nml"", ""&zbgc_nml"")","=HYPERLINK(""https://cice-consortium-cice.readthedocs.io/en/main/search.html?q=tr_bgc_am_sk"", ""tr_bgc_am_sk"")",,,False
*,"=HYPERLINK(""https://cice-consortium-cice.readthedocs.io/en/main/search.html?q=zbgc_nml"", ""&zbgc_nml"")","=HYPERLINK(""https://cice-consortium-cice.readthedocs.io/en/main/search.html?q=tr_bgc_c_sk"", ""tr_bgc_c_sk"")",,,False
*,"=HYPERLINK(""https://cice-consortium-cice.readthedocs.io/en/main/search.html?q=zbgc_nml"", ""&zbgc_nml"")","=HYPERLINK(""https://cice-consortium-cice.readthedocs.io/en/main/search.html?q=tr_bgc_chl_sk"", ""tr_bgc_chl_sk"")",,,False
*,"=HYPERLINK(""https://cice-consortium-cice.readthedocs.io/en/main/search.html?q=zbgc_nml"", ""&zbgc_nml"")","=HYPERLINK(""https://cice-consortium-cice.readthedocs.io/en/main/search.html?q=tr_bgc_dms_sk"", ""tr_bgc_dms_sk"")",,,False
*,"=HYPERLINK(""https://cice-consortium-cice.readthedocs.io/en/main/search.html?q=zbgc_nml"", ""&zbgc_nml"")","=HYPERLINK(""https://cice-consortium-cice.readthedocs.io/en/main/search.html?q=tr_bgc_dmspd_sk"", ""tr_bgc_dmspd_sk"")",,,False
*,"=HYPERLINK(""https://cice-consortium-cice.readthedocs.io/en/main/search.html?q=zbgc_nml"", ""&zbgc_nml"")","=HYPERLINK(""https://cice-consortium-cice.readthedocs.io/en/main/search.html?q=tr_bgc_dmspp_sk"", ""tr_bgc_dmspp_sk"")",,,False
*,"=HYPERLINK(""https://cice-consortium-cice.readthedocs.io/en/main/search.html?q=zbgc_nml"", ""&zbgc_nml"")","=HYPERLINK(""https://cice-consortium-cice.readthedocs.io/en/main/search.html?q=tr_bgc_sil_sk"", ""tr_bgc_sil_sk"")",,,False
*,"=HYPERLINK(""https://cice-consortium-cice.readthedocs.io/en/main/search.html?q=zbgc_nml"", ""&zbgc_nml"")","=HYPERLINK(""https://cice-consortium-cice.readthedocs.io/en/main/search.html?q=tr_brine"", ""tr_brine"")",,,False
