diff,group,variable,MOM6-CICE6_1deg_jra55do_ryf/ice_in,MOM6-CICE6_1deg_jra55do_iaf/ice_in,MOM6-CICE6_025deg_jra55do_ryf/ice_in
*,"=HYPERLINK(""https://cice-consortium-cice.readthedocs.io/en/main/search.html?q=domain_nml"", ""&domain_nml"")","=HYPERLINK(""https://cice-consortium-cice.readthedocs.io/en/main/search.html?q=block_size_x"", ""block_size_x"")",15,15,60
*,"=HYPERLINK(""https://cice-consortium-cice.readthedocs.io/en/main/search.html?q=domain_nml"", ""&domain_nml"")","=HYPERLINK(""https://cice-consortium-cice.readthedocs.io/en/main/search.html?q=block_size_y"", ""block_size_y"")",20,20,54
*,"=HYPERLINK(""https://cice-consortium-cice.readthedocs.io/en/main/search.html?q=domain_nml"", ""&domain_nml"")","=HYPERLINK(""https://cice-consortium-cice.readthedocs.io/en/main/search.html?q=distribution_type"", ""distribution_type"")",cartesian,cartesian,roundrobin
,"=HYPERLINK(""https://cice-consortium-cice.readthedocs.io/en/main/search.html?q=domain_nml"", ""&domain_nml"")","=HYPERLINK(""https://cice-consortium-cice.readthedocs.io/en/main/search.html?q=distribution_wght"", ""distribution_wght"")",latitude,latitude,latitude
,"=HYPERLINK(""https://cice-consortium-cice.readthedocs.io/en/main/search.html?q=domain_nml"", ""&domain_nml"")","=HYPERLINK(""https://cice-consortium-cice.readthedocs.io/en/main/search.html?q=maskhalo_bound"", ""maskhalo_bound"")",True,True,True
,"=HYPERLINK(""https://cice-consortium-cice.readthedocs.io/en/main/search.html?q=domain_nml"", ""&domain_nml"")","=HYPERLINK(""https://cice-consortium-cice.readthedocs.io/en/main/search.html?q=maskhalo_dyn"", ""maskhalo_dyn"")",True,True,True
,"=HYPERLINK(""https://cice-consortium-cice.readthedocs.io/en/main/search.html?q=domain_nml"", ""&domain_nml"")","=HYPERLINK(""https://cice-consortium-cice.readthedocs.io/en/main/search.html?q=maskhalo_remap"", ""maskhalo_remap"")",True,True,True
*,"=HYPERLINK(""https://cice-consortium-cice.readthedocs.io/en/main/search.html?q=domain_nml"", ""&domain_nml"")","=HYPERLINK(""https://cice-consortium-cice.readthedocs.io/en/main/search.html?q=max_blocks"", ""max_blocks"")",15,15,-1
,"=HYPERLINK(""https://cice-consortium-cice.readthedocs.io/en/main/search.html?q=domain_nml"", ""&domain_nml"")","=HYPERLINK(""https://cice-consortium-cice.readthedocs.io/en/main/search.html?q=ns_boundary_type"", ""ns_boundary_type"")",tripole,tripole,tripole
*,"=HYPERLINK(""https://cice-consortium-cice.readthedocs.io/en/main/search.html?q=domain_nml"", ""&domain_nml"")","=HYPERLINK(""https://cice-consortium-cice.readthedocs.io/en/main/search.html?q=nx_global"", ""nx_global"")",360,360,1440
*,"=HYPERLINK(""https://cice-consortium-cice.readthedocs.io/en/main/search.html?q=domain_nml"", ""&domain_nml"")","=HYPERLINK(""https://cice-consortium-cice.readthedocs.io/en/main/search.html?q=ny_global"", ""ny_global"")",300,300,1080
*,"=HYPERLINK(""https://cice-consortium-cice.readthedocs.io/en/main/search.html?q=domain_nml"", ""&domain_nml"")","=HYPERLINK(""https://cice-consortium-cice.readthedocs.io/en/main/search.html?q=processor_shape"", ""processor_shape"")",slenderX1,slenderX1,square-ice
,"=HYPERLINK(""https://cice-consortium-cice.readthedocs.io/en/main/search.html?q=dynamics_nml"", ""&dynamics_nml"")","=HYPERLINK(""https://cice-consortium-cice.readthedocs.io/en/main/search.html?q=advection"", ""advection"")",remap,remap,remap
,"=HYPERLINK(""https://cice-consortium-cice.readthedocs.io/en/main/search.html?q=dynamics_nml"", ""&dynamics_nml"")","=HYPERLINK(""https://cice-consortium-cice.readthedocs.io/en/main/search.html?q=ssh_stress"", ""ssh_stress"")",coupled,coupled,coupled
,"=HYPERLINK(""https://cice-consortium-cice.readthedocs.io/en/main/search.html?q=forcing_nml"", ""&forcing_nml"")","=HYPERLINK(""https://cice-consortium-cice.readthedocs.io/en/main/search.html?q=emissivity"", ""emissivity"")",0.95,0.95,0.95
,"=HYPERLINK(""https://cice-consortium-cice.readthedocs.io/en/main/search.html?q=forcing_nml"", ""&forcing_nml"")","=HYPERLINK(""https://cice-consortium-cice.readthedocs.io/en/main/search.html?q=highfreq"", ""highfreq"")",True,True,True
,"=HYPERLINK(""https://cice-consortium-cice.readthedocs.io/en/main/search.html?q=forcing_nml"", ""&forcing_nml"")","=HYPERLINK(""https://cice-consortium-cice.readthedocs.io/en/main/search.html?q=ice_ref_salinity"", ""ice_ref_salinity"")",5.0,5.0,5.0
,"=HYPERLINK(""https://cice-consortium-cice.readthedocs.io/en/main/search.html?q=forcing_nml"", ""&forcing_nml"")","=HYPERLINK(""https://cice-consortium-cice.readthedocs.io/en/main/search.html?q=tfrz_option"", ""tfrz_option"")",linear_salt,linear_salt,linear_salt
,"=HYPERLINK(""https://cice-consortium-cice.readthedocs.io/en/main/search.html?q=forcing_nml"", ""&forcing_nml"")","=HYPERLINK(""https://cice-consortium-cice.readthedocs.io/en/main/search.html?q=update_ocn_f"", ""update_ocn_f"")",True,True,True
,"=HYPERLINK(""https://cice-consortium-cice.readthedocs.io/en/main/search.html?q=forcing_nml"", ""&forcing_nml"")","=HYPERLINK(""https://cice-consortium-cice.readthedocs.io/en/main/search.html?q=ustar_min"", ""ustar_min"")",0.0005,0.0005,0.0005
,"=HYPERLINK(""https://cice-consortium-cice.readthedocs.io/en/main/search.html?q=grid_nml"", ""&grid_nml"")","=HYPERLINK(""https://cice-consortium-cice.readthedocs.io/en/main/search.html?q=bathymetry_file"", ""bathymetry_file"")",./INPUT/topog.nc,./INPUT/topog.nc,./INPUT/topog.nc
,"=HYPERLINK(""https://cice-consortium-cice.readthedocs.io/en/main/search.html?q=grid_nml"", ""&grid_nml"")","=HYPERLINK(""https://cice-consortium-cice.readthedocs.io/en/main/search.html?q=grid_atm"", ""grid_atm"")",A,A,A
,"=HYPERLINK(""https://cice-consortium-cice.readthedocs.io/en/main/search.html?q=grid_nml"", ""&grid_nml"")","=HYPERLINK(""https://cice-consortium-cice.readthedocs.io/en/main/search.html?q=grid_file"", ""grid_file"")",./INPUT/grid.nc,./INPUT/grid.nc,./INPUT/grid.nc
,"=HYPERLINK(""https://cice-consortium-cice.readthedocs.io/en/main/search.html?q=grid_nml"", ""&grid_nml"")","=HYPERLINK(""https://cice-consortium-cice.readthedocs.io/en/main/search.html?q=grid_format"", ""grid_format"")",nc,nc,nc
,"=HYPERLINK(""https://cice-consortium-cice.readthedocs.io/en/main/search.html?q=grid_nml"", ""&grid_nml"")","=HYPERLINK(""https://cice-consortium-cice.readthedocs.io/en/main/search.html?q=grid_ice"", ""grid_ice"")",B,B,B
,"=HYPERLINK(""https://cice-consortium-cice.readthedocs.io/en/main/search.html?q=grid_nml"", ""&grid_nml"")","=HYPERLINK(""https://cice-consortium-cice.readthedocs.io/en/main/search.html?q=grid_ocn"", ""grid_ocn"")",A,A,A
,"=HYPERLINK(""https://cice-consortium-cice.readthedocs.io/en/main/search.html?q=grid_nml"", ""&grid_nml"")","=HYPERLINK(""https://cice-consortium-cice.readthedocs.io/en/main/search.html?q=grid_type"", ""grid_type"")",tripole,tripole,tripole
,"=HYPERLINK(""https://cice-consortium-cice.readthedocs.io/en/main/search.html?q=grid_nml"", ""&grid_nml"")","=HYPERLINK(""https://cice-consortium-cice.readthedocs.io/en/main/search.html?q=kcatbound"", ""kcatbound"")",0,0,0
,"=HYPERLINK(""https://cice-consortium-cice.readthedocs.io/en/main/search.html?q=grid_nml"", ""&grid_nml"")","=HYPERLINK(""https://cice-consortium-cice.readthedocs.io/en/main/search.html?q=kmt_file"", ""kmt_file"")",./INPUT/kmt.nc,./INPUT/kmt.nc,./INPUT/kmt.nc
,"=HYPERLINK(""https://cice-consortium-cice.readthedocs.io/en/main/search.html?q=grid_nml"", ""&grid_nml"")","=HYPERLINK(""https://cice-consortium-cice.readthedocs.io/en/main/search.html?q=nblyr"", ""nblyr"")",1,1,1
,"=HYPERLINK(""https://cice-consortium-cice.readthedocs.io/en/main/search.html?q=grid_nml"", ""&grid_nml"")","=HYPERLINK(""https://cice-consortium-cice.readthedocs.io/en/main/search.html?q=ncat"", ""ncat"")",5,5,5
,"=HYPERLINK(""https://cice-consortium-cice.readthedocs.io/en/main/search.html?q=grid_nml"", ""&grid_nml"")","=HYPERLINK(""https://cice-consortium-cice.readthedocs.io/en/main/search.html?q=nfsd"", ""nfsd"")",1,1,1
,"=HYPERLINK(""https://cice-consortium-cice.readthedocs.io/en/main/search.html?q=grid_nml"", ""&grid_nml"")","=HYPERLINK(""https://cice-consortium-cice.readthedocs.io/en/main/search.html?q=nilyr"", ""nilyr"")",4,4,4
,"=HYPERLINK(""https://cice-consortium-cice.readthedocs.io/en/main/search.html?q=grid_nml"", ""&grid_nml"")","=HYPERLINK(""https://cice-consortium-cice.readthedocs.io/en/main/search.html?q=nslyr"", ""nslyr"")",1,1,1
,"=HYPERLINK(""https://cice-consortium-cice.readthedocs.io/en/main/search.html?q=icefields_mechred_nml"", ""&icefields_mechred_nml"")","=HYPERLINK(""https://cice-consortium-cice.readthedocs.io/en/main/search.html?q=f_dardg1dt"", ""f_dardg1dt"")",x,x,x
,"=HYPERLINK(""https://cice-consortium-cice.readthedocs.io/en/main/search.html?q=icefields_mechred_nml"", ""&icefields_mechred_nml"")","=HYPERLINK(""https://cice-consortium-cice.readthedocs.io/en/main/search.html?q=f_dardg2dt"", ""f_dardg2dt"")",x,x,x
,"=HYPERLINK(""https://cice-consortium-cice.readthedocs.io/en/main/search.html?q=icefields_mechred_nml"", ""&icefields_mechred_nml"")","=HYPERLINK(""https://cice-consortium-cice.readthedocs.io/en/main/search.html?q=f_dvirdgdt"", ""f_dvirdgdt"")",x,x,x
,"=HYPERLINK(""https://cice-consortium-cice.readthedocs.io/en/main/search.html?q=icefields_nml"", ""&icefields_nml"")","=HYPERLINK(""https://cice-consortium-cice.readthedocs.io/en/main/search.html?q=f_aice"", ""f_aice"")",md,md,md
,"=HYPERLINK(""https://cice-consortium-cice.readthedocs.io/en/main/search.html?q=icefields_nml"", ""&icefields_nml"")","=HYPERLINK(""https://cice-consortium-cice.readthedocs.io/en/main/search.html?q=f_aicen"", ""f_aicen"")",m,m,m
,"=HYPERLINK(""https://cice-consortium-cice.readthedocs.io/en/main/search.html?q=icefields_nml"", ""&icefields_nml"")","=HYPERLINK(""https://cice-consortium-cice.readthedocs.io/en/main/search.html?q=f_aisnap"", ""f_aisnap"")",x,x,x
,"=HYPERLINK(""https://cice-consortium-cice.readthedocs.io/en/main/search.html?q=icefields_nml"", ""&icefields_nml"")","=HYPERLINK(""https://cice-consortium-cice.readthedocs.io/en/main/search.html?q=f_albpnd"", ""f_albpnd"")",x,x,x
,"=HYPERLINK(""https://cice-consortium-cice.readthedocs.io/en/main/search.html?q=icefields_nml"", ""&icefields_nml"")","=HYPERLINK(""https://cice-consortium-cice.readthedocs.io/en/main/search.html?q=f_atmdir"", ""f_atmdir"")",x,x,x
,"=HYPERLINK(""https://cice-consortium-cice.readthedocs.io/en/main/search.html?q=icefields_nml"", ""&icefields_nml"")","=HYPERLINK(""https://cice-consortium-cice.readthedocs.io/en/main/search.html?q=f_atmspd"", ""f_atmspd"")",x,x,x
,"=HYPERLINK(""https://cice-consortium-cice.readthedocs.io/en/main/search.html?q=icefields_nml"", ""&icefields_nml"")","=HYPERLINK(""https://cice-consortium-cice.readthedocs.io/en/main/search.html?q=f_bounds"", ""f_bounds"")",False,False,False
,"=HYPERLINK(""https://cice-consortium-cice.readthedocs.io/en/main/search.html?q=icefields_nml"", ""&icefields_nml"")","=HYPERLINK(""https://cice-consortium-cice.readthedocs.io/en/main/search.html?q=f_congel"", ""f_congel"")",md,md,md
,"=HYPERLINK(""https://cice-consortium-cice.readthedocs.io/en/main/search.html?q=icefields_nml"", ""&icefields_nml"")","=HYPERLINK(""https://cice-consortium-cice.readthedocs.io/en/main/search.html?q=f_coszen"", ""f_coszen"")",x,x,x
,"=HYPERLINK(""https://cice-consortium-cice.readthedocs.io/en/main/search.html?q=icefields_nml"", ""&icefields_nml"")","=HYPERLINK(""https://cice-consortium-cice.readthedocs.io/en/main/search.html?q=f_dsnow"", ""f_dsnow"")",x,x,x
,"=HYPERLINK(""https://cice-consortium-cice.readthedocs.io/en/main/search.html?q=icefields_nml"", ""&icefields_nml"")","=HYPERLINK(""https://cice-consortium-cice.readthedocs.io/en/main/search.html?q=f_dvidtd"", ""f_dvidtd"")",md,md,md
,"=HYPERLINK(""https://cice-consortium-cice.readthedocs.io/en/main/search.html?q=icefields_nml"", ""&icefields_nml"")","=HYPERLINK(""https://cice-consortium-cice.readthedocs.io/en/main/search.html?q=f_dvidtt"", ""f_dvidtt"")",md,md,md
,"=HYPERLINK(""https://cice-consortium-cice.readthedocs.io/en/main/search.html?q=icefields_nml"", ""&icefields_nml"")","=HYPERLINK(""https://cice-consortium-cice.readthedocs.io/en/main/search.html?q=f_dxe"", ""f_dxe"")",False,False,False
,"=HYPERLINK(""https://cice-consortium-cice.readthedocs.io/en/main/search.html?q=icefields_nml"", ""&icefields_nml"")","=HYPERLINK(""https://cice-consortium-cice.readthedocs.io/en/main/search.html?q=f_dxn"", ""f_dxn"")",False,False,False
,"=HYPERLINK(""https://cice-consortium-cice.readthedocs.io/en/main/search.html?q=icefields_nml"", ""&icefields_nml"")","=HYPERLINK(""https://cice-consortium-cice.readthedocs.io/en/main/search.html?q=f_dxt"", ""f_dxt"")",False,False,False
,"=HYPERLINK(""https://cice-consortium-cice.readthedocs.io/en/main/search.html?q=icefields_nml"", ""&icefields_nml"")","=HYPERLINK(""https://cice-consortium-cice.readthedocs.io/en/main/search.html?q=f_dxu"", ""f_dxu"")",False,False,False
,"=HYPERLINK(""https://cice-consortium-cice.readthedocs.io/en/main/search.html?q=icefields_nml"", ""&icefields_nml"")","=HYPERLINK(""https://cice-consortium-cice.readthedocs.io/en/main/search.html?q=f_dye"", ""f_dye"")",False,False,False
,"=HYPERLINK(""https://cice-consortium-cice.readthedocs.io/en/main/search.html?q=icefields_nml"", ""&icefields_nml"")","=HYPERLINK(""https://cice-consortium-cice.readthedocs.io/en/main/search.html?q=f_dyn"", ""f_dyn"")",False,False,False
,"=HYPERLINK(""https://cice-consortium-cice.readthedocs.io/en/main/search.html?q=icefields_nml"", ""&icefields_nml"")","=HYPERLINK(""https://cice-consortium-cice.readthedocs.io/en/main/search.html?q=f_dyt"", ""f_dyt"")",False,False,False
,"=HYPERLINK(""https://cice-consortium-cice.readthedocs.io/en/main/search.html?q=icefields_nml"", ""&icefields_nml"")","=HYPERLINK(""https://cice-consortium-cice.readthedocs.io/en/main/search.html?q=f_dyu"", ""f_dyu"")",False,False,False
,"=HYPERLINK(""https://cice-consortium-cice.readthedocs.io/en/main/search.html?q=icefields_nml"", ""&icefields_nml"")","=HYPERLINK(""https://cice-consortium-cice.readthedocs.io/en/main/search.html?q=f_earea"", ""f_earea"")",False,False,False
,"=HYPERLINK(""https://cice-consortium-cice.readthedocs.io/en/main/search.html?q=icefields_nml"", ""&icefields_nml"")","=HYPERLINK(""https://cice-consortium-cice.readthedocs.io/en/main/search.html?q=f_elat"", ""f_elat"")",False,False,False
,"=HYPERLINK(""https://cice-consortium-cice.readthedocs.io/en/main/search.html?q=icefields_nml"", ""&icefields_nml"")","=HYPERLINK(""https://cice-consortium-cice.readthedocs.io/en/main/search.html?q=f_elon"", ""f_elon"")",False,False,False
,"=HYPERLINK(""https://cice-consortium-cice.readthedocs.io/en/main/search.html?q=icefields_nml"", ""&icefields_nml"")","=HYPERLINK(""https://cice-consortium-cice.readthedocs.io/en/main/search.html?q=f_emask"", ""f_emask"")",False,False,False
,"=HYPERLINK(""https://cice-consortium-cice.readthedocs.io/en/main/search.html?q=icefields_nml"", ""&icefields_nml"")","=HYPERLINK(""https://cice-consortium-cice.readthedocs.io/en/main/search.html?q=f_evap"", ""f_evap"")",x,x,x
,"=HYPERLINK(""https://cice-consortium-cice.readthedocs.io/en/main/search.html?q=icefields_nml"", ""&icefields_nml"")","=HYPERLINK(""https://cice-consortium-cice.readthedocs.io/en/main/search.html?q=f_fbot"", ""f_fbot"")",x,x,x
,"=HYPERLINK(""https://cice-consortium-cice.readthedocs.io/en/main/search.html?q=icefields_nml"", ""&icefields_nml"")","=HYPERLINK(""https://cice-consortium-cice.readthedocs.io/en/main/search.html?q=f_fcondtopn_ai"", ""f_fcondtopn_ai"")",m,m,m
,"=HYPERLINK(""https://cice-consortium-cice.readthedocs.io/en/main/search.html?q=icefields_nml"", ""&icefields_nml"")","=HYPERLINK(""https://cice-consortium-cice.readthedocs.io/en/main/search.html?q=f_fhocn"", ""f_fhocn"")",x,x,x
,"=HYPERLINK(""https://cice-consortium-cice.readthedocs.io/en/main/search.html?q=icefields_nml"", ""&icefields_nml"")","=HYPERLINK(""https://cice-consortium-cice.readthedocs.io/en/main/search.html?q=f_flat"", ""f_flat"")",x,x,x
,"=HYPERLINK(""https://cice-consortium-cice.readthedocs.io/en/main/search.html?q=icefields_nml"", ""&icefields_nml"")","=HYPERLINK(""https://cice-consortium-cice.readthedocs.io/en/main/search.html?q=f_flatn_ai"", ""f_flatn_ai"")",m,m,m
,"=HYPERLINK(""https://cice-consortium-cice.readthedocs.io/en/main/search.html?q=icefields_nml"", ""&icefields_nml"")","=HYPERLINK(""https://cice-consortium-cice.readthedocs.io/en/main/search.html?q=f_flwup"", ""f_flwup"")",x,x,x
,"=HYPERLINK(""https://cice-consortium-cice.readthedocs.io/en/main/search.html?q=icefields_nml"", ""&icefields_nml"")","=HYPERLINK(""https://cice-consortium-cice.readthedocs.io/en/main/search.html?q=f_fmelttn_ai"", ""f_fmelttn_ai"")",m,m,m
,"=HYPERLINK(""https://cice-consortium-cice.readthedocs.io/en/main/search.html?q=icefields_nml"", ""&icefields_nml"")","=HYPERLINK(""https://cice-consortium-cice.readthedocs.io/en/main/search.html?q=f_frazil"", ""f_frazil"")",md,md,md
,"=HYPERLINK(""https://cice-consortium-cice.readthedocs.io/en/main/search.html?q=icefields_nml"", ""&icefields_nml"")","=HYPERLINK(""https://cice-consortium-cice.readthedocs.io/en/main/search.html?q=f_fresh"", ""f_fresh"")",x,x,x
,"=HYPERLINK(""https://cice-consortium-cice.readthedocs.io/en/main/search.html?q=icefields_nml"", ""&icefields_nml"")","=HYPERLINK(""https://cice-consortium-cice.readthedocs.io/en/main/search.html?q=f_frz_onset"", ""f_frz_onset"")",x,x,x
,"=HYPERLINK(""https://cice-consortium-cice.readthedocs.io/en/main/search.html?q=icefields_nml"", ""&icefields_nml"")","=HYPERLINK(""https://cice-consortium-cice.readthedocs.io/en/main/search.html?q=f_frzmlt"", ""f_frzmlt"")",md,md,md
,"=HYPERLINK(""https://cice-consortium-cice.readthedocs.io/en/main/search.html?q=icefields_nml"", ""&icefields_nml"")","=HYPERLINK(""https://cice-consortium-cice.readthedocs.io/en/main/search.html?q=f_fsens"", ""f_fsens"")",x,x,x
,"=HYPERLINK(""https://cice-consortium-cice.readthedocs.io/en/main/search.html?q=icefields_nml"", ""&icefields_nml"")","=HYPERLINK(""https://cice-consortium-cice.readthedocs.io/en/main/search.html?q=f_fsens_ai"", ""f_fsens_ai"")",m,m,m
,"=HYPERLINK(""https://cice-consortium-cice.readthedocs.io/en/main/search.html?q=icefields_nml"", ""&icefields_nml"")","=HYPERLINK(""https://cice-consortium-cice.readthedocs.io/en/main/search.html?q=f_fsensn_ai"", ""f_fsensn_ai"")",m,m,m
,"=HYPERLINK(""https://cice-consortium-cice.readthedocs.io/en/main/search.html?q=icefields_nml"", ""&icefields_nml"")","=HYPERLINK(""https://cice-consortium-cice.readthedocs.io/en/main/search.html?q=f_fsurf_ai"", ""f_fsurf_ai"")",x,x,x
,"=HYPERLINK(""https://cice-consortium-cice.readthedocs.io/en/main/search.html?q=icefields_nml"", ""&icefields_nml"")","=HYPERLINK(""https://cice-consortium-cice.readthedocs.io/en/main/search.html?q=f_fsurfn_ai"", ""f_fsurfn_ai"")",m,m,m
,"=HYPERLINK(""https://cice-consortium-cice.readthedocs.io/en/main/search.html?q=icefields_nml"", ""&icefields_nml"")","=HYPERLINK(""https://cice-consortium-cice.readthedocs.io/en/main/search.html?q=f_fswabs"", ""f_fswabs"")",x,x,x
,"=HYPERLINK(""https://cice-consortium-cice.readthedocs.io/en/main/search.html?q=icefields_nml"", ""&icefields_nml"")","=HYPERLINK(""https://cice-consortium-cice.readthedocs.io/en/main/search.html?q=f_fswthru"", ""f_fswthru"")",x,x,x
,"=HYPERLINK(""https://cice-consortium-cice.readthedocs.io/en/main/search.html?q=icefields_nml"", ""&icefields_nml"")","=HYPERLINK(""https://cice-consortium-cice.readthedocs.io/en/main/search.html?q=f_hi"", ""f_hi"")",md,md,md
,"=HYPERLINK(""https://cice-consortium-cice.readthedocs.io/en/main/search.html?q=icefields_nml"", ""&icefields_nml"")","=HYPERLINK(""https://cice-consortium-cice.readthedocs.io/en/main/search.html?q=f_hisnap"", ""f_hisnap"")",x,x,x
,"=HYPERLINK(""https://cice-consortium-cice.readthedocs.io/en/main/search.html?q=icefields_nml"", ""&icefields_nml"")","=HYPERLINK(""https://cice-consortium-cice.readthedocs.io/en/main/search.html?q=f_hs"", ""f_hs"")",md,md,md
,"=HYPERLINK(""https://cice-consortium-cice.readthedocs.io/en/main/search.html?q=icefields_nml"", ""&icefields_nml"")","=HYPERLINK(""https://cice-consortium-cice.readthedocs.io/en/main/search.html?q=f_hte"", ""f_hte"")",False,False,False
,"=HYPERLINK(""https://cice-consortium-cice.readthedocs.io/en/main/search.html?q=icefields_nml"", ""&icefields_nml"")","=HYPERLINK(""https://cice-consortium-cice.readthedocs.io/en/main/search.html?q=f_htn"", ""f_htn"")",False,False,False
,"=HYPERLINK(""https://cice-consortium-cice.readthedocs.io/en/main/search.html?q=icefields_nml"", ""&icefields_nml"")","=HYPERLINK(""https://cice-consortium-cice.readthedocs.io/en/main/search.html?q=f_icedir"", ""f_icedir"")",x,x,x
,"=HYPERLINK(""https://cice-consortium-cice.readthedocs.io/en/main/search.html?q=icefields_nml"", ""&icefields_nml"")","=HYPERLINK(""https://cice-consortium-cice.readthedocs.io/en/main/search.html?q=f_icespd"", ""f_icespd"")",x,x,x
,"=HYPERLINK(""https://cice-consortium-cice.readthedocs.io/en/main/search.html?q=icefields_nml"", ""&icefields_nml"")","=HYPERLINK(""https://cice-consortium-cice.readthedocs.io/en/main/search.html?q=f_mlt_onset"", ""f_mlt_onset"")",x,x,x
,"=HYPERLINK(""https://cice-consortium-cice.readthedocs.io/en/main/search.html?q=icefields_nml"", ""&icefields_nml"")","=HYPERLINK(""https://cice-consortium-cice.readthedocs.io/en/main/search.html?q=f_narea"", ""f_narea"")",False,False,False
,"=HYPERLINK(""https://cice-consortium-cice.readthedocs.io/en/main/search.html?q=icefields_nml"", ""&icefields_nml"")","=HYPERLINK(""https://cice-consortium-cice.readthedocs.io/en/main/search.html?q=f_nlat"", ""f_nlat"")",False,False,False
,"=HYPERLINK(""https://cice-consortium-cice.readthedocs.io/en/main/search.html?q=icefields_nml"", ""&icefields_nml"")","=HYPERLINK(""https://cice-consortium-cice.readthedocs.io/en/main/search.html?q=f_nlon"", ""f_nlon"")",False,False,False
,"=HYPERLINK(""https://cice-consortium-cice.readthedocs.io/en/main/search.html?q=icefields_nml"", ""&icefields_nml"")","=HYPERLINK(""https://cice-consortium-cice.readthedocs.io/en/main/search.html?q=f_nmask"", ""f_nmask"")",False,False,False
,"=HYPERLINK(""https://cice-consortium-cice.readthedocs.io/en/main/search.html?q=icefields_nml"", ""&icefields_nml"")","=HYPERLINK(""https://cice-consortium-cice.readthedocs.io/en/main/search.html?q=f_ocndir"", ""f_ocndir"")",x,x,x
,"=HYPERLINK(""https://cice-consortium-cice.readthedocs.io/en/main/search.html?q=icefields_nml"", ""&icefields_nml"")","=HYPERLINK(""https://cice-consortium-cice.readthedocs.io/en/main/search.html?q=f_ocnspd"", ""f_ocnspd"")",x,x,x
,"=HYPERLINK(""https://cice-consortium-cice.readthedocs.io/en/main/search.html?q=icefields_nml"", ""&icefields_nml"")","=HYPERLINK(""https://cice-consortium-cice.readthedocs.io/en/main/search.html?q=f_qref"", ""f_qref"")",x,x,x
,"=HYPERLINK(""https://cice-consortium-cice.readthedocs.io/en/main/search.html?q=icefields_nml"", ""&icefields_nml"")","=HYPERLINK(""https://cice-consortium-cice.readthedocs.io/en/main/search.html?q=f_rain"", ""f_rain"")",x,x,x
,"=HYPERLINK(""https://cice-consortium-cice.readthedocs.io/en/main/search.html?q=icefields_nml"", ""&icefields_nml"")","=HYPERLINK(""https://cice-consortium-cice.readthedocs.io/en/main/search.html?q=f_sifb"", ""f_sifb"")",md,md,md
,"=HYPERLINK(""https://cice-consortium-cice.readthedocs.io/en/main/search.html?q=icefields_nml"", ""&icefields_nml"")","=HYPERLINK(""https://cice-consortium-cice.readthedocs.io/en/main/search.html?q=f_sig1"", ""f_sig1"")",x,x,x
,"=HYPERLINK(""https://cice-consortium-cice.readthedocs.io/en/main/search.html?q=icefields_nml"", ""&icefields_nml"")","=HYPERLINK(""https://cice-consortium-cice.readthedocs.io/en/main/search.html?q=f_sig2"", ""f_sig2"")",x,x,x
,"=HYPERLINK(""https://cice-consortium-cice.readthedocs.io/en/main/search.html?q=icefields_nml"", ""&icefields_nml"")","=HYPERLINK(""https://cice-consortium-cice.readthedocs.io/en/main/search.html?q=f_sigp"", ""f_sigp"")",x,x,x
,"=HYPERLINK(""https://cice-consortium-cice.readthedocs.io/en/main/search.html?q=icefields_nml"", ""&icefields_nml"")","=HYPERLINK(""https://cice-consortium-cice.readthedocs.io/en/main/search.html?q=f_snoice"", ""f_snoice"")",md,md,md
,"=HYPERLINK(""https://cice-consortium-cice.readthedocs.io/en/main/search.html?q=icefields_nml"", ""&icefields_nml"")","=HYPERLINK(""https://cice-consortium-cice.readthedocs.io/en/main/search.html?q=f_snow"", ""f_snow"")",x,x,x
,"=HYPERLINK(""https://cice-consortium-cice.readthedocs.io/en/main/search.html?q=icefields_nml"", ""&icefields_nml"")","=HYPERLINK(""https://cice-consortium-cice.readthedocs.io/en/main/search.html?q=f_sss"", ""f_sss"")",x,x,x
,"=HYPERLINK(""https://cice-consortium-cice.readthedocs.io/en/main/search.html?q=icefields_nml"", ""&icefields_nml"")","=HYPERLINK(""https://cice-consortium-cice.readthedocs.io/en/main/search.html?q=f_sst"", ""f_sst"")",x,x,x
,"=HYPERLINK(""https://cice-consortium-cice.readthedocs.io/en/main/search.html?q=icefields_nml"", ""&icefields_nml"")","=HYPERLINK(""https://cice-consortium-cice.readthedocs.io/en/main/search.html?q=f_tarea"", ""f_tarea"")",False,False,False
,"=HYPERLINK(""https://cice-consortium-cice.readthedocs.io/en/main/search.html?q=icefields_nml"", ""&icefields_nml"")","=HYPERLINK(""https://cice-consortium-cice.readthedocs.io/en/main/search.html?q=f_taubx"", ""f_taubx"")",x,x,x
,"=HYPERLINK(""https://cice-consortium-cice.readthedocs.io/en/main/search.html?q=icefields_nml"", ""&icefields_nml"")","=HYPERLINK(""https://cice-consortium-cice.readthedocs.io/en/main/search.html?q=f_tauby"", ""f_tauby"")",x,x,x
,"=HYPERLINK(""https://cice-consortium-cice.readthedocs.io/en/main/search.html?q=icefields_nml"", ""&icefields_nml"")","=HYPERLINK(""https://cice-consortium-cice.readthedocs.io/en/main/search.html?q=f_tlat"", ""f_tlat"")",False,False,False
,"=HYPERLINK(""https://cice-consortium-cice.readthedocs.io/en/main/search.html?q=icefields_nml"", ""&icefields_nml"")","=HYPERLINK(""https://cice-consortium-cice.readthedocs.io/en/main/search.html?q=f_tlon"", ""f_tlon"")",False,False,False
,"=HYPERLINK(""https://cice-consortium-cice.readthedocs.io/en/main/search.html?q=icefields_nml"", ""&icefields_nml"")","=HYPERLINK(""https://cice-consortium-cice.readthedocs.io/en/main/search.html?q=f_tmask"", ""f_tmask"")",False,False,False
,"=HYPERLINK(""https://cice-consortium-cice.readthedocs.io/en/main/search.html?q=icefields_nml"", ""&icefields_nml"")","=HYPERLINK(""https://cice-consortium-cice.readthedocs.io/en/main/search.html?q=f_tref"", ""f_tref"")",x,x,x
,"=HYPERLINK(""https://cice-consortium-cice.readthedocs.io/en/main/search.html?q=icefields_nml"", ""&icefields_nml"")","=HYPERLINK(""https://cice-consortium-cice.readthedocs.io/en/main/search.html?q=f_uarea"", ""f_uarea"")",False,False,False
,"=HYPERLINK(""https://cice-consortium-cice.readthedocs.io/en/main/search.html?q=icefields_nml"", ""&icefields_nml"")","=HYPERLINK(""https://cice-consortium-cice.readthedocs.io/en/main/search.html?q=f_ulat"", ""f_ulat"")",False,False,False
,"=HYPERLINK(""https://cice-consortium-cice.readthedocs.io/en/main/search.html?q=icefields_nml"", ""&icefields_nml"")","=HYPERLINK(""https://cice-consortium-cice.readthedocs.io/en/main/search.html?q=f_ulon"", ""f_ulon"")",False,False,False
,"=HYPERLINK(""https://cice-consortium-cice.readthedocs.io/en/main/search.html?q=icefields_nml"", ""&icefields_nml"")","=HYPERLINK(""https://cice-consortium-cice.readthedocs.io/en/main/search.html?q=f_umask"", ""f_umask"")",False,False,False
,"=HYPERLINK(""https://cice-consortium-cice.readthedocs.io/en/main/search.html?q=icefields_nml"", ""&icefields_nml"")","=HYPERLINK(""https://cice-consortium-cice.readthedocs.io/en/main/search.html?q=f_uocn"", ""f_uocn"")",x,x,x
,"=HYPERLINK(""https://cice-consortium-cice.readthedocs.io/en/main/search.html?q=icefields_nml"", ""&icefields_nml"")","=HYPERLINK(""https://cice-consortium-cice.readthedocs.io/en/main/search.html?q=f_uvel"", ""f_uvel"")",md,md,md
,"=HYPERLINK(""https://cice-consortium-cice.readthedocs.io/en/main/search.html?q=icefields_nml"", ""&icefields_nml"")","=HYPERLINK(""https://cice-consortium-cice.readthedocs.io/en/main/search.html?q=f_vicen"", ""f_vicen"")",m,m,m
,"=HYPERLINK(""https://cice-consortium-cice.readthedocs.io/en/main/search.html?q=icefields_nml"", ""&icefields_nml"")","=HYPERLINK(""https://cice-consortium-cice.readthedocs.io/en/main/search.html?q=f_vocn"", ""f_vocn"")",x,x,x
,"=HYPERLINK(""https://cice-consortium-cice.readthedocs.io/en/main/search.html?q=icefields_nml"", ""&icefields_nml"")","=HYPERLINK(""https://cice-consortium-cice.readthedocs.io/en/main/search.html?q=f_vvel"", ""f_vvel"")",md,md,md
,"=HYPERLINK(""https://cice-consortium-cice.readthedocs.io/en/main/search.html?q=icefields_snow_nml"", ""&icefields_snow_nml"")","=HYPERLINK(""https://cice-consortium-cice.readthedocs.io/en/main/search.html?q=f_fsloss"", ""f_fsloss"")",m,m,m
,"=HYPERLINK(""https://cice-consortium-cice.readthedocs.io/en/main/search.html?q=icefields_snow_nml"", ""&icefields_snow_nml"")","=HYPERLINK(""https://cice-consortium-cice.readthedocs.io/en/main/search.html?q=f_meltsliq"", ""f_meltsliq"")",m,m,m
,"=HYPERLINK(""https://cice-consortium-cice.readthedocs.io/en/main/search.html?q=icefields_snow_nml"", ""&icefields_snow_nml"")","=HYPERLINK(""https://cice-consortium-cice.readthedocs.io/en/main/search.html?q=f_rhos_cmp"", ""f_rhos_cmp"")",m,m,m
,"=HYPERLINK(""https://cice-consortium-cice.readthedocs.io/en/main/search.html?q=icefields_snow_nml"", ""&icefields_snow_nml"")","=HYPERLINK(""https://cice-consortium-cice.readthedocs.io/en/main/search.html?q=f_rhos_cnt"", ""f_rhos_cnt"")",m,m,m
,"=HYPERLINK(""https://cice-consortium-cice.readthedocs.io/en/main/search.html?q=icefields_snow_nml"", ""&icefields_snow_nml"")","=HYPERLINK(""https://cice-consortium-cice.readthedocs.io/en/main/search.html?q=f_rsnw"", ""f_rsnw"")",m,m,m
,"=HYPERLINK(""https://cice-consortium-cice.readthedocs.io/en/main/search.html?q=icefields_snow_nml"", ""&icefields_snow_nml"")","=HYPERLINK(""https://cice-consortium-cice.readthedocs.io/en/main/search.html?q=f_smassice"", ""f_smassice"")",m,m,m
,"=HYPERLINK(""https://cice-consortium-cice.readthedocs.io/en/main/search.html?q=icefields_snow_nml"", ""&icefields_snow_nml"")","=HYPERLINK(""https://cice-consortium-cice.readthedocs.io/en/main/search.html?q=f_smassliq"", ""f_smassliq"")",m,m,m
,"=HYPERLINK(""https://cice-consortium-cice.readthedocs.io/en/main/search.html?q=ponds_nml"", ""&ponds_nml"")","=HYPERLINK(""https://cice-consortium-cice.readthedocs.io/en/main/search.html?q=dpscale"", ""dpscale"")",0.001,0.001,0.001
,"=HYPERLINK(""https://cice-consortium-cice.readthedocs.io/en/main/search.html?q=ponds_nml"", ""&ponds_nml"")","=HYPERLINK(""https://cice-consortium-cice.readthedocs.io/en/main/search.html?q=frzpnd"", ""frzpnd"")",hlid,hlid,hlid
,"=HYPERLINK(""https://cice-consortium-cice.readthedocs.io/en/main/search.html?q=ponds_nml"", ""&ponds_nml"")","=HYPERLINK(""https://cice-consortium-cice.readthedocs.io/en/main/search.html?q=rfracmax"", ""rfracmax"")",1.0,1.0,1.0
,"=HYPERLINK(""https://cice-consortium-cice.readthedocs.io/en/main/search.html?q=setup_nml"", ""&setup_nml"")","=HYPERLINK(""https://cice-consortium-cice.readthedocs.io/en/main/search.html?q=bfbflag"", ""bfbflag"")",off,off,off
,"=HYPERLINK(""https://cice-consortium-cice.readthedocs.io/en/main/search.html?q=setup_nml"", ""&setup_nml"")","=HYPERLINK(""https://cice-consortium-cice.readthedocs.io/en/main/search.html?q=conserv_check"", ""conserv_check"")",False,False,False
,"=HYPERLINK(""https://cice-consortium-cice.readthedocs.io/en/main/search.html?q=setup_nml"", ""&setup_nml"")","=HYPERLINK(""https://cice-consortium-cice.readthedocs.io/en/main/search.html?q=diagfreq"", ""diagfreq"")",960,960,960
,"=HYPERLINK(""https://cice-consortium-cice.readthedocs.io/en/main/search.html?q=setup_nml"", ""&setup_nml"")","=HYPERLINK(""https://cice-consortium-cice.readthedocs.io/en/main/search.html?q=dump_last"", ""dump_last"")",True,True,True
,"=HYPERLINK(""https://cice-consortium-cice.readthedocs.io/en/main/search.html?q=setup_nml"", ""&setup_nml"")","=HYPERLINK(""https://cice-consortium-cice.readthedocs.io/en/main/search.html?q=dumpfreq"", ""dumpfreq"")",y,y,y
,"=HYPERLINK(""https://cice-consortium-cice.readthedocs.io/en/main/search.html?q=setup_nml"", ""&setup_nml"")","=HYPERLINK(""https://cice-consortium-cice.readthedocs.io/en/main/search.html?q=hist_suffix"", ""hist_suffix"")","['', 'm', 'x', 'x', 'x']","['', 'm', 'x', 'x', 'x']","['', 'm', 'x', 'x', 'x']"
,"=HYPERLINK(""https://cice-consortium-cice.readthedocs.io/en/main/search.html?q=setup_nml"", ""&setup_nml"")","=HYPERLINK(""https://cice-consortium-cice.readthedocs.io/en/main/search.html?q=hist_time_axis"", ""hist_time_axis"")",middle,middle,middle
,"=HYPERLINK(""https://cice-consortium-cice.readthedocs.io/en/main/search.html?q=setup_nml"", ""&setup_nml"")","=HYPERLINK(""https://cice-consortium-cice.readthedocs.io/en/main/search.html?q=histfreq"", ""histfreq"")","['d', 'm', 'x', 'x', 'x']","['d', 'm', 'x', 'x', 'x']","['d', 'm', 'x', 'x', 'x']"
*,"=HYPERLINK(""https://cice-consortium-cice.readthedocs.io/en/main/search.html?q=setup_nml"", ""&setup_nml"")","=HYPERLINK(""https://cice-consortium-cice.readthedocs.io/en/main/search.html?q=history_chunksize"", ""history_chunksize"")","[180, 150]","[180, 150]","[720, 540]"
,"=HYPERLINK(""https://cice-consortium-cice.readthedocs.io/en/main/search.html?q=setup_nml"", ""&setup_nml"")","=HYPERLINK(""https://cice-consortium-cice.readthedocs.io/en/main/search.html?q=history_deflate"", ""history_deflate"")",1,1,1
,"=HYPERLINK(""https://cice-consortium-cice.readthedocs.io/en/main/search.html?q=setup_nml"", ""&setup_nml"")","=HYPERLINK(""https://cice-consortium-cice.readthedocs.io/en/main/search.html?q=history_precision"", ""history_precision"")",8,8,8
*,"=HYPERLINK(""https://cice-consortium-cice.readthedocs.io/en/main/search.html?q=setup_nml"", ""&setup_nml"")","=HYPERLINK(""https://cice-consortium-cice.readthedocs.io/en/main/search.html?q=ice_ic"", ""ice_ic"")",./INPUT/iced.1900-01-01-10800.nc,./INPUT/iced.1900-01-01-10800.nc,default
,"=HYPERLINK(""https://cice-consortium-cice.readthedocs.io/en/main/search.html?q=setup_nml"", ""&setup_nml"")","=HYPERLINK(""https://cice-consortium-cice.readthedocs.io/en/main/search.html?q=lcdf64"", ""lcdf64"")",False,False,False
,"=HYPERLINK(""https://cice-consortium-cice.readthedocs.io/en/main/search.html?q=setup_nml"", ""&setup_nml"")","=HYPERLINK(""https://cice-consortium-cice.readthedocs.io/en/main/search.html?q=npt"", ""npt"")",35040,35040,35040
,"=HYPERLINK(""https://cice-consortium-cice.readthedocs.io/en/main/search.html?q=setup_nml"", ""&setup_nml"")","=HYPERLINK(""https://cice-consortium-cice.readthedocs.io/en/main/search.html?q=pointer_file"", ""pointer_file"")",./rpointer.ice,./rpointer.ice,./rpointer.ice
,"=HYPERLINK(""https://cice-consortium-cice.readthedocs.io/en/main/search.html?q=setup_nml"", ""&setup_nml"")","=HYPERLINK(""https://cice-consortium-cice.readthedocs.io/en/main/search.html?q=print_global"", ""print_global"")",False,False,False
,"=HYPERLINK(""https://cice-consortium-cice.readthedocs.io/en/main/search.html?q=setup_nml"", ""&setup_nml"")","=HYPERLINK(""https://cice-consortium-cice.readthedocs.io/en/main/search.html?q=restart_deflate"", ""restart_deflate"")",1,1,1
,"=HYPERLINK(""https://cice-consortium-cice.readthedocs.io/en/main/search.html?q=shortwave_nml"", ""&shortwave_nml"")","=HYPERLINK(""https://cice-consortium-cice.readthedocs.io/en/main/search.html?q=ahmax"", ""ahmax"")",0.1,0.1,0.1
,"=HYPERLINK(""https://cice-consortium-cice.readthedocs.io/en/main/search.html?q=shortwave_nml"", ""&shortwave_nml"")","=HYPERLINK(""https://cice-consortium-cice.readthedocs.io/en/main/search.html?q=albicei"", ""albicei"")",0.44,0.44,0.44
,"=HYPERLINK(""https://cice-consortium-cice.readthedocs.io/en/main/search.html?q=shortwave_nml"", ""&shortwave_nml"")","=HYPERLINK(""https://cice-consortium-cice.readthedocs.io/en/main/search.html?q=albicev"", ""albicev"")",0.86,0.86,0.86
,"=HYPERLINK(""https://cice-consortium-cice.readthedocs.io/en/main/search.html?q=shortwave_nml"", ""&shortwave_nml"")","=HYPERLINK(""https://cice-consortium-cice.readthedocs.io/en/main/search.html?q=albsnowi"", ""albsnowi"")",0.7,0.7,0.7
,"=HYPERLINK(""https://cice-consortium-cice.readthedocs.io/en/main/search.html?q=shortwave_nml"", ""&shortwave_nml"")","=HYPERLINK(""https://cice-consortium-cice.readthedocs.io/en/main/search.html?q=albsnowv"", ""albsnowv"")",0.98,0.98,0.98
,"=HYPERLINK(""https://cice-consortium-cice.readthedocs.io/en/main/search.html?q=shortwave_nml"", ""&shortwave_nml"")","=HYPERLINK(""https://cice-consortium-cice.readthedocs.io/en/main/search.html?q=kalg"", ""kalg"")",0.0,0.0,0.0
,"=HYPERLINK(""https://cice-consortium-cice.readthedocs.io/en/main/search.html?q=shortwave_nml"", ""&shortwave_nml"")","=HYPERLINK(""https://cice-consortium-cice.readthedocs.io/en/main/search.html?q=r_snw"", ""r_snw"")",0.0,0.0,0.0
,"=HYPERLINK(""https://cice-consortium-cice.readthedocs.io/en/main/search.html?q=shortwave_nml"", ""&shortwave_nml"")","=HYPERLINK(""https://cice-consortium-cice.readthedocs.io/en/main/search.html?q=sw_redist"", ""sw_redist"")",True,True,True
,"=HYPERLINK(""https://cice-consortium-cice.readthedocs.io/en/main/search.html?q=thermo_nml"", ""&thermo_nml"")","=HYPERLINK(""https://cice-consortium-cice.readthedocs.io/en/main/search.html?q=dsdt_slow_mode"", ""dsdt_slow_mode"")",-5e-08,-5e-08,-5e-08
